[0.000000] (-) TimerEvent: {}
[0.000149] (basic) JobQueued: {'identifier': 'basic', 'dependencies': OrderedDict()}
[0.000187] (livox_ros_driver2) JobQueued: {'identifier': 'livox_ros_driver2', 'dependencies': OrderedDict()}
[0.000262] (livox_sdk2) JobQueued: {'identifier': 'livox_sdk2', 'dependencies': OrderedDict()}
[0.000287] (odin_ros_driver) JobQueued: {'identifier': 'odin_ros_driver', 'dependencies': OrderedDict()}
[0.000308] (super_lio) JobQueued: {'identifier': 'super_lio', 'dependencies': OrderedDict([('basic', '/home/slam/r2_ws/install/basic'), ('livox_ros_driver2', '/home/slam/r2_ws/install/livox_ros_driver2')])}
[0.000352] (basic) JobStarted: {'identifier': 'basic'}
[0.005379] (livox_ros_driver2) JobStarted: {'identifier': 'livox_ros_driver2'}
[0.007388] (livox_sdk2) JobStarted: {'identifier': 'livox_sdk2'}
[0.009382] (odin_ros_driver) JobStarted: {'identifier': 'odin_ros_driver'}
[0.012930] (basic) JobProgress: {'identifier': 'basic', 'progress': 'cmake'}
[0.013316] (basic) Command: {'cmd': ['/usr/bin/cmake', '/home/slam/r2_ws/lidar_ws/src/Super-LIO/src/basic', '-DCMAKE_INSTALL_PREFIX=/home/slam/r2_ws/install/basic'], 'cwd': '/home/slam/r2_ws/build/basic', 'env': OrderedDict([('GJS_DEBUG_TOPICS', 'JS ERROR;JS LOG'), ('LESSOPEN', '| /usr/bin/lesspipe %s'), ('LANGUAGE', 'zh_CN:en'), ('USER', 'slam'), ('LC_TIME', 'en_US.UTF-8'), ('XDG_SESSION_TYPE', 'x11'), ('GIT_ASKPASS', '/usr/share/code/resources/app/extensions/git/dist/askpass.sh'), ('SHLVL', '1'), ('LIBGL_ALWAYS_SOFTWARE', '1'), ('LD_LIBRARY_PATH', '/opt/ros/humble/opt/rviz_ogre_vendor/lib:/opt/ros/humble/lib/x86_64-linux-gnu:/opt/ros/humble/lib'), ('HOME', '/home/slam'), ('CHROME_DESKTOP', 'code.desktop'), ('TERM_PROGRAM_VERSION', '1.106.3'), ('DESKTOP_SESSION', 'ubuntu'), ('GIO_LAUNCHED_DESKTOP_FILE', '/usr/share/applications/code.desktop'), ('ROS_PYTHON_VERSION', '3'), ('GNOME_SHELL_SESSION_MODE', 'ubuntu'), ('GTK_MODULES', 'gail:atk-bridge'), ('VSCODE_GIT_ASKPASS_MAIN', '/usr/share/code/resources/app/extensions/git/dist/askpass-main.js'), ('LC_MONETARY', 'en_US.UTF-8'), ('VSCODE_GIT_ASKPASS_NODE', '/usr/share/code/code'), ('MANAGERPID', '923'), ('SYSTEMD_EXEC_PID', '1397'), ('VSCODE_PYTHON_AUTOACTIVATE_GUARD', '1'), ('DBUS_SESSION_BUS_ADDRESS', 'unix:path=/run/user/1000/bus'), ('COLORTERM', 'truecolor'), ('GIO_LAUNCHED_DESKTOP_FILE_PID', '2132'), ('IM_CONFIG_PHASE', '1'), ('ROS_DISTRO', 'humble'), ('LOGNAME', 'slam'), ('JOURNAL_STREAM', '8:14451'), ('_', '/home/slam/.local/bin/colcon'), ('ROS_VERSION', '2'), ('CLAUDE_CODE_SSE_PORT', '45534'), ('XDG_SESSION_CLASS', 'user'), ('USERNAME', 'slam'), ('TERM', 'xterm-256color'), ('GNOME_DESKTOP_SESSION_ID', 'this-is-deprecated'), ('ROS_LOCALHOST_ONLY', '0'), ('WINDOWPATH', '2'), ('PATH', '/home/slam/.local/bin:/opt/ros/humble/bin:/home/slam/.local/bin:/home/slam/.local/bin:/usr/local/sbin:/usr/local/bin:/usr/sbin:/usr/bin:/sbin:/bin:/usr/games:/usr/local/games:/snap/bin:/snap/bin'), ('SESSION_MANAGER', 'local/robot-mix:@/tmp/.ICE-unix/1373,unix/robot-mix:/tmp/.ICE-unix/1373'), ('INVOCATION_ID', '988bc9d1a0f141bebf1871abfcc9bead'), ('PAPERSIZE', 'letter'), ('XDG_MENU_PREFIX', 'gnome-'), ('LC_ADDRESS', 'en_US.UTF-8'), ('XDG_RUNTIME_DIR', '/run/user/1000'), ('GDK_BACKEND', 'x11'), ('DISPLAY', ':0'), ('LANG', 'zh_CN.UTF-8'), ('XDG_CURRENT_DESKTOP', 'Unity'), ('LC_TELEPHONE', 'en_US.UTF-8'), ('XMODIFIERS', '@im=ibus'), ('XDG_SESSION_DESKTOP', 'ubuntu'), ('XAUTHORITY', '/run/user/1000/gdm/Xauthority'), ('LS_COLORS', 'rs=0:di=01;34:ln=01;36:mh=00:pi=40;33:so=01;35:do=01;35:bd=40;33;01:cd=40;33;01:or=40;31;01:mi=00:su=37;41:sg=30;43:ca=30;41:tw=30;42:ow=34;42:st=37;44:ex=01;32:*.tar=01;31:*.tgz=01;31:*.arc=01;31:*.arj=01;31:*.taz=01;31:*.lha=01;31:*.lz4=01;31:*.lzh=01;31:*.lzma=01;31:*.tlz=01;31:*.txz=01;31:*.tzo=01;31:*.t7z=01;31:*.zip=01;31:*.z=01;31:*.dz=01;31:*.gz=01;31:*.lrz=01;31:*.lz=01;31:*.lzo=01;31:*.xz=01;31:*.zst=01;31:*.tzst=01;31:*.bz2=01;31:*.bz=01;31:*.tbz=01;31:*.tbz2=01;31:*.tz=01;31:*.deb=01;31:*.rpm=01;31:*.jar=01;31:*.war=01;31:*.ear=01;31:*.sar=01;31:*.rar=01;31:*.alz=01;31:*.ace=01;31:*.zoo=01;31:*.cpio=01;31:*.7z=01;31:*.rz=01;31:*.cab=01;31:*.wim=01;31:*.swm=01;31:*.dwm=01;31:*.esd=01;31:*.jpg=01;35:*.jpeg=01;35:*.mjpg=01;35:*.mjpeg=01;35:*.gif=01;35:*.bmp=01;35:*.pbm=01;35:*.pgm=01;35:*.ppm=01;35:*.tga=01;35:*.xbm=01;35:*.xpm=01;35:*.tif=01;35:*.tiff=01;35:*.png=01;35:*.svg=01;35:*.svgz=01;35:*.mng=01;35:*.pcx=01;35:*.mov=01;35:*.mpg=01;35:*.mpeg=01;35:*.m2v=01;35:*.mkv=01;35:*.webm=01;35:*.webp=01;35:*.ogm=01;35:*.mp4=01;35:*.m4v=01;35:*.mp4v=01;35:*.vob=01;35:*.qt=01;35:*.nuv=01;35:*.wmv=01;35:*.asf=01;35:*.rm=01;35:*.rmvb=01;35:*.flc=01;35:*.avi=01;35:*.fli=01;35:*.flv=01;35:*.gl=01;35:*.dl=01;35:*.xcf=01;35:*.xwd=01;35:*.yuv=01;35:*.cgm=01;35:*.emf=01;35:*.ogv=01;35:*.ogx=01;35:*.aac=00;36:*.au=00;36:*.flac=00;36:*.m4a=00;36:*.mid=00;36:*.midi=00;36:*.mka=00;36:*.mp3=00;36:*.mpc=00;36:*.ogg=00;36:*.ra=00;36:*.wav=00;36:*.oga=00;36:*.opus=00;36:*.spx=00;36:*.xspf=00;36:'), ('VSCODE_GIT_IPC_HANDLE', '/run/user/1000/vscode-git-656e967976.sock'), ('TERM_PROGRAM', 'vscode'), ('SSH_AGENT_LAUNCHER', 'gnome-keyring'), ('SSH_AUTH_SOCK', '/run/user/1000/keyring/ssh'), ('AMENT_PREFIX_PATH', '/opt/ros/humble'), ('ORIGINAL_XDG_CURRENT_DESKTOP', 'ubuntu:GNOME'), ('SHELL', '/bin/bash'), ('LC_NAME', 'en_US.UTF-8'), ('QT_ACCESSIBILITY', '1'), ('GDMSESSION', 'ubuntu'), ('LESSCLOSE', '/usr/bin/lesspipe %s %s'), ('LC_MEASUREMENT', 'en_US.UTF-8'), ('GPG_AGENT_INFO', '/run/user/1000/gnupg/S.gpg-agent:0:1'), ('GJS_DEBUG_OUTPUT', 'stderr'), ('LC_IDENTIFICATION', 'en_US.UTF-8'), ('VSCODE_GIT_ASKPASS_EXTRA_ARGS', ''), ('QT_IM_MODULE', 'ibus'), ('PWD', '/home/slam/r2_ws/build/basic'), ('QT_QPA_PLATFORM', 'xcb'), ('LC_ALL', 'en_US.UTF-8'), ('XDG_CONFIG_DIRS', '/etc/xdg/xdg-ubuntu:/etc/xdg'), ('XDG_DATA_DIRS', '/usr/share/gnome:/usr/share/ubuntu:/usr/local/share/:/usr/share/:/var/lib/snapd/desktop'), ('PYTHONPATH', '/opt/ros/humble/lib/python3.10/site-packages:/opt/ros/humble/local/lib/python3.10/dist-packages'), ('LC_NUMERIC', 'en_US.UTF-8'), ('LC_PAPER', 'en_US.UTF-8'), ('COLCON', '1'), ('CMAKE_PREFIX_PATH', '/opt/ros/humble')]), 'shell': False}
[0.015710] (livox_ros_driver2) JobProgress: {'identifier': 'livox_ros_driver2', 'progress': 'cmake'}
[0.016016] (livox_ros_driver2) Command: {'cmd': ['/usr/bin/cmake', '/home/slam/r2_ws/lidar_ws/src/livox_ros_driver2', '-DCMAKE_INSTALL_PREFIX=/home/slam/r2_ws/install/livox_ros_driver2'], 'cwd': '/home/slam/r2_ws/build/livox_ros_driver2', 'env': OrderedDict([('GJS_DEBUG_TOPICS', 'JS ERROR;JS LOG'), ('LESSOPEN', '| /usr/bin/lesspipe %s'), ('LANGUAGE', 'zh_CN:en'), ('USER', 'slam'), ('LC_TIME', 'en_US.UTF-8'), ('XDG_SESSION_TYPE', 'x11'), ('GIT_ASKPASS', '/usr/share/code/resources/app/extensions/git/dist/askpass.sh'), ('SHLVL', '1'), ('LIBGL_ALWAYS_SOFTWARE', '1'), ('LD_LIBRARY_PATH', '/opt/ros/humble/opt/rviz_ogre_vendor/lib:/opt/ros/humble/lib/x86_64-linux-gnu:/opt/ros/humble/lib'), ('HOME', '/home/slam'), ('CHROME_DESKTOP', 'code.desktop'), ('TERM_PROGRAM_VERSION', '1.106.3'), ('DESKTOP_SESSION', 'ubuntu'), ('GIO_LAUNCHED_DESKTOP_FILE', '/usr/share/applications/code.desktop'), ('ROS_PYTHON_VERSION', '3'), ('GNOME_SHELL_SESSION_MODE', 'ubuntu'), ('GTK_MODULES', 'gail:atk-bridge'), ('VSCODE_GIT_ASKPASS_MAIN', '/usr/share/code/resources/app/extensions/git/dist/askpass-main.js'), ('LC_MONETARY', 'en_US.UTF-8'), ('VSCODE_GIT_ASKPASS_NODE', '/usr/share/code/code'), ('MANAGERPID', '923'), ('SYSTEMD_EXEC_PID', '1397'), ('VSCODE_PYTHON_AUTOACTIVATE_GUARD', '1'), ('DBUS_SESSION_BUS_ADDRESS', 'unix:path=/run/user/1000/bus'), ('COLORTERM', 'truecolor'), ('GIO_LAUNCHED_DESKTOP_FILE_PID', '2132'), ('IM_CONFIG_PHASE', '1'), ('ROS_DISTRO', 'humble'), ('LOGNAME', 'slam'), ('JOURNAL_STREAM', '8:14451'), ('_', '/home/slam/.local/bin/colcon'), ('ROS_VERSION', '2'), ('CLAUDE_CODE_SSE_PORT', '45534'), ('XDG_SESSION_CLASS', 'user'), ('USERNAME', 'slam'), ('TERM', 'xterm-256color'), ('GNOME_DESKTOP_SESSION_ID', 'this-is-deprecated'), ('ROS_LOCALHOST_ONLY', '0'), ('WINDOWPATH', '2'), ('PATH', '/home/slam/.local/bin:/opt/ros/humble/bin:/home/slam/.local/bin:/home/slam/.local/bin:/usr/local/sbin:/usr/local/bin:/usr/sbin:/usr/bin:/sbin:/bin:/usr/games:/usr/local/games:/snap/bin:/snap/bin'), ('SESSION_MANAGER', 'local/robot-mix:@/tmp/.ICE-unix/1373,unix/robot-mix:/tmp/.ICE-unix/1373'), ('INVOCATION_ID', '988bc9d1a0f141bebf1871abfcc9bead'), ('PAPERSIZE', 'letter'), ('XDG_MENU_PREFIX', 'gnome-'), ('LC_ADDRESS', 'en_US.UTF-8'), ('XDG_RUNTIME_DIR', '/run/user/1000'), ('GDK_BACKEND', 'x11'), ('DISPLAY', ':0'), ('LANG', 'zh_CN.UTF-8'), ('XDG_CURRENT_DESKTOP', 'Unity'), ('LC_TELEPHONE', 'en_US.UTF-8'), ('XMODIFIERS', '@im=ibus'), ('XDG_SESSION_DESKTOP', 'ubuntu'), ('XAUTHORITY', '/run/user/1000/gdm/Xauthority'), ('LS_COLORS', 'rs=0:di=01;34:ln=01;36:mh=00:pi=40;33:so=01;35:do=01;35:bd=40;33;01:cd=40;33;01:or=40;31;01:mi=00:su=37;41:sg=30;43:ca=30;41:tw=30;42:ow=34;42:st=37;44:ex=01;32:*.tar=01;31:*.tgz=01;31:*.arc=01;31:*.arj=01;31:*.taz=01;31:*.lha=01;31:*.lz4=01;31:*.lzh=01;31:*.lzma=01;31:*.tlz=01;31:*.txz=01;31:*.tzo=01;31:*.t7z=01;31:*.zip=01;31:*.z=01;31:*.dz=01;31:*.gz=01;31:*.lrz=01;31:*.lz=01;31:*.lzo=01;31:*.xz=01;31:*.zst=01;31:*.tzst=01;31:*.bz2=01;31:*.bz=01;31:*.tbz=01;31:*.tbz2=01;31:*.tz=01;31:*.deb=01;31:*.rpm=01;31:*.jar=01;31:*.war=01;31:*.ear=01;31:*.sar=01;31:*.rar=01;31:*.alz=01;31:*.ace=01;31:*.zoo=01;31:*.cpio=01;31:*.7z=01;31:*.rz=01;31:*.cab=01;31:*.wim=01;31:*.swm=01;31:*.dwm=01;31:*.esd=01;31:*.jpg=01;35:*.jpeg=01;35:*.mjpg=01;35:*.mjpeg=01;35:*.gif=01;35:*.bmp=01;35:*.pbm=01;35:*.pgm=01;35:*.ppm=01;35:*.tga=01;35:*.xbm=01;35:*.xpm=01;35:*.tif=01;35:*.tiff=01;35:*.png=01;35:*.svg=01;35:*.svgz=01;35:*.mng=01;35:*.pcx=01;35:*.mov=01;35:*.mpg=01;35:*.mpeg=01;35:*.m2v=01;35:*.mkv=01;35:*.webm=01;35:*.webp=01;35:*.ogm=01;35:*.mp4=01;35:*.m4v=01;35:*.mp4v=01;35:*.vob=01;35:*.qt=01;35:*.nuv=01;35:*.wmv=01;35:*.asf=01;35:*.rm=01;35:*.rmvb=01;35:*.flc=01;35:*.avi=01;35:*.fli=01;35:*.flv=01;35:*.gl=01;35:*.dl=01;35:*.xcf=01;35:*.xwd=01;35:*.yuv=01;35:*.cgm=01;35:*.emf=01;35:*.ogv=01;35:*.ogx=01;35:*.aac=00;36:*.au=00;36:*.flac=00;36:*.m4a=00;36:*.mid=00;36:*.midi=00;36:*.mka=00;36:*.mp3=00;36:*.mpc=00;36:*.ogg=00;36:*.ra=00;36:*.wav=00;36:*.oga=00;36:*.opus=00;36:*.spx=00;36:*.xspf=00;36:'), ('VSCODE_GIT_IPC_HANDLE', '/run/user/1000/vscode-git-656e967976.sock'), ('TERM_PROGRAM', 'vscode'), ('SSH_AGENT_LAUNCHER', 'gnome-keyring'), ('SSH_AUTH_SOCK', '/run/user/1000/keyring/ssh'), ('AMENT_PREFIX_PATH', '/opt/ros/humble'), ('ORIGINAL_XDG_CURRENT_DESKTOP', 'ubuntu:GNOME'), ('SHELL', '/bin/bash'), ('LC_NAME', 'en_US.UTF-8'), ('QT_ACCESSIBILITY', '1'), ('GDMSESSION', 'ubuntu'), ('LESSCLOSE', '/usr/bin/lesspipe %s %s'), ('LC_MEASUREMENT', 'en_US.UTF-8'), ('GPG_AGENT_INFO', '/run/user/1000/gnupg/S.gpg-agent:0:1'), ('GJS_DEBUG_OUTPUT', 'stderr'), ('LC_IDENTIFICATION', 'en_US.UTF-8'), ('VSCODE_GIT_ASKPASS_EXTRA_ARGS', ''), ('QT_IM_MODULE', 'ibus'), ('PWD', '/home/slam/r2_ws/build/livox_ros_driver2'), ('QT_QPA_PLATFORM', 'xcb'), ('LC_ALL', 'en_US.UTF-8'), ('XDG_CONFIG_DIRS', '/etc/xdg/xdg-ubuntu:/etc/xdg'), ('XDG_DATA_DIRS', '/usr/share/gnome:/usr/share/ubuntu:/usr/local/share/:/usr/share/:/var/lib/snapd/desktop'), ('PYTHONPATH', '/opt/ros/humble/lib/python3.10/site-packages:/opt/ros/humble/local/lib/python3.10/dist-packages'), ('LC_NUMERIC', 'en_US.UTF-8'), ('LC_PAPER', 'en_US.UTF-8'), ('COLCON', '1'), ('CMAKE_PREFIX_PATH', '/opt/ros/humble')]), 'shell': False}
[0.017682] (livox_sdk2) JobProgress: {'identifier': 'livox_sdk2', 'progress': 'cmake'}
[0.017735] (livox_sdk2) Command: {'cmd': ['/usr/bin/cmake', '/home/slam/r2_ws/lidar_ws/Livox-SDK2', '-DCMAKE_INSTALL_PREFIX=/home/slam/r2_ws/install/livox_sdk2'], 'cwd': '/home/slam/r2_ws/build/livox_sdk2', 'env': OrderedDict([('GJS_DEBUG_TOPICS', 'JS ERROR;JS LOG'), ('LESSOPEN', '| /usr/bin/lesspipe %s'), ('LANGUAGE', 'zh_CN:en'), ('USER', 'slam'), ('LC_TIME', 'en_US.UTF-8'), ('XDG_SESSION_TYPE', 'x11'), ('GIT_ASKPASS', '/usr/share/code/resources/app/extensions/git/dist/askpass.sh'), ('SHLVL', '1'), ('LIBGL_ALWAYS_SOFTWARE', '1'), ('LD_LIBRARY_PATH', '/opt/ros/humble/opt/rviz_ogre_vendor/lib:/opt/ros/humble/lib/x86_64-linux-gnu:/opt/ros/humble/lib'), ('HOME', '/home/slam'), ('CHROME_DESKTOP', 'code.desktop'), ('TERM_PROGRAM_VERSION', '1.106.3'), ('DESKTOP_SESSION', 'ubuntu'), ('GIO_LAUNCHED_DESKTOP_FILE', '/usr/share/applications/code.desktop'), ('ROS_PYTHON_VERSION', '3'), ('GNOME_SHELL_SESSION_MODE', 'ubuntu'), ('GTK_MODULES', 'gail:atk-bridge'), ('VSCODE_GIT_ASKPASS_MAIN', '/usr/share/code/resources/app/extensions/git/dist/askpass-main.js'), ('LC_MONETARY', 'en_US.UTF-8'), ('VSCODE_GIT_ASKPASS_NODE', '/usr/share/code/code'), ('MANAGERPID', '923'), ('SYSTEMD_EXEC_PID', '1397'), ('VSCODE_PYTHON_AUTOACTIVATE_GUARD', '1'), ('DBUS_SESSION_BUS_ADDRESS', 'unix:path=/run/user/1000/bus'), ('COLORTERM', 'truecolor'), ('GIO_LAUNCHED_DESKTOP_FILE_PID', '2132'), ('IM_CONFIG_PHASE', '1'), ('ROS_DISTRO', 'humble'), ('LOGNAME', 'slam'), ('JOURNAL_STREAM', '8:14451'), ('_', '/home/slam/.local/bin/colcon'), ('ROS_VERSION', '2'), ('CLAUDE_CODE_SSE_PORT', '45534'), ('XDG_SESSION_CLASS', 'user'), ('USERNAME', 'slam'), ('TERM', 'xterm-256color'), ('GNOME_DESKTOP_SESSION_ID', 'this-is-deprecated'), ('ROS_LOCALHOST_ONLY', '0'), ('WINDOWPATH', '2'), ('PATH', '/home/slam/.local/bin:/opt/ros/humble/bin:/home/slam/.local/bin:/home/slam/.local/bin:/usr/local/sbin:/usr/local/bin:/usr/sbin:/usr/bin:/sbin:/bin:/usr/games:/usr/local/games:/snap/bin:/snap/bin'), ('SESSION_MANAGER', 'local/robot-mix:@/tmp/.ICE-unix/1373,unix/robot-mix:/tmp/.ICE-unix/1373'), ('INVOCATION_ID', '988bc9d1a0f141bebf1871abfcc9bead'), ('PAPERSIZE', 'letter'), ('XDG_MENU_PREFIX', 'gnome-'), ('LC_ADDRESS', 'en_US.UTF-8'), ('XDG_RUNTIME_DIR', '/run/user/1000'), ('GDK_BACKEND', 'x11'), ('DISPLAY', ':0'), ('LANG', 'zh_CN.UTF-8'), ('XDG_CURRENT_DESKTOP', 'Unity'), ('LC_TELEPHONE', 'en_US.UTF-8'), ('XMODIFIERS', '@im=ibus'), ('XDG_SESSION_DESKTOP', 'ubuntu'), ('XAUTHORITY', '/run/user/1000/gdm/Xauthority'), ('LS_COLORS', 'rs=0:di=01;34:ln=01;36:mh=00:pi=40;33:so=01;35:do=01;35:bd=40;33;01:cd=40;33;01:or=40;31;01:mi=00:su=37;41:sg=30;43:ca=30;41:tw=30;42:ow=34;42:st=37;44:ex=01;32:*.tar=01;31:*.tgz=01;31:*.arc=01;31:*.arj=01;31:*.taz=01;31:*.lha=01;31:*.lz4=01;31:*.lzh=01;31:*.lzma=01;31:*.tlz=01;31:*.txz=01;31:*.tzo=01;31:*.t7z=01;31:*.zip=01;31:*.z=01;31:*.dz=01;31:*.gz=01;31:*.lrz=01;31:*.lz=01;31:*.lzo=01;31:*.xz=01;31:*.zst=01;31:*.tzst=01;31:*.bz2=01;31:*.bz=01;31:*.tbz=01;31:*.tbz2=01;31:*.tz=01;31:*.deb=01;31:*.rpm=01;31:*.jar=01;31:*.war=01;31:*.ear=01;31:*.sar=01;31:*.rar=01;31:*.alz=01;31:*.ace=01;31:*.zoo=01;31:*.cpio=01;31:*.7z=01;31:*.rz=01;31:*.cab=01;31:*.wim=01;31:*.swm=01;31:*.dwm=01;31:*.esd=01;31:*.jpg=01;35:*.jpeg=01;35:*.mjpg=01;35:*.mjpeg=01;35:*.gif=01;35:*.bmp=01;35:*.pbm=01;35:*.pgm=01;35:*.ppm=01;35:*.tga=01;35:*.xbm=01;35:*.xpm=01;35:*.tif=01;35:*.tiff=01;35:*.png=01;35:*.svg=01;35:*.svgz=01;35:*.mng=01;35:*.pcx=01;35:*.mov=01;35:*.mpg=01;35:*.mpeg=01;35:*.m2v=01;35:*.mkv=01;35:*.webm=01;35:*.webp=01;35:*.ogm=01;35:*.mp4=01;35:*.m4v=01;35:*.mp4v=01;35:*.vob=01;35:*.qt=01;35:*.nuv=01;35:*.wmv=01;35:*.asf=01;35:*.rm=01;35:*.rmvb=01;35:*.flc=01;35:*.avi=01;35:*.fli=01;35:*.flv=01;35:*.gl=01;35:*.dl=01;35:*.xcf=01;35:*.xwd=01;35:*.yuv=01;35:*.cgm=01;35:*.emf=01;35:*.ogv=01;35:*.ogx=01;35:*.aac=00;36:*.au=00;36:*.flac=00;36:*.m4a=00;36:*.mid=00;36:*.midi=00;36:*.mka=00;36:*.mp3=00;36:*.mpc=00;36:*.ogg=00;36:*.ra=00;36:*.wav=00;36:*.oga=00;36:*.opus=00;36:*.spx=00;36:*.xspf=00;36:'), ('VSCODE_GIT_IPC_HANDLE', '/run/user/1000/vscode-git-656e967976.sock'), ('TERM_PROGRAM', 'vscode'), ('SSH_AGENT_LAUNCHER', 'gnome-keyring'), ('SSH_AUTH_SOCK', '/run/user/1000/keyring/ssh'), ('AMENT_PREFIX_PATH', '/opt/ros/humble'), ('ORIGINAL_XDG_CURRENT_DESKTOP', 'ubuntu:GNOME'), ('SHELL', '/bin/bash'), ('LC_NAME', 'en_US.UTF-8'), ('QT_ACCESSIBILITY', '1'), ('GDMSESSION', 'ubuntu'), ('LESSCLOSE', '/usr/bin/lesspipe %s %s'), ('LC_MEASUREMENT', 'en_US.UTF-8'), ('GPG_AGENT_INFO', '/run/user/1000/gnupg/S.gpg-agent:0:1'), ('GJS_DEBUG_OUTPUT', 'stderr'), ('LC_IDENTIFICATION', 'en_US.UTF-8'), ('VSCODE_GIT_ASKPASS_EXTRA_ARGS', ''), ('QT_IM_MODULE', 'ibus'), ('PWD', '/home/slam/r2_ws/build/livox_sdk2'), ('QT_QPA_PLATFORM', 'xcb'), ('LC_ALL', 'en_US.UTF-8'), ('XDG_CONFIG_DIRS', '/etc/xdg/xdg-ubuntu:/etc/xdg'), ('XDG_DATA_DIRS', '/usr/share/gnome:/usr/share/ubuntu:/usr/local/share/:/usr/share/:/var/lib/snapd/desktop'), ('PYTHONPATH', '/opt/ros/humble/lib/python3.10/site-packages:/opt/ros/humble/local/lib/python3.10/dist-packages'), ('LC_NUMERIC', 'en_US.UTF-8'), ('LC_PAPER', 'en_US.UTF-8'), ('COLCON', '1')]), 'shell': False}
[0.019542] (odin_ros_driver) JobProgress: {'identifier': 'odin_ros_driver', 'progress': 'cmake'}
[0.019836] (odin_ros_driver) Command: {'cmd': ['/usr/bin/cmake', '/home/slam/r2_ws/odin1_ws/src/odin_ros_driver', '-DCMAKE_INSTALL_PREFIX=/home/slam/r2_ws/install/odin_ros_driver'], 'cwd': '/home/slam/r2_ws/build/odin_ros_driver', 'env': OrderedDict([('GJS_DEBUG_TOPICS', 'JS ERROR;JS LOG'), ('LESSOPEN', '| /usr/bin/lesspipe %s'), ('LANGUAGE', 'zh_CN:en'), ('USER', 'slam'), ('LC_TIME', 'en_US.UTF-8'), ('XDG_SESSION_TYPE', 'x11'), ('GIT_ASKPASS', '/usr/share/code/resources/app/extensions/git/dist/askpass.sh'), ('SHLVL', '1'), ('LIBGL_ALWAYS_SOFTWARE', '1'), ('LD_LIBRARY_PATH', '/opt/ros/humble/opt/rviz_ogre_vendor/lib:/opt/ros/humble/lib/x86_64-linux-gnu:/opt/ros/humble/lib'), ('HOME', '/home/slam'), ('CHROME_DESKTOP', 'code.desktop'), ('TERM_PROGRAM_VERSION', '1.106.3'), ('DESKTOP_SESSION', 'ubuntu'), ('GIO_LAUNCHED_DESKTOP_FILE', '/usr/share/applications/code.desktop'), ('ROS_PYTHON_VERSION', '3'), ('GNOME_SHELL_SESSION_MODE', 'ubuntu'), ('GTK_MODULES', 'gail:atk-bridge'), ('VSCODE_GIT_ASKPASS_MAIN', '/usr/share/code/resources/app/extensions/git/dist/askpass-main.js'), ('LC_MONETARY', 'en_US.UTF-8'), ('VSCODE_GIT_ASKPASS_NODE', '/usr/share/code/code'), ('MANAGERPID', '923'), ('SYSTEMD_EXEC_PID', '1397'), ('VSCODE_PYTHON_AUTOACTIVATE_GUARD', '1'), ('DBUS_SESSION_BUS_ADDRESS', 'unix:path=/run/user/1000/bus'), ('COLORTERM', 'truecolor'), ('GIO_LAUNCHED_DESKTOP_FILE_PID', '2132'), ('IM_CONFIG_PHASE', '1'), ('ROS_DISTRO', 'humble'), ('LOGNAME', 'slam'), ('JOURNAL_STREAM', '8:14451'), ('_', '/home/slam/.local/bin/colcon'), ('ROS_VERSION', '2'), ('CLAUDE_CODE_SSE_PORT', '45534'), ('XDG_SESSION_CLASS', 'user'), ('USERNAME', 'slam'), ('TERM', 'xterm-256color'), ('GNOME_DESKTOP_SESSION_ID', 'this-is-deprecated'), ('ROS_LOCALHOST_ONLY', '0'), ('WINDOWPATH', '2'), ('PATH', '/home/slam/.local/bin:/opt/ros/humble/bin:/home/slam/.local/bin:/home/slam/.local/bin:/usr/local/sbin:/usr/local/bin:/usr/sbin:/usr/bin:/sbin:/bin:/usr/games:/usr/local/games:/snap/bin:/snap/bin'), ('SESSION_MANAGER', 'local/robot-mix:@/tmp/.ICE-unix/1373,unix/robot-mix:/tmp/.ICE-unix/1373'), ('INVOCATION_ID', '988bc9d1a0f141bebf1871abfcc9bead'), ('PAPERSIZE', 'letter'), ('XDG_MENU_PREFIX', 'gnome-'), ('LC_ADDRESS', 'en_US.UTF-8'), ('XDG_RUNTIME_DIR', '/run/user/1000'), ('GDK_BACKEND', 'x11'), ('DISPLAY', ':0'), ('LANG', 'zh_CN.UTF-8'), ('XDG_CURRENT_DESKTOP', 'Unity'), ('LC_TELEPHONE', 'en_US.UTF-8'), ('XMODIFIERS', '@im=ibus'), ('XDG_SESSION_DESKTOP', 'ubuntu'), ('XAUTHORITY', '/run/user/1000/gdm/Xauthority'), ('LS_COLORS', 'rs=0:di=01;34:ln=01;36:mh=00:pi=40;33:so=01;35:do=01;35:bd=40;33;01:cd=40;33;01:or=40;31;01:mi=00:su=37;41:sg=30;43:ca=30;41:tw=30;42:ow=34;42:st=37;44:ex=01;32:*.tar=01;31:*.tgz=01;31:*.arc=01;31:*.arj=01;31:*.taz=01;31:*.lha=01;31:*.lz4=01;31:*.lzh=01;31:*.lzma=01;31:*.tlz=01;31:*.txz=01;31:*.tzo=01;31:*.t7z=01;31:*.zip=01;31:*.z=01;31:*.dz=01;31:*.gz=01;31:*.lrz=01;31:*.lz=01;31:*.lzo=01;31:*.xz=01;31:*.zst=01;31:*.tzst=01;31:*.bz2=01;31:*.bz=01;31:*.tbz=01;31:*.tbz2=01;31:*.tz=01;31:*.deb=01;31:*.rpm=01;31:*.jar=01;31:*.war=01;31:*.ear=01;31:*.sar=01;31:*.rar=01;31:*.alz=01;31:*.ace=01;31:*.zoo=01;31:*.cpio=01;31:*.7z=01;31:*.rz=01;31:*.cab=01;31:*.wim=01;31:*.swm=01;31:*.dwm=01;31:*.esd=01;31:*.jpg=01;35:*.jpeg=01;35:*.mjpg=01;35:*.mjpeg=01;35:*.gif=01;35:*.bmp=01;35:*.pbm=01;35:*.pgm=01;35:*.ppm=01;35:*.tga=01;35:*.xbm=01;35:*.xpm=01;35:*.tif=01;35:*.tiff=01;35:*.png=01;35:*.svg=01;35:*.svgz=01;35:*.mng=01;35:*.pcx=01;35:*.mov=01;35:*.mpg=01;35:*.mpeg=01;35:*.m2v=01;35:*.mkv=01;35:*.webm=01;35:*.webp=01;35:*.ogm=01;35:*.mp4=01;35:*.m4v=01;35:*.mp4v=01;35:*.vob=01;35:*.qt=01;35:*.nuv=01;35:*.wmv=01;35:*.asf=01;35:*.rm=01;35:*.rmvb=01;35:*.flc=01;35:*.avi=01;35:*.fli=01;35:*.flv=01;35:*.gl=01;35:*.dl=01;35:*.xcf=01;35:*.xwd=01;35:*.yuv=01;35:*.cgm=01;35:*.emf=01;35:*.ogv=01;35:*.ogx=01;35:*.aac=00;36:*.au=00;36:*.flac=00;36:*.m4a=00;36:*.mid=00;36:*.midi=00;36:*.mka=00;36:*.mp3=00;36:*.mpc=00;36:*.ogg=00;36:*.ra=00;36:*.wav=00;36:*.oga=00;36:*.opus=00;36:*.spx=00;36:*.xspf=00;36:'), ('VSCODE_GIT_IPC_HANDLE', '/run/user/1000/vscode-git-656e967976.sock'), ('TERM_PROGRAM', 'vscode'), ('SSH_AGENT_LAUNCHER', 'gnome-keyring'), ('SSH_AUTH_SOCK', '/run/user/1000/keyring/ssh'), ('AMENT_PREFIX_PATH', '/opt/ros/humble'), ('ORIGINAL_XDG_CURRENT_DESKTOP', 'ubuntu:GNOME'), ('SHELL', '/bin/bash'), ('LC_NAME', 'en_US.UTF-8'), ('QT_ACCESSIBILITY', '1'), ('GDMSESSION', 'ubuntu'), ('LESSCLOSE', '/usr/bin/lesspipe %s %s'), ('LC_MEASUREMENT', 'en_US.UTF-8'), ('GPG_AGENT_INFO', '/run/user/1000/gnupg/S.gpg-agent:0:1'), ('GJS_DEBUG_OUTPUT', 'stderr'), ('LC_IDENTIFICATION', 'en_US.UTF-8'), ('VSCODE_GIT_ASKPASS_EXTRA_ARGS', ''), ('QT_IM_MODULE', 'ibus'), ('PWD', '/home/slam/r2_ws/build/odin_ros_driver'), ('QT_QPA_PLATFORM', 'xcb'), ('LC_ALL', 'en_US.UTF-8'), ('XDG_CONFIG_DIRS', '/etc/xdg/xdg-ubuntu:/etc/xdg'), ('XDG_DATA_DIRS', '/usr/share/gnome:/usr/share/ubuntu:/usr/local/share/:/usr/share/:/var/lib/snapd/desktop'), ('PYTHONPATH', '/opt/ros/humble/lib/python3.10/site-packages:/opt/ros/humble/local/lib/python3.10/dist-packages'), ('LC_NUMERIC', 'en_US.UTF-8'), ('LC_PAPER', 'en_US.UTF-8'), ('COLCON', '1'), ('CMAKE_PREFIX_PATH', '/opt/ros/humble')]), 'shell': False}
[0.099575] (-) TimerEvent: {}
[0.124873] (livox_sdk2) StdoutLine: {'line': b'-- The C compiler identification is GNU 11.4.0\n'}
[0.127642] (livox_ros_driver2) StdoutLine: {'line': b'-- The C compiler identification is GNU 11.4.0\n'}
[0.128220] (odin_ros_driver) StdoutLine: {'line': b'-- The C compiler identification is GNU 11.4.0\n'}
[0.135162] (basic) StdoutLine: {'line': b'-- The CXX compiler identification is GNU 11.4.0\n'}
[0.166759] (basic) StdoutLine: {'line': b'-- The C compiler identification is GNU 11.4.0\n'}
[0.170207] (odin_ros_driver) StdoutLine: {'line': b'-- The CXX compiler identification is GNU 11.4.0\n'}
[0.173645] (basic) StdoutLine: {'line': b'-- Detecting CXX compiler ABI info\n'}
[0.174949] (livox_ros_driver2) StdoutLine: {'line': b'-- The CXX compiler identification is GNU 11.4.0\n'}
[0.177191] (livox_sdk2) StdoutLine: {'line': b'-- The CXX compiler identification is GNU 11.4.0\n'}
[0.177326] (odin_ros_driver) StdoutLine: {'line': b'-- Detecting C compiler ABI info\n'}
[0.179983] (livox_ros_driver2) StdoutLine: {'line': b'-- Detecting C compiler ABI info\n'}
[0.183217] (livox_sdk2) StdoutLine: {'line': b'-- Detecting C compiler ABI info\n'}
[0.199716] (-) TimerEvent: {}
[0.228279] (odin_ros_driver) StdoutLine: {'line': b'-- Detecting C compiler ABI info - done\n'}
[0.234822] (odin_ros_driver) StdoutLine: {'line': b'-- Check for working C compiler: /usr/bin/cc - skipped\n'}
[0.235167] (odin_ros_driver) StdoutLine: {'line': b'-- Detecting C compile features\n'}
[0.235646] (odin_ros_driver) StdoutLine: {'line': b'-- Detecting C compile features - done\n'}
[0.237754] (odin_ros_driver) StdoutLine: {'line': b'-- Detecting CXX compiler ABI info\n'}
[0.238216] (livox_sdk2) StdoutLine: {'line': b'-- Detecting C compiler ABI info - done\n'}
[0.238449] (livox_ros_driver2) StdoutLine: {'line': b'-- Detecting C compiler ABI info - done\n'}
[0.242321] (basic) StdoutLine: {'line': b'-- Detecting CXX compiler ABI info - done\n'}
[0.244855] (livox_ros_driver2) StdoutLine: {'line': b'-- Check for working C compiler: /usr/bin/cc - skipped\n'}
[0.245096] (livox_ros_driver2) StdoutLine: {'line': b'-- Detecting C compile features\n'}
[0.245278] (livox_sdk2) StdoutLine: {'line': b'-- Check for working C compiler: /usr/bin/cc - skipped\n'}
[0.245423] (livox_sdk2) StdoutLine: {'line': b'-- Detecting C compile features\n'}
[0.245517] (livox_ros_driver2) StdoutLine: {'line': b'-- Detecting C compile features - done\n'}
[0.245710] (livox_sdk2) StdoutLine: {'line': b'-- Detecting C compile features - done\n'}
[0.247810] (livox_ros_driver2) StdoutLine: {'line': b'-- Detecting CXX compiler ABI info\n'}
[0.248430] (basic) StdoutLine: {'line': b'-- Check for working CXX compiler: /usr/bin/c++ - skipped\n'}
[0.248555] (livox_sdk2) StdoutLine: {'line': b'-- Detecting CXX compiler ABI info\n'}
[0.248666] (basic) StdoutLine: {'line': b'-- Detecting CXX compile features\n'}
[0.249008] (basic) StdoutLine: {'line': b'-- Detecting CXX compile features - done\n'}
[0.251072] (basic) StdoutLine: {'line': b'-- Detecting C compiler ABI info\n'}
[0.296168] (basic) StdoutLine: {'line': b'-- Detecting C compiler ABI info - done\n'}
[0.299782] (-) TimerEvent: {}
[0.301212] (basic) StdoutLine: {'line': b'-- Check for working C compiler: /usr/bin/cc - skipped\n'}
[0.301402] (basic) StdoutLine: {'line': b'-- Detecting C compile features\n'}
[0.301668] (basic) StdoutLine: {'line': b'-- Detecting C compile features - done\n'}
[0.304488] (basic) StdoutLine: {'line': b'-- Found ament_cmake: 1.3.14 (/opt/ros/humble/share/ament_cmake/cmake)\n'}
[0.304762] (odin_ros_driver) StdoutLine: {'line': b'-- Detecting CXX compiler ABI info - done\n'}
[0.307306] (livox_sdk2) StdoutLine: {'line': b'-- Detecting CXX compiler ABI info - done\n'}
[0.309133] (livox_ros_driver2) StdoutLine: {'line': b'-- Detecting CXX compiler ABI info - done\n'}
[0.310695] (odin_ros_driver) StdoutLine: {'line': b'-- Check for working CXX compiler: /usr/bin/c++ - skipped\n'}
[0.310942] (odin_ros_driver) StdoutLine: {'line': b'-- Detecting CXX compile features\n'}
[0.311346] (odin_ros_driver) StdoutLine: {'line': b'-- Detecting CXX compile features - done\n'}
[0.311874] (odin_ros_driver) StdoutLine: {'line': b'-- Defining ROS2\n'}
[0.311981] (odin_ros_driver) StdoutLine: {'line': b'-- Build system: ROS2\n'}
[0.313289] (odin_ros_driver) StdoutLine: {'line': b'-- Detected x86_64 architecture\n'}
[0.313478] (odin_ros_driver) StdoutLine: {'line': b'-- Library directory: /home/slam/r2_ws/odin1_ws/src/odin_ros_driver/lib\n'}
[0.313633] (odin_ros_driver) StdoutLine: {'line': b'-- Found lydHostApi library: /home/slam/r2_ws/odin1_ws/src/odin_ros_driver/lib/liblydHostApi_amd.a\n'}
[0.313699] (odin_ros_driver) StdoutLine: {'line': b'-- Backtrace symbols enabled (-g, frame pointers, -rdynamic)\n'}
[0.314243] (livox_sdk2) StdoutLine: {'line': b'-- Check for working CXX compiler: /usr/bin/c++ - skipped\n'}
[0.314365] (livox_sdk2) StdoutLine: {'line': b'-- Detecting CXX compile features\n'}
[0.314813] (livox_sdk2) StdoutLine: {'line': b'-- Detecting CXX compile features - done\n'}
[0.315077] (livox_ros_driver2) StdoutLine: {'line': b'-- Check for working CXX compiler: /usr/bin/c++ - skipped\n'}
[0.315326] (livox_sdk2) StdoutLine: {'line': b'-- main project dir: /home/slam/r2_ws/lidar_ws/Livox-SDK2\n'}
[0.315360] (livox_ros_driver2) StdoutLine: {'line': b'-- Detecting CXX compile features\n'}
[0.315653] (livox_ros_driver2) StdoutLine: {'line': b'-- Detecting CXX compile features - done\n'}
[0.316203] (livox_sdk2) StdoutLine: {'line': b'-- main project dir: /home/slam/r2_ws/lidar_ws/Livox-SDK2/samples\n'}
[0.316689] (livox_ros_driver2) StdoutLine: {'line': b'-- livox_ros_driver2 version: 1.2.7\n'}
[0.317684] (odin_ros_driver) StdoutLine: {'line': b'-- Found PkgConfig: /usr/bin/pkg-config (found version "0.29.2") \n'}
[0.317726] (livox_ros_driver2) StdoutLine: {'line': b'-- Found ament_cmake_auto: 1.3.14 (/opt/ros/humble/share/ament_cmake_auto/cmake)\n'}
[0.318146] (livox_sdk2) StdoutLine: {'line': b'-- Configuring done\n'}
[0.327457] (odin_ros_driver) StdoutLine: {'line': b'-- Found OpenCV: /usr (found version "4.5.4") \n'}
[0.334079] (livox_sdk2) StdoutLine: {'line': b'-- Generating done\n'}
[0.337321] (livox_sdk2) StdoutLine: {'line': b'-- Build files have been written to: /home/slam/r2_ws/build/livox_sdk2\n'}
[0.339921] (livox_sdk2) CommandEnded: {'returncode': 0}
[0.341729] (livox_sdk2) JobProgress: {'identifier': 'livox_sdk2', 'progress': 'build'}
[0.341892] (livox_sdk2) Command: {'cmd': ['/usr/bin/cmake', '--build', '/home/slam/r2_ws/build/livox_sdk2', '--', '-j10', '-l10'], 'cwd': '/home/slam/r2_ws/build/livox_sdk2', 'env': OrderedDict([('GJS_DEBUG_TOPICS', 'JS ERROR;JS LOG'), ('LESSOPEN', '| /usr/bin/lesspipe %s'), ('LANGUAGE', 'zh_CN:en'), ('USER', 'slam'), ('LC_TIME', 'en_US.UTF-8'), ('XDG_SESSION_TYPE', 'x11'), ('GIT_ASKPASS', '/usr/share/code/resources/app/extensions/git/dist/askpass.sh'), ('SHLVL', '1'), ('LIBGL_ALWAYS_SOFTWARE', '1'), ('LD_LIBRARY_PATH', '/opt/ros/humble/opt/rviz_ogre_vendor/lib:/opt/ros/humble/lib/x86_64-linux-gnu:/opt/ros/humble/lib'), ('HOME', '/home/slam'), ('CHROME_DESKTOP', 'code.desktop'), ('TERM_PROGRAM_VERSION', '1.106.3'), ('DESKTOP_SESSION', 'ubuntu'), ('GIO_LAUNCHED_DESKTOP_FILE', '/usr/share/applications/code.desktop'), ('ROS_PYTHON_VERSION', '3'), ('GNOME_SHELL_SESSION_MODE', 'ubuntu'), ('GTK_MODULES', 'gail:atk-bridge'), ('VSCODE_GIT_ASKPASS_MAIN', '/usr/share/code/resources/app/extensions/git/dist/askpass-main.js'), ('LC_MONETARY', 'en_US.UTF-8'), ('VSCODE_GIT_ASKPASS_NODE', '/usr/share/code/code'), ('MANAGERPID', '923'), ('SYSTEMD_EXEC_PID', '1397'), ('VSCODE_PYTHON_AUTOACTIVATE_GUARD', '1'), ('DBUS_SESSION_BUS_ADDRESS', 'unix:path=/run/user/1000/bus'), ('COLORTERM', 'truecolor'), ('GIO_LAUNCHED_DESKTOP_FILE_PID', '2132'), ('IM_CONFIG_PHASE', '1'), ('ROS_DISTRO', 'humble'), ('LOGNAME', 'slam'), ('JOURNAL_STREAM', '8:14451'), ('_', '/home/slam/.local/bin/colcon'), ('ROS_VERSION', '2'), ('CLAUDE_CODE_SSE_PORT', '45534'), ('XDG_SESSION_CLASS', 'user'), ('USERNAME', 'slam'), ('TERM', 'xterm-256color'), ('GNOME_DESKTOP_SESSION_ID', 'this-is-deprecated'), ('ROS_LOCALHOST_ONLY', '0'), ('WINDOWPATH', '2'), ('PATH', '/home/slam/.local/bin:/opt/ros/humble/bin:/home/slam/.local/bin:/home/slam/.local/bin:/usr/local/sbin:/usr/local/bin:/usr/sbin:/usr/bin:/sbin:/bin:/usr/games:/usr/local/games:/snap/bin:/snap/bin'), ('SESSION_MANAGER', 'local/robot-mix:@/tmp/.ICE-unix/1373,unix/robot-mix:/tmp/.ICE-unix/1373'), ('INVOCATION_ID', '988bc9d1a0f141bebf1871abfcc9bead'), ('PAPERSIZE', 'letter'), ('XDG_MENU_PREFIX', 'gnome-'), ('LC_ADDRESS', 'en_US.UTF-8'), ('XDG_RUNTIME_DIR', '/run/user/1000'), ('GDK_BACKEND', 'x11'), ('DISPLAY', ':0'), ('LANG', 'zh_CN.UTF-8'), ('XDG_CURRENT_DESKTOP', 'Unity'), ('LC_TELEPHONE', 'en_US.UTF-8'), ('XMODIFIERS', '@im=ibus'), ('XDG_SESSION_DESKTOP', 'ubuntu'), ('XAUTHORITY', '/run/user/1000/gdm/Xauthority'), ('LS_COLORS', 'rs=0:di=01;34:ln=01;36:mh=00:pi=40;33:so=01;35:do=01;35:bd=40;33;01:cd=40;33;01:or=40;31;01:mi=00:su=37;41:sg=30;43:ca=30;41:tw=30;42:ow=34;42:st=37;44:ex=01;32:*.tar=01;31:*.tgz=01;31:*.arc=01;31:*.arj=01;31:*.taz=01;31:*.lha=01;31:*.lz4=01;31:*.lzh=01;31:*.lzma=01;31:*.tlz=01;31:*.txz=01;31:*.tzo=01;31:*.t7z=01;31:*.zip=01;31:*.z=01;31:*.dz=01;31:*.gz=01;31:*.lrz=01;31:*.lz=01;31:*.lzo=01;31:*.xz=01;31:*.zst=01;31:*.tzst=01;31:*.bz2=01;31:*.bz=01;31:*.tbz=01;31:*.tbz2=01;31:*.tz=01;31:*.deb=01;31:*.rpm=01;31:*.jar=01;31:*.war=01;31:*.ear=01;31:*.sar=01;31:*.rar=01;31:*.alz=01;31:*.ace=01;31:*.zoo=01;31:*.cpio=01;31:*.7z=01;31:*.rz=01;31:*.cab=01;31:*.wim=01;31:*.swm=01;31:*.dwm=01;31:*.esd=01;31:*.jpg=01;35:*.jpeg=01;35:*.mjpg=01;35:*.mjpeg=01;35:*.gif=01;35:*.bmp=01;35:*.pbm=01;35:*.pgm=01;35:*.ppm=01;35:*.tga=01;35:*.xbm=01;35:*.xpm=01;35:*.tif=01;35:*.tiff=01;35:*.png=01;35:*.svg=01;35:*.svgz=01;35:*.mng=01;35:*.pcx=01;35:*.mov=01;35:*.mpg=01;35:*.mpeg=01;35:*.m2v=01;35:*.mkv=01;35:*.webm=01;35:*.webp=01;35:*.ogm=01;35:*.mp4=01;35:*.m4v=01;35:*.mp4v=01;35:*.vob=01;35:*.qt=01;35:*.nuv=01;35:*.wmv=01;35:*.asf=01;35:*.rm=01;35:*.rmvb=01;35:*.flc=01;35:*.avi=01;35:*.fli=01;35:*.flv=01;35:*.gl=01;35:*.dl=01;35:*.xcf=01;35:*.xwd=01;35:*.yuv=01;35:*.cgm=01;35:*.emf=01;35:*.ogv=01;35:*.ogx=01;35:*.aac=00;36:*.au=00;36:*.flac=00;36:*.m4a=00;36:*.mid=00;36:*.midi=00;36:*.mka=00;36:*.mp3=00;36:*.mpc=00;36:*.ogg=00;36:*.ra=00;36:*.wav=00;36:*.oga=00;36:*.opus=00;36:*.spx=00;36:*.xspf=00;36:'), ('VSCODE_GIT_IPC_HANDLE', '/run/user/1000/vscode-git-656e967976.sock'), ('TERM_PROGRAM', 'vscode'), ('SSH_AGENT_LAUNCHER', 'gnome-keyring'), ('SSH_AUTH_SOCK', '/run/user/1000/keyring/ssh'), ('AMENT_PREFIX_PATH', '/opt/ros/humble'), ('ORIGINAL_XDG_CURRENT_DESKTOP', 'ubuntu:GNOME'), ('SHELL', '/bin/bash'), ('LC_NAME', 'en_US.UTF-8'), ('QT_ACCESSIBILITY', '1'), ('GDMSESSION', 'ubuntu'), ('LESSCLOSE', '/usr/bin/lesspipe %s %s'), ('LC_MEASUREMENT', 'en_US.UTF-8'), ('GPG_AGENT_INFO', '/run/user/1000/gnupg/S.gpg-agent:0:1'), ('GJS_DEBUG_OUTPUT', 'stderr'), ('LC_IDENTIFICATION', 'en_US.UTF-8'), ('VSCODE_GIT_ASKPASS_EXTRA_ARGS', ''), ('QT_IM_MODULE', 'ibus'), ('PWD', '/home/slam/r2_ws/build/livox_sdk2'), ('QT_QPA_PLATFORM', 'xcb'), ('LC_ALL', 'en_US.UTF-8'), ('XDG_CONFIG_DIRS', '/etc/xdg/xdg-ubuntu:/etc/xdg'), ('XDG_DATA_DIRS', '/usr/share/gnome:/usr/share/ubuntu:/usr/local/share/:/usr/share/:/var/lib/snapd/desktop'), ('PYTHONPATH', '/opt/ros/humble/lib/python3.10/site-packages:/opt/ros/humble/local/lib/python3.10/dist-packages'), ('LC_NUMERIC', 'en_US.UTF-8'), ('LC_PAPER', 'en_US.UTF-8'), ('COLCON', '1')]), 'shell': False}
[0.345403] (odin_ros_driver) StdoutLine: {'line': b"-- Checking for module 'eigen3'\n"}
[0.356179] (odin_ros_driver) StdoutLine: {'line': b'--   Found eigen3, version 3.4.0\n'}
[0.379573] (livox_sdk2) StdoutLine: {'line': b'[  1%] \x1b[32mBuilding CXX object sdk_core/CMakeFiles/livox_lidar_sdk_shared.dir/__/3rdparty/FastCRC/FastCRCsw.cpp.o\x1b[0m\n'}
[0.379877] (livox_sdk2) StdoutLine: {'line': b'[  2%] \x1b[32mBuilding CXX object sdk_core/CMakeFiles/livox_lidar_sdk_static.dir/livox_lidar_sdk.cpp.o\x1b[0m\n'}
[0.379997] (livox_sdk2) StdoutLine: {'line': b'[  3%] \x1b[32mBuilding CXX object sdk_core/CMakeFiles/livox_lidar_sdk_shared.dir/livox_lidar_sdk.cpp.o\x1b[0m\n'}
[0.380096] (livox_sdk2) StdoutLine: {'line': b'[  4%] \x1b[32mBuilding CXX object sdk_core/CMakeFiles/livox_lidar_sdk_static.dir/parse_cfg_file.cpp.o\x1b[0m\n'}
[0.380255] (livox_sdk2) StdoutLine: {'line': b'[  5%] \x1b[32mBuilding CXX object sdk_core/CMakeFiles/livox_lidar_sdk_static.dir/__/3rdparty/FastCRC/FastCRCsw.cpp.o\x1b[0m\n'}
[0.380353] (livox_sdk2) StdoutLine: {'line': b'[  6%] \x1b[32mBuilding CXX object sdk_core/CMakeFiles/livox_lidar_sdk_shared.dir/device_manager.cpp.o\x1b[0m\n'}
[0.380832] (livox_sdk2) StdoutLine: {'line': b'[  7%] \x1b[32mBuilding CXX object sdk_core/CMakeFiles/livox_lidar_sdk_static.dir/params_check.cpp.o\x1b[0m\n'}
[0.381014] (livox_sdk2) StdoutLine: {'line': b'[  8%] \x1b[32mBuilding CXX object sdk_core/CMakeFiles/livox_lidar_sdk_shared.dir/params_check.cpp.o\x1b[0m\n'}
[0.384074] (livox_sdk2) StdoutLine: {'line': b'[  9%] \x1b[32mBuilding CXX object sdk_core/CMakeFiles/livox_lidar_sdk_static.dir/device_manager.cpp.o\x1b[0m\n'}
[0.386964] (livox_sdk2) StdoutLine: {'line': b'[ 10%] \x1b[32mBuilding CXX object sdk_core/CMakeFiles/livox_lidar_sdk_shared.dir/parse_cfg_file.cpp.o\x1b[0m\n'}
[0.387872] (odin_ros_driver) StdoutLine: {'line': b'-- Found Eigen: /usr/include/eigen3 (Required is at least version "3.1") \n'}
[0.388870] (odin_ros_driver) StdoutLine: {'line': b'-- Eigen found (include: /usr/include/eigen3, version: 3.4.0)\n'}
[0.399884] (-) TimerEvent: {}
[0.431674] (basic) StdoutLine: {'line': b'-- Found Python3: /usr/bin/python3 (found version "3.10.12") found components: Interpreter \n'}
[0.442647] (odin_ros_driver) StdoutLine: {'line': b'-- Found Boost: /usr/lib/x86_64-linux-gnu/cmake/Boost-1.74.0/BoostConfig.cmake (found suitable version "1.74.0", minimum required is "1.65.0") found components: system filesystem date_time iostreams serialization \n'}
[0.447661] (livox_ros_driver2) StdoutLine: {'line': b'-- Found Python3: /usr/bin/python3 (found version "3.10.12") found components: Interpreter \n'}
[0.477348] (odin_ros_driver) StdoutLine: {'line': b"-- Checking for module 'flann'\n"}
[0.481799] (livox_sdk2) StdoutLine: {'line': b'[ 12%] \x1b[32mBuilding CXX object sdk_core/CMakeFiles/livox_lidar_sdk_static.dir/upgrade_manager.cpp.o\x1b[0m\n'}
[0.499978] (-) TimerEvent: {}
[0.503179] (odin_ros_driver) StdoutLine: {'line': b'--   Found flann, version 1.9.1\n'}
[0.514755] (livox_sdk2) StdoutLine: {'line': b'[ 13%] \x1b[32mBuilding CXX object sdk_core/CMakeFiles/livox_lidar_sdk_shared.dir/upgrade_manager.cpp.o\x1b[0m\n'}
[0.556446] (odin_ros_driver) StdoutLine: {'line': b'-- Found FLANN: /usr/lib/x86_64-linux-gnu/libflann_cpp.so  \n'}
[0.557666] (odin_ros_driver) StdoutLine: {'line': b'-- FLANN found (include: /usr/include, lib: /usr/lib/x86_64-linux-gnu/libflann_cpp.so)\n'}
[0.582115] (basic) StdoutLine: {'line': b'-- Found rclcpp: 16.0.21 (/opt/ros/humble/share/rclcpp/cmake)\n'}
[0.602584] (-) TimerEvent: {}
[0.619662] (livox_ros_driver2) StdoutLine: {'line': b'-- Using all available rosidl_typesupport_c: rosidl_typesupport_fastrtps_c;rosidl_typesupport_introspection_c\n'}
[0.619909] (odin_ros_driver) StdoutLine: {'line': b'-- Looking for pthread.h\n'}
[0.634792] (livox_ros_driver2) StdoutLine: {'line': b'-- Found rosidl_adapter: 3.1.9 (/opt/ros/humble/share/rosidl_adapter/cmake)\n'}
[0.700461] (basic) StdoutLine: {'line': b'-- Found rosidl_generator_c: 3.1.9 (/opt/ros/humble/share/rosidl_generator_c/cmake)\n'}
[0.702686] (-) TimerEvent: {}
[0.705438] (basic) StdoutLine: {'line': b'-- Found rosidl_adapter: 3.1.9 (/opt/ros/humble/share/rosidl_adapter/cmake)\n'}
[0.714902] (livox_ros_driver2) StdoutLine: {'line': b'-- Using all available rosidl_typesupport_cpp: rosidl_typesupport_fastrtps_cpp;rosidl_typesupport_introspection_cpp\n'}
[0.720262] (basic) StdoutLine: {'line': b'-- Found rosidl_generator_cpp: 3.1.9 (/opt/ros/humble/share/rosidl_generator_cpp/cmake)\n'}
[0.747298] (basic) StdoutLine: {'line': b'-- Using all available rosidl_typesupport_c: rosidl_typesupport_fastrtps_c;rosidl_typesupport_introspection_c\n'}
[0.748633] (odin_ros_driver) StdoutLine: {'line': b'-- Looking for pthread.h - found\n'}
[0.748822] (odin_ros_driver) StdoutLine: {'line': b'-- Performing Test CMAKE_HAVE_LIBC_PTHREAD\n'}
[0.772705] (basic) StdoutLine: {'line': b'-- Using all available rosidl_typesupport_cpp: rosidl_typesupport_fastrtps_cpp;rosidl_typesupport_introspection_cpp\n'}
[0.803666] (-) TimerEvent: {}
[0.877516] (basic) StdoutLine: {'line': b'-- Found rmw_implementation_cmake: 6.1.4 (/opt/ros/humble/share/rmw_implementation_cmake/cmake)\n'}
[0.886607] (livox_ros_driver2) StdoutLine: {'line': b'-- Found rmw_implementation_cmake: 6.1.4 (/opt/ros/humble/share/rmw_implementation_cmake/cmake)\n'}
[0.886905] (livox_ros_driver2) StdoutLine: {'line': b'-- Found rmw_fastrtps_cpp: 6.2.10 (/opt/ros/humble/share/rmw_fastrtps_cpp/cmake)\n'}
[0.887022] (basic) StdoutLine: {'line': b'-- Found rmw_fastrtps_cpp: 6.2.10 (/opt/ros/humble/share/rmw_fastrtps_cpp/cmake)\n'}
[0.890694] (odin_ros_driver) StdoutLine: {'line': b'-- Performing Test CMAKE_HAVE_LIBC_PTHREAD - Success\n'}
[0.891581] (odin_ros_driver) StdoutLine: {'line': b'-- Found Threads: TRUE  \n'}
[0.898521] (odin_ros_driver) StdoutLine: {'line': b'-- Found GLEW: /usr/lib/x86_64-linux-gnu/libGLEW.so  \n'}
[0.903757] (-) TimerEvent: {}
[0.915672] (odin_ros_driver) StdoutLine: {'line': b'-- Found OpenGL: /usr/lib/x86_64-linux-gnu/libOpenGL.so  found components: OpenGL GLX \n'}
[1.003899] (-) TimerEvent: {}
[1.025049] (livox_sdk2) StdoutLine: {'line': b'[ 14%] \x1b[32mBuilding CXX object sdk_core/CMakeFiles/livox_lidar_sdk_shared.dir/base/io_loop.cpp.o\x1b[0m\n'}
[1.070078] (livox_ros_driver2) StdoutLine: {'line': b'-- Found OpenSSL: /usr/lib/x86_64-linux-gnu/libcrypto.so (found version "3.0.2")  \n'}
[1.104000] (-) TimerEvent: {}
[1.121660] (livox_ros_driver2) StdoutLine: {'line': b'-- Found FastRTPS: /opt/ros/humble/include  \n'}
[1.125622] (livox_sdk2) StdoutLine: {'line': b'[ 15%] \x1b[32mBuilding CXX object sdk_core/CMakeFiles/livox_lidar_sdk_static.dir/base/io_loop.cpp.o\x1b[0m\n'}
[1.152033] (basic) StdoutLine: {'line': b'-- Found OpenSSL: /usr/lib/x86_64-linux-gnu/libcrypto.so (found version "3.0.2")  \n'}
[1.171602] (livox_ros_driver2) StdoutLine: {'line': b"-- Using RMW implementation 'rmw_fastrtps_cpp' as default\n"}
[1.188445] (livox_ros_driver2) StdoutLine: {'line': b'-- Looking for pthread.h\n'}
[1.204144] (-) TimerEvent: {}
[1.221262] (odin_ros_driver) StdoutLine: {'line': b'-- Found MPI_C: /usr/lib/x86_64-linux-gnu/libmpi.so (found version "3.1") \n'}
[1.221818] (odin_ros_driver) StdoutLine: {'line': b'-- Found MPI: TRUE (found version "3.1") found components: C \n'}
[1.233126] (odin_ros_driver) StdoutLine: {'line': b'-- Found JsonCpp: /usr/lib/x86_64-linux-gnu/libjsoncpp.so (found suitable version "1.9.5", minimum required is "0.7.0") \n'}
[1.236525] (basic) StdoutLine: {'line': b'-- Found FastRTPS: /opt/ros/humble/include  \n'}
[1.251733] (odin_ros_driver) StdoutLine: {'line': b'-- Found ZLIB: /usr/lib/x86_64-linux-gnu/libz.so (found version "1.2.11") \n'}
[1.279446] (livox_ros_driver2) StdoutLine: {'line': b'-- Looking for pthread.h - found\n'}
[1.282803] (livox_ros_driver2) StdoutLine: {'line': b'-- Performing Test CMAKE_HAVE_LIBC_PTHREAD\n'}
[1.284850] (odin_ros_driver) StdoutLine: {'line': b'-- Found PNG: /usr/lib/x86_64-linux-gnu/libpng.so (found version "1.6.37") \n'}
[1.298643] (basic) StdoutLine: {'line': b"-- Using RMW implementation 'rmw_fastrtps_cpp' as default\n"}
[1.304266] (-) TimerEvent: {}
[1.316277] (basic) StdoutLine: {'line': b'-- Looking for pthread.h\n'}
[1.322663] (odin_ros_driver) StdoutLine: {'line': b'-- Found Eigen3: /usr/include/eigen3 (found version "3.4.0") \n'}
[1.404384] (-) TimerEvent: {}
[1.435008] (livox_ros_driver2) StdoutLine: {'line': b'-- Performing Test CMAKE_HAVE_LIBC_PTHREAD - Success\n'}
[1.435401] (livox_ros_driver2) StdoutLine: {'line': b'-- Found Threads: TRUE  \n'}
[1.481560] (basic) StdoutLine: {'line': b'-- Looking for pthread.h - found\n'}
[1.481954] (basic) StdoutLine: {'line': b'-- Performing Test CMAKE_HAVE_LIBC_PTHREAD\n'}
[1.486340] (odin_ros_driver) StdoutLine: {'line': b'-- Found X11: /usr/include   \n'}
[1.495965] (odin_ros_driver) StdoutLine: {'line': b'-- Looking for XOpenDisplay in /usr/lib/x86_64-linux-gnu/libX11.so;/usr/lib/x86_64-linux-gnu/libXext.so\n'}
[1.504521] (-) TimerEvent: {}
[1.605077] (-) TimerEvent: {}
[1.618165] (basic) StdoutLine: {'line': b'-- Performing Test CMAKE_HAVE_LIBC_PTHREAD - Success\n'}
[1.620597] (basic) StdoutLine: {'line': b'-- Found Threads: TRUE  \n'}
[1.636670] (odin_ros_driver) StdoutLine: {'line': b'-- Looking for XOpenDisplay in /usr/lib/x86_64-linux-gnu/libX11.so;/usr/lib/x86_64-linux-gnu/libXext.so - found\n'}
[1.637361] (odin_ros_driver) StdoutLine: {'line': b'-- Looking for gethostbyname\n'}
[1.705880] (-) TimerEvent: {}
[1.739940] (livox_ros_driver2) StdoutLine: {'line': b"-- Checking for module 'eigen3'\n"}
[1.762736] (odin_ros_driver) StdoutLine: {'line': b'-- Looking for gethostbyname - found\n'}
[1.763015] (odin_ros_driver) StdoutLine: {'line': b'-- Looking for connect\n'}
[1.763142] (livox_ros_driver2) StdoutLine: {'line': b'--   Found eigen3, version 3.4.0\n'}
[1.770676] (basic) StdoutLine: {'line': b"-- Checking for module 'eigen3'\n"}
[1.796064] (basic) StdoutLine: {'line': b'--   Found eigen3, version 3.4.0\n'}
[1.806063] (-) TimerEvent: {}
[1.818165] (livox_ros_driver2) StdoutLine: {'line': b'-- Found Eigen: /usr/include/eigen3 (Required is at least version "3.1") \n'}
[1.818989] (livox_ros_driver2) StdoutLine: {'line': b'-- Eigen found (include: /usr/include/eigen3, version: 3.4.0)\n'}
[1.865399] (basic) StdoutLine: {'line': b'-- Found Eigen: /usr/include/eigen3 (Required is at least version "3.1") \n'}
[1.866226] (basic) StdoutLine: {'line': b'-- Eigen found (include: /usr/include/eigen3, version: 3.4.0)\n'}
[1.880843] (livox_ros_driver2) StdoutLine: {'line': b"-- Checking for module 'flann'\n"}
[1.885600] (odin_ros_driver) StdoutLine: {'line': b'-- Looking for connect - found\n'}
[1.885841] (odin_ros_driver) StdoutLine: {'line': b'-- Looking for remove\n'}
[1.898267] (basic) StdoutLine: {'line': b'-- Found Boost: /usr/lib/x86_64-linux-gnu/cmake/Boost-1.74.0/BoostConfig.cmake (found suitable version "1.74.0", minimum required is "1.65.0") found components: system filesystem date_time iostreams serialization \n'}
[1.904433] (livox_ros_driver2) StdoutLine: {'line': b'--   Found flann, version 1.9.1\n'}
[1.908604] (-) TimerEvent: {}
[1.938595] (basic) StdoutLine: {'line': b"-- Checking for module 'flann'\n"}
[1.960144] (basic) StdoutLine: {'line': b'--   Found flann, version 1.9.1\n'}
[1.978725] (livox_ros_driver2) StdoutLine: {'line': b'-- Found FLANN: /usr/lib/x86_64-linux-gnu/libflann_cpp.so  \n'}
[1.979026] (livox_ros_driver2) StdoutLine: {'line': b'-- FLANN found (include: /usr/include, lib: /usr/lib/x86_64-linux-gnu/libflann_cpp.so)\n'}
[2.005667] (odin_ros_driver) StdoutLine: {'line': b'-- Looking for remove - found\n'}
[2.005956] (odin_ros_driver) StdoutLine: {'line': b'-- Looking for shmat\n'}
[2.009594] (-) TimerEvent: {}
[2.031549] (basic) StdoutLine: {'line': b'-- Found FLANN: /usr/lib/x86_64-linux-gnu/libflann_cpp.so  \n'}
[2.032126] (basic) StdoutLine: {'line': b'-- FLANN found (include: /usr/include, lib: /usr/lib/x86_64-linux-gnu/libflann_cpp.so)\n'}
[2.099649] (basic) StdoutLine: {'line': b'-- Found GLEW: /usr/lib/x86_64-linux-gnu/libGLEW.so  \n'}
[2.109607] (basic) StdoutLine: {'line': b'-- Found OpenGL: /usr/lib/x86_64-linux-gnu/libOpenGL.so  found components: OpenGL GLX \n'}
[2.109875] (-) TimerEvent: {}
[2.132527] (odin_ros_driver) StdoutLine: {'line': b'-- Looking for shmat - found\n'}
[2.132796] (odin_ros_driver) StdoutLine: {'line': b'-- Looking for IceConnectionNumber in ICE\n'}
[2.210011] (-) TimerEvent: {}
[2.268235] (odin_ros_driver) StdoutLine: {'line': b'-- Looking for IceConnectionNumber in ICE - found\n'}
[2.310129] (-) TimerEvent: {}
[2.372612] (basic) StdoutLine: {'line': b'-- Found MPI_C: /usr/lib/x86_64-linux-gnu/libmpi.so (found version "3.1") \n'}
[2.372979] (basic) StdoutLine: {'line': b'-- Found MPI: TRUE (found version "3.1") found components: C \n'}
[2.376589] (basic) StdoutLine: {'line': b'-- Found JsonCpp: /usr/lib/x86_64-linux-gnu/libjsoncpp.so (found suitable version "1.9.5", minimum required is "0.7.0") \n'}
[2.388137] (basic) StdoutLine: {'line': b'-- Found ZLIB: /usr/lib/x86_64-linux-gnu/libz.so (found version "1.2.11") \n'}
[2.410295] (-) TimerEvent: {}
[2.410755] (odin_ros_driver) StdoutLine: {'line': b'-- Found EXPAT: /usr/lib/x86_64-linux-gnu/libexpat.so (found version "2.4.7") \n'}
[2.417271] (odin_ros_driver) StdoutLine: {'line': b'-- Found double-conversion: /usr/lib/x86_64-linux-gnu/libdouble-conversion.so  \n'}
[2.417682] (basic) StdoutLine: {'line': b'-- Found PNG: /usr/lib/x86_64-linux-gnu/libpng.so (found version "1.6.37") \n'}
[2.419420] (odin_ros_driver) StdoutLine: {'line': b'-- Found LZ4: /usr/lib/x86_64-linux-gnu/liblz4.so (found version "1.9.3") \n'}
[2.425508] (odin_ros_driver) StdoutLine: {'line': b'-- Found LZMA: /usr/lib/x86_64-linux-gnu/liblzma.so (found version "5.2.5") \n'}
[2.438699] (basic) StdoutLine: {'line': b'-- Found Eigen3: /usr/include/eigen3 (found version "3.4.0") \n'}
[2.479651] (odin_ros_driver) StdoutLine: {'line': b'-- Found JPEG: /usr/lib/x86_64-linux-gnu/libjpeg.so (found version "80") \n'}
[2.495688] (odin_ros_driver) StdoutLine: {'line': b'-- Found TIFF: /usr/lib/x86_64-linux-gnu/libtiff.so (found version "4.3.0")  \n'}
[2.499410] (odin_ros_driver) StdoutLine: {'line': b'-- Found Freetype: /usr/lib/x86_64-linux-gnu/libfreetype.so (found version "2.11.1") \n'}
[2.510418] (-) TimerEvent: {}
[2.514721] (odin_ros_driver) StdoutLine: {'line': b'-- Found utf8cpp: /usr/include/utf8cpp  \n'}
[2.596048] (basic) StdoutLine: {'line': b'-- Found X11: /usr/include   \n'}
[2.596324] (basic) StdoutLine: {'line': b'-- Looking for XOpenDisplay in /usr/lib/x86_64-linux-gnu/libX11.so;/usr/lib/x86_64-linux-gnu/libXext.so\n'}
[2.610553] (-) TimerEvent: {}
[2.656467] (odin_ros_driver) StdoutLine: {'line': b"-- Checking for module 'libusb-1.0'\n"}
[2.679613] (odin_ros_driver) StdoutLine: {'line': b'--   Found libusb-1.0, version 1.0.25\n'}
[2.711631] (-) TimerEvent: {}
[2.738478] (basic) StdoutLine: {'line': b'-- Looking for XOpenDisplay in /usr/lib/x86_64-linux-gnu/libX11.so;/usr/lib/x86_64-linux-gnu/libXext.so - found\n'}
[2.741691] (basic) StdoutLine: {'line': b'-- Looking for gethostbyname\n'}
[2.752187] (odin_ros_driver) StdoutLine: {'line': b'-- Found libusb: /usr/lib/x86_64-linux-gnu/libusb-1.0.so  \n'}
[2.754789] (odin_ros_driver) StdoutLine: {'line': b'-- Found OpenNI: /usr/lib/libOpenNI.so;libusb::libusb (found version "1.5.4.0") \n'}
[2.755751] (odin_ros_driver) StdoutLine: {'line': b'-- OpenNI found (version: 1.5.4.0, include: /usr/include/ni, lib: /usr/lib/libOpenNI.so;libusb::libusb)\n'}
[2.811780] (-) TimerEvent: {}
[2.850739] (basic) StdoutLine: {'line': b'-- Looking for gethostbyname - found\n'}
[2.850977] (basic) StdoutLine: {'line': b'-- Looking for connect\n'}
[2.878769] (odin_ros_driver) StdoutLine: {'line': b'-- Found OpenNI2: /usr/lib/x86_64-linux-gnu/libOpenNI2.so;libusb::libusb (found version "2.2.0.33") \n'}
[2.882395] (odin_ros_driver) StdoutLine: {'line': b'-- OpenNI2 found (version: 2.2.0.33, include: /usr/include/openni2, lib: /usr/lib/x86_64-linux-gnu/libOpenNI2.so;libusb::libusb)\n'}
[2.884642] (odin_ros_driver) StderrLine: {'line': b'\x1b[0m** WARNING ** io features related to pcap will be disabled\x1b[0m\n'}
[2.913611] (-) TimerEvent: {}
[2.965101] (basic) StdoutLine: {'line': b'-- Looking for connect - found\n'}
[2.965298] (basic) StdoutLine: {'line': b'-- Looking for remove\n'}
[3.013713] (-) TimerEvent: {}
[3.083019] (basic) StdoutLine: {'line': b'-- Looking for remove - found\n'}
[3.084657] (basic) StdoutLine: {'line': b'-- Looking for shmat\n'}
[3.117607] (-) TimerEvent: {}
[3.176982] (odin_ros_driver) StdoutLine: {'line': b'-- Eigen found (include: /usr/include/eigen3, version: 3.4.0)\n'}
[3.184218] (odin_ros_driver) StdoutLine: {'line': b'-- OpenNI found (version: 1.5.4.0, include: /usr/include/ni, lib: /usr/lib/libOpenNI.so;libusb::libusb)\n'}
[3.193348] (basic) StdoutLine: {'line': b'-- Looking for shmat - found\n'}
[3.193543] (basic) StdoutLine: {'line': b'-- Looking for IceConnectionNumber in ICE\n'}
[3.198210] (odin_ros_driver) StdoutLine: {'line': b'-- OpenNI2 found (version: 2.2.0.33, include: /usr/include/openni2, lib: /usr/lib/x86_64-linux-gnu/libOpenNI2.so;libusb::libusb)\n'}
[3.217730] (-) TimerEvent: {}
[3.284641] (basic) StdoutLine: {'line': b'-- Looking for IceConnectionNumber in ICE - found\n'}
[3.317837] (-) TimerEvent: {}
[3.378295] (basic) StdoutLine: {'line': b'-- Found EXPAT: /usr/lib/x86_64-linux-gnu/libexpat.so (found version "2.4.7") \n'}
[3.380772] (basic) StdoutLine: {'line': b'-- Found double-conversion: /usr/lib/x86_64-linux-gnu/libdouble-conversion.so  \n'}
[3.383392] (basic) StdoutLine: {'line': b'-- Found LZ4: /usr/lib/x86_64-linux-gnu/liblz4.so (found version "1.9.3") \n'}
[3.385405] (basic) StdoutLine: {'line': b'-- Found LZMA: /usr/lib/x86_64-linux-gnu/liblzma.so (found version "5.2.5") \n'}
[3.394321] (livox_sdk2) StdoutLine: {'line': b'[ 16%] \x1b[32mBuilding CXX object sdk_core/CMakeFiles/livox_lidar_sdk_shared.dir/base/thread_base.cpp.o\x1b[0m\n'}
[3.401257] (livox_ros_driver2) StdoutLine: {'line': b"-- Checking for module 'libusb-1.0'\n"}
[3.402248] (basic) StdoutLine: {'line': b'-- Found JPEG: /usr/lib/x86_64-linux-gnu/libjpeg.so (found version "80") \n'}
[3.408241] (livox_ros_driver2) StdoutLine: {'line': b'--   Found libusb-1.0, version 1.0.25\n'}
[3.415689] (basic) StdoutLine: {'line': b'-- Found TIFF: /usr/lib/x86_64-linux-gnu/libtiff.so (found version "4.3.0")  \n'}
[3.417930] (-) TimerEvent: {}
[3.423671] (basic) StdoutLine: {'line': b'-- Found Freetype: /usr/lib/x86_64-linux-gnu/libfreetype.so (found version "2.11.1") \n'}
[3.432678] (livox_ros_driver2) StdoutLine: {'line': b'-- Found libusb: /usr/lib/x86_64-linux-gnu/libusb-1.0.so  \n'}
[3.433587] (livox_ros_driver2) StdoutLine: {'line': b'-- OpenNI found (version: 1.5.4.0, include: /usr/include/ni, lib: /usr/lib/libOpenNI.so;libusb::libusb)\n'}
[3.435851] (basic) StdoutLine: {'line': b'-- Found utf8cpp: /usr/include/utf8cpp  \n'}
[3.478935] (livox_ros_driver2) StdoutLine: {'line': b'-- OpenNI2 found (version: 2.2.0.33, include: /usr/include/openni2, lib: /usr/lib/x86_64-linux-gnu/libOpenNI2.so;libusb::libusb)\n'}
[3.486034] (odin_ros_driver) StdoutLine: {'line': b'-- Found Qhull version 8.0.2\n'}
[3.519709] (-) TimerEvent: {}
[3.565377] (basic) StdoutLine: {'line': b"-- Checking for module 'libusb-1.0'\n"}
[3.588736] (basic) StdoutLine: {'line': b'--   Found libusb-1.0, version 1.0.25\n'}
[3.619834] (-) TimerEvent: {}
[3.625137] (livox_ros_driver2) StdoutLine: {'line': b'-- Eigen found (include: /usr/include/eigen3, version: 3.4.0)\n'}
[3.629777] (livox_ros_driver2) StdoutLine: {'line': b'-- OpenNI found (version: 1.5.4.0, include: /usr/include/ni, lib: /usr/lib/libOpenNI.so;libusb::libusb)\n'}
[3.636493] (livox_ros_driver2) StdoutLine: {'line': b'-- OpenNI2 found (version: 2.2.0.33, include: /usr/include/openni2, lib: /usr/lib/x86_64-linux-gnu/libOpenNI2.so;libusb::libusb)\n'}
[3.648911] (odin_ros_driver) StdoutLine: {'line': b'-- OpenNI found (version: 1.5.4.0, include: /usr/include/ni, lib: /usr/lib/libOpenNI.so;libusb::libusb)\n'}
[3.663589] (basic) StdoutLine: {'line': b'-- Found libusb: /usr/lib/x86_64-linux-gnu/libusb-1.0.so  \n'}
[3.663960] (basic) StdoutLine: {'line': b'-- Found OpenNI: /usr/lib/libOpenNI.so;libusb::libusb (found version "1.5.4.0") \n'}
[3.666114] (basic) StdoutLine: {'line': b'-- OpenNI found (version: 1.5.4.0, include: /usr/include/ni, lib: /usr/lib/libOpenNI.so;libusb::libusb)\n'}
[3.667174] (livox_sdk2) StdoutLine: {'line': b'[ 17%] \x1b[32mBuilding CXX object sdk_core/CMakeFiles/livox_lidar_sdk_shared.dir/base/io_thread.cpp.o\x1b[0m\n'}
[3.675270] (livox_sdk2) StdoutLine: {'line': b'[ 18%] \x1b[32mBuilding CXX object sdk_core/CMakeFiles/livox_lidar_sdk_static.dir/base/thread_base.cpp.o\x1b[0m\n'}
[3.722609] (-) TimerEvent: {}
[3.757607] (basic) StdoutLine: {'line': b'-- Found OpenNI2: /usr/lib/x86_64-linux-gnu/libOpenNI2.so;libusb::libusb (found version "2.2.0.33") \n'}
[3.757941] (basic) StdoutLine: {'line': b'-- OpenNI2 found (version: 2.2.0.33, include: /usr/include/openni2, lib: /usr/lib/x86_64-linux-gnu/libOpenNI2.so;libusb::libusb)\n'}
[3.758016] (basic) StderrLine: {'line': b'\x1b[0m** WARNING ** io features related to pcap will be disabled\x1b[0m\n'}
[3.795583] (odin_ros_driver) StdoutLine: {'line': b'-- looking for PCL_COMMON\n'}
[3.795771] (odin_ros_driver) StdoutLine: {'line': b'-- Found PCL_COMMON: /usr/lib/x86_64-linux-gnu/libpcl_common.so  \n'}
[3.795820] (odin_ros_driver) StdoutLine: {'line': b'-- looking for PCL_KDTREE\n'}
[3.795858] (odin_ros_driver) StdoutLine: {'line': b'-- Found PCL_KDTREE: /usr/lib/x86_64-linux-gnu/libpcl_kdtree.so  \n'}
[3.795899] (odin_ros_driver) StdoutLine: {'line': b'-- looking for PCL_OCTREE\n'}
[3.796331] (odin_ros_driver) StdoutLine: {'line': b'-- Found PCL_OCTREE: /usr/lib/x86_64-linux-gnu/libpcl_octree.so  \n'}
[3.796624] (odin_ros_driver) StdoutLine: {'line': b'-- looking for PCL_SEARCH\n'}
[3.797384] (odin_ros_driver) StdoutLine: {'line': b'-- Found PCL_SEARCH: /usr/lib/x86_64-linux-gnu/libpcl_search.so  \n'}
[3.797657] (odin_ros_driver) StdoutLine: {'line': b'-- looking for PCL_SAMPLE_CONSENSUS\n'}
[3.798416] (odin_ros_driver) StdoutLine: {'line': b'-- Found PCL_SAMPLE_CONSENSUS: /usr/lib/x86_64-linux-gnu/libpcl_sample_consensus.so  \n'}
[3.798897] (odin_ros_driver) StdoutLine: {'line': b'-- looking for PCL_FILTERS\n'}
[3.799833] (odin_ros_driver) StdoutLine: {'line': b'-- Found PCL_FILTERS: /usr/lib/x86_64-linux-gnu/libpcl_filters.so  \n'}
[3.800329] (odin_ros_driver) StdoutLine: {'line': b'-- looking for PCL_2D\n'}
[3.800857] (odin_ros_driver) StdoutLine: {'line': b'-- Found PCL_2D: /usr/include/pcl-1.12  \n'}
[3.801551] (odin_ros_driver) StdoutLine: {'line': b'-- looking for PCL_GEOMETRY\n'}
[3.802017] (odin_ros_driver) StdoutLine: {'line': b'-- Found PCL_GEOMETRY: /usr/include/pcl-1.12  \n'}
[3.802418] (odin_ros_driver) StdoutLine: {'line': b'-- looking for PCL_IO\n'}
[3.803732] (odin_ros_driver) StdoutLine: {'line': b'-- Found PCL_IO: /usr/lib/x86_64-linux-gnu/libpcl_io.so  \n'}
[3.804053] (odin_ros_driver) StdoutLine: {'line': b'-- looking for PCL_FEATURES\n'}
[3.805333] (odin_ros_driver) StdoutLine: {'line': b'-- Found PCL_FEATURES: /usr/lib/x86_64-linux-gnu/libpcl_features.so  \n'}
[3.805891] (odin_ros_driver) StdoutLine: {'line': b'-- looking for PCL_ML\n'}
[3.806948] (odin_ros_driver) StdoutLine: {'line': b'-- Found PCL_ML: /usr/lib/x86_64-linux-gnu/libpcl_ml.so  \n'}
[3.807409] (odin_ros_driver) StdoutLine: {'line': b'-- looking for PCL_SEGMENTATION\n'}
[3.808442] (odin_ros_driver) StdoutLine: {'line': b'-- Found PCL_SEGMENTATION: /usr/lib/x86_64-linux-gnu/libpcl_segmentation.so  \n'}
[3.809052] (odin_ros_driver) StdoutLine: {'line': b'-- looking for PCL_VISUALIZATION\n'}
[3.810359] (odin_ros_driver) StdoutLine: {'line': b'-- Found PCL_VISUALIZATION: /usr/lib/x86_64-linux-gnu/libpcl_visualization.so  \n'}
[3.810682] (odin_ros_driver) StdoutLine: {'line': b'-- looking for PCL_SURFACE\n'}
[3.811699] (odin_ros_driver) StdoutLine: {'line': b'-- Found PCL_SURFACE: /usr/lib/x86_64-linux-gnu/libpcl_surface.so  \n'}
[3.812235] (odin_ros_driver) StdoutLine: {'line': b'-- looking for PCL_REGISTRATION\n'}
[3.813242] (odin_ros_driver) StdoutLine: {'line': b'-- Found PCL_REGISTRATION: /usr/lib/x86_64-linux-gnu/libpcl_registration.so  \n'}
[3.813804] (odin_ros_driver) StdoutLine: {'line': b'-- looking for PCL_KEYPOINTS\n'}
[3.814875] (odin_ros_driver) StdoutLine: {'line': b'-- Found PCL_KEYPOINTS: /usr/lib/x86_64-linux-gnu/libpcl_keypoints.so  \n'}
[3.815425] (odin_ros_driver) StdoutLine: {'line': b'-- looking for PCL_TRACKING\n'}
[3.816460] (odin_ros_driver) StdoutLine: {'line': b'-- Found PCL_TRACKING: /usr/lib/x86_64-linux-gnu/libpcl_tracking.so  \n'}
[3.816963] (odin_ros_driver) StdoutLine: {'line': b'-- looking for PCL_RECOGNITION\n'}
[3.818257] (odin_ros_driver) StdoutLine: {'line': b'-- Found PCL_RECOGNITION: /usr/lib/x86_64-linux-gnu/libpcl_recognition.so  \n'}
[3.818564] (odin_ros_driver) StdoutLine: {'line': b'-- looking for PCL_STEREO\n'}
[3.819534] (odin_ros_driver) StdoutLine: {'line': b'-- Found PCL_STEREO: /usr/lib/x86_64-linux-gnu/libpcl_stereo.so  \n'}
[3.820020] (odin_ros_driver) StdoutLine: {'line': b'-- looking for PCL_APPS\n'}
[3.820991] (odin_ros_driver) StdoutLine: {'line': b'-- Found PCL_APPS: /usr/lib/x86_64-linux-gnu/libpcl_apps.so  \n'}
[3.821830] (odin_ros_driver) StdoutLine: {'line': b'-- looking for PCL_IN_HAND_SCANNER\n'}
[3.822396] (odin_ros_driver) StdoutLine: {'line': b'-- Found PCL_IN_HAND_SCANNER: /usr/include/pcl-1.12  \n'}
[3.822671] (-) TimerEvent: {}
[3.823093] (odin_ros_driver) StdoutLine: {'line': b'-- looking for PCL_MODELER\n'}
[3.823669] (odin_ros_driver) StdoutLine: {'line': b'-- Found PCL_MODELER: /usr/include/pcl-1.12  \n'}
[3.824100] (odin_ros_driver) StdoutLine: {'line': b'-- looking for PCL_POINT_CLOUD_EDITOR\n'}
[3.824847] (odin_ros_driver) StdoutLine: {'line': b'-- Found PCL_POINT_CLOUD_EDITOR: /usr/include/pcl-1.12  \n'}
[3.825115] (odin_ros_driver) StdoutLine: {'line': b'-- looking for PCL_OUTOFCORE\n'}
[3.826200] (odin_ros_driver) StdoutLine: {'line': b'-- Found PCL_OUTOFCORE: /usr/lib/x86_64-linux-gnu/libpcl_outofcore.so  \n'}
[3.827440] (odin_ros_driver) StdoutLine: {'line': b'-- looking for PCL_PEOPLE\n'}
[3.827741] (odin_ros_driver) StdoutLine: {'line': b'-- Found PCL_PEOPLE: /usr/lib/x86_64-linux-gnu/libpcl_people.so  \n'}
[3.828685] (odin_ros_driver) StdoutLine: {'line': b'-- Found PCL: pcl_common;pcl_kdtree;pcl_octree;pcl_search;pcl_sample_consensus;pcl_filters;pcl_io;pcl_features;pcl_ml;pcl_segmentation;pcl_visualization;pcl_surface;pcl_registration;pcl_keypoints;pcl_tracking;pcl_recognition;pcl_stereo;pcl_apps;pcl_outofcore;pcl_people;Boost::system;Boost::filesystem;Boost::date_time;Boost::iostreams;Boost::serialization;/usr/lib/libOpenNI.so;libusb::libusb;/usr/lib/x86_64-linux-gnu/libOpenNI2.so;libusb::libusb;VTK::ChartsCore;VTK::CommonColor;VTK::CommonComputationalGeometry;VTK::CommonCore;VTK::CommonDataModel;VTK::CommonExecutionModel;VTK::CommonMath;VTK::CommonMisc;VTK::CommonTransforms;VTK::FiltersCore;VTK::FiltersExtraction;VTK::FiltersGeneral;VTK::FiltersGeometry;VTK::FiltersModeling;VTK::FiltersSources;VTK::ImagingCore;VTK::ImagingSources;VTK::InteractionImage;VTK::InteractionStyle;VTK::InteractionWidgets;VTK::IOCore;VTK::IOGeometry;VTK::IOImage;VTK::IOLegacy;VTK::IOPLY;VTK::RenderingAnnotation;VTK::RenderingCore;VTK::RenderingContext2D;VTK::RenderingLOD;VTK::RenderingFreeType;VTK::ViewsCore;VTK::ViewsContext2D;VTK::RenderingOpenGL2;VTK::GUISupportQt;FLANN::FLANN;QHULL::QHULL  \n'}
[3.852684] (livox_sdk2) StdoutLine: {'line': b'[ 19%] \x1b[32mBuilding CXX object sdk_core/CMakeFiles/livox_lidar_sdk_static.dir/base/io_thread.cpp.o\x1b[0m\n'}
[3.869312] (livox_ros_driver2) StdoutLine: {'line': b'-- Found Qhull version 8.0.2\n'}
[3.911143] (odin_ros_driver) StdoutLine: {'line': b'-- Found OpenSSL: /usr/lib/x86_64-linux-gnu/libcrypto.so (found version "3.0.2")  \n'}
[3.911581] (odin_ros_driver) StdoutLine: {'line': b"-- Checking for module 'libusb-1.0'\n"}
[3.924064] (odin_ros_driver) StdoutLine: {'line': b'--   Found libusb-1.0, version 1.0.25\n'}
[3.924496] (-) TimerEvent: {}
[3.965025] (odin_ros_driver) StdoutLine: {'line': b'-- Configuring for ROS2 build\n'}
[3.966867] (odin_ros_driver) StdoutLine: {'line': b'-- Found ament_cmake: 1.3.14 (/opt/ros/humble/share/ament_cmake/cmake)\n'}
[4.001478] (livox_sdk2) StdoutLine: {'line': b'[ 20%] \x1b[32mBuilding CXX object sdk_core/CMakeFiles/livox_lidar_sdk_static.dir/base/logging.cpp.o\x1b[0m\n'}
[4.024795] (-) TimerEvent: {}
[4.054584] (basic) StdoutLine: {'line': b'-- Eigen found (include: /usr/include/eigen3, version: 3.4.0)\n'}
[4.065062] (basic) StdoutLine: {'line': b'-- OpenNI found (version: 1.5.4.0, include: /usr/include/ni, lib: /usr/lib/libOpenNI.so;libusb::libusb)\n'}
[4.073375] (basic) StdoutLine: {'line': b'-- OpenNI2 found (version: 2.2.0.33, include: /usr/include/openni2, lib: /usr/lib/x86_64-linux-gnu/libOpenNI2.so;libusb::libusb)\n'}
[4.118648] (livox_ros_driver2) StdoutLine: {'line': b'-- OpenNI found (version: 1.5.4.0, include: /usr/include/ni, lib: /usr/lib/libOpenNI.so;libusb::libusb)\n'}
[4.123347] (odin_ros_driver) StdoutLine: {'line': b'-- Found Python3: /usr/bin/python3 (found version "3.10.12") found components: Interpreter \n'}
[4.125033] (-) TimerEvent: {}
[4.225361] (-) TimerEvent: {}
[4.246367] (odin_ros_driver) StdoutLine: {'line': b'-- Found rclcpp: 16.0.21 (/opt/ros/humble/share/rclcpp/cmake)\n'}
[4.264288] (livox_sdk2) StdoutLine: {'line': b'[ 21%] \x1b[32mBuilding CXX object sdk_core/CMakeFiles/livox_lidar_sdk_static.dir/base/network/unix/network_util.cpp.o\x1b[0m\n'}
[4.265905] (livox_ros_driver2) StdoutLine: {'line': b'-- Found PCL_COMMON: /usr/lib/x86_64-linux-gnu/libpcl_common.so  \n'}
[4.266443] (livox_ros_driver2) StdoutLine: {'line': b'-- Found PCL_KDTREE: /usr/lib/x86_64-linux-gnu/libpcl_kdtree.so  \n'}
[4.268014] (livox_ros_driver2) StdoutLine: {'line': b'-- Found PCL_OCTREE: /usr/lib/x86_64-linux-gnu/libpcl_octree.so  \n'}
[4.269352] (livox_ros_driver2) StdoutLine: {'line': b'-- Found PCL_SEARCH: /usr/lib/x86_64-linux-gnu/libpcl_search.so  \n'}
[4.270558] (livox_ros_driver2) StdoutLine: {'line': b'-- Found PCL_SAMPLE_CONSENSUS: /usr/lib/x86_64-linux-gnu/libpcl_sample_consensus.so  \n'}
[4.271656] (livox_ros_driver2) StdoutLine: {'line': b'-- Found PCL_FILTERS: /usr/lib/x86_64-linux-gnu/libpcl_filters.so  \n'}
[4.272347] (livox_ros_driver2) StdoutLine: {'line': b'-- Found PCL_2D: /usr/include/pcl-1.12  \n'}
[4.273287] (livox_ros_driver2) StdoutLine: {'line': b'-- Found PCL_GEOMETRY: /usr/include/pcl-1.12  \n'}
[4.275744] (livox_ros_driver2) StdoutLine: {'line': b'-- Found PCL_IO: /usr/lib/x86_64-linux-gnu/libpcl_io.so  \n'}
[4.276094] (livox_ros_driver2) StdoutLine: {'line': b'-- Found PCL_FEATURES: /usr/lib/x86_64-linux-gnu/libpcl_features.so  \n'}
[4.277298] (livox_ros_driver2) StdoutLine: {'line': b'-- Found PCL_ML: /usr/lib/x86_64-linux-gnu/libpcl_ml.so  \n'}
[4.278369] (livox_ros_driver2) StdoutLine: {'line': b'-- Found PCL_SEGMENTATION: /usr/lib/x86_64-linux-gnu/libpcl_segmentation.so  \n'}
[4.279567] (livox_ros_driver2) StdoutLine: {'line': b'-- Found PCL_VISUALIZATION: /usr/lib/x86_64-linux-gnu/libpcl_visualization.so  \n'}
[4.281509] (livox_ros_driver2) StdoutLine: {'line': b'-- Found PCL_SURFACE: /usr/lib/x86_64-linux-gnu/libpcl_surface.so  \n'}
[4.281837] (livox_ros_driver2) StdoutLine: {'line': b'-- Found PCL_REGISTRATION: /usr/lib/x86_64-linux-gnu/libpcl_registration.so  \n'}
[4.282979] (livox_ros_driver2) StdoutLine: {'line': b'-- Found PCL_KEYPOINTS: /usr/lib/x86_64-linux-gnu/libpcl_keypoints.so  \n'}
[4.284105] (livox_ros_driver2) StdoutLine: {'line': b'-- Found PCL_TRACKING: /usr/lib/x86_64-linux-gnu/libpcl_tracking.so  \n'}
[4.285237] (livox_ros_driver2) StdoutLine: {'line': b'-- Found PCL_RECOGNITION: /usr/lib/x86_64-linux-gnu/libpcl_recognition.so  \n'}
[4.286464] (livox_ros_driver2) StdoutLine: {'line': b'-- Found PCL_STEREO: /usr/lib/x86_64-linux-gnu/libpcl_stereo.so  \n'}
[4.287549] (livox_ros_driver2) StdoutLine: {'line': b'-- Found PCL_APPS: /usr/lib/x86_64-linux-gnu/libpcl_apps.so  \n'}
[4.288566] (basic) StdoutLine: {'line': b'-- Found Qhull version 8.0.2\n'}
[4.289210] (livox_ros_driver2) StdoutLine: {'line': b'-- Found PCL_IN_HAND_SCANNER: /usr/include/pcl-1.12  \n'}
[4.289873] (livox_ros_driver2) StdoutLine: {'line': b'-- Found PCL_MODELER: /usr/include/pcl-1.12  \n'}
[4.290168] (livox_ros_driver2) StdoutLine: {'line': b'-- Found PCL_POINT_CLOUD_EDITOR: /usr/include/pcl-1.12  \n'}
[4.291276] (livox_ros_driver2) StdoutLine: {'line': b'-- Found PCL_OUTOFCORE: /usr/lib/x86_64-linux-gnu/libpcl_outofcore.so  \n'}
[4.292259] (livox_sdk2) StdoutLine: {'line': b'[ 23%] \x1b[32mBuilding CXX object sdk_core/CMakeFiles/livox_lidar_sdk_static.dir/base/multiple_io/multiple_io_base.cpp.o\x1b[0m\n'}
[4.292833] (livox_ros_driver2) StdoutLine: {'line': b'-- Found PCL_PEOPLE: /usr/lib/x86_64-linux-gnu/libpcl_people.so  \n'}
[4.307700] (odin_ros_driver) StdoutLine: {'line': b'-- Found rosidl_generator_c: 3.1.9 (/opt/ros/humble/share/rosidl_generator_c/cmake)\n'}
[4.314721] (livox_sdk2) StdoutLine: {'line': b'[ 24%] \x1b[32mBuilding CXX object sdk_core/CMakeFiles/livox_lidar_sdk_static.dir/base/multiple_io/multiple_io_epoll.cpp.o\x1b[0m\n'}
[4.315859] (odin_ros_driver) StdoutLine: {'line': b'-- Found rosidl_adapter: 3.1.9 (/opt/ros/humble/share/rosidl_adapter/cmake)\n'}
[4.325474] (-) TimerEvent: {}
[4.328306] (livox_sdk2) StdoutLine: {'line': b'[ 25%] \x1b[32mBuilding CXX object sdk_core/CMakeFiles/livox_lidar_sdk_static.dir/base/multiple_io/multiple_io_poll.cpp.o\x1b[0m\n'}
[4.329408] (odin_ros_driver) StdoutLine: {'line': b'-- Found rosidl_generator_cpp: 3.1.9 (/opt/ros/humble/share/rosidl_generator_cpp/cmake)\n'}
[4.333496] (livox_ros_driver2) StdoutLine: {'line': b'-- Found PkgConfig: /usr/bin/pkg-config (found version "0.29.2") \n'}
[4.333913] (livox_ros_driver2) StdoutLine: {'line': b"-- Checking for module 'apr-1'\n"}
[4.336136] (livox_ros_driver2) StdoutLine: {'line': b"--   No package 'apr-1' found\n"}
[4.346507] (odin_ros_driver) StdoutLine: {'line': b'-- Using all available rosidl_typesupport_c: rosidl_typesupport_fastrtps_c;rosidl_typesupport_introspection_c\n'}
[4.370699] (odin_ros_driver) StdoutLine: {'line': b'-- Using all available rosidl_typesupport_cpp: rosidl_typesupport_fastrtps_cpp;rosidl_typesupport_introspection_cpp\n'}
[4.417974] (livox_sdk2) StdoutLine: {'line': b'[ 26%] \x1b[32mBuilding CXX object sdk_core/CMakeFiles/livox_lidar_sdk_shared.dir/base/logging.cpp.o\x1b[0m\n'}
[4.425611] (-) TimerEvent: {}
[4.426156] (livox_sdk2) StdoutLine: {'line': b'[ 27%] \x1b[32mBuilding CXX object sdk_core/CMakeFiles/livox_lidar_sdk_static.dir/base/multiple_io/multiple_io_select.cpp.o\x1b[0m\n'}
[4.446691] (odin_ros_driver) StdoutLine: {'line': b'-- Found rmw_implementation_cmake: 6.1.4 (/opt/ros/humble/share/rmw_implementation_cmake/cmake)\n'}
[4.447369] (odin_ros_driver) StdoutLine: {'line': b'-- Found rmw_fastrtps_cpp: 6.2.10 (/opt/ros/humble/share/rmw_fastrtps_cpp/cmake)\n'}
[4.516752] (basic) StdoutLine: {'line': b'-- OpenNI found (version: 1.5.4.0, include: /usr/include/ni, lib: /usr/lib/libOpenNI.so;libusb::libusb)\n'}
[4.517133] (livox_sdk2) StdoutLine: {'line': b'[ 28%] \x1b[32mBuilding CXX object sdk_core/CMakeFiles/livox_lidar_sdk_shared.dir/base/network/unix/network_util.cpp.o\x1b[0m\n'}
[4.529576] (livox_sdk2) StdoutLine: {'line': b'[ 29%] \x1b[32mBuilding CXX object sdk_core/CMakeFiles/livox_lidar_sdk_shared.dir/base/multiple_io/multiple_io_base.cpp.o\x1b[0m\n'}
[4.529943] (-) TimerEvent: {}
[4.570331] (livox_ros_driver2) StdoutLine: {'line': b'-- Found ament_cmake_ros: 0.10.1 (/opt/ros/humble/share/ament_cmake_ros/cmake)\n'}
[4.572623] (odin_ros_driver) StdoutLine: {'line': b'-- Found FastRTPS: /opt/ros/humble/include  \n'}
[4.607124] (livox_sdk2) StdoutLine: {'line': b'[ 30%] \x1b[32mBuilding CXX object sdk_core/CMakeFiles/livox_lidar_sdk_shared.dir/base/multiple_io/multiple_io_epoll.cpp.o\x1b[0m\n'}
[4.630083] (-) TimerEvent: {}
[4.639661] (livox_sdk2) StdoutLine: {'line': b'[ 31%] \x1b[32mBuilding CXX object sdk_core/CMakeFiles/livox_lidar_sdk_static.dir/base/multiple_io/multiple_io_kqueue.cpp.o\x1b[0m\n'}
[4.642878] (basic) StdoutLine: {'line': b'-- looking for PCL_COMMON\n'}
[4.644078] (basic) StdoutLine: {'line': b'-- Found PCL_COMMON: /usr/lib/x86_64-linux-gnu/libpcl_common.so  \n'}
[4.644472] (basic) StdoutLine: {'line': b'-- looking for PCL_KDTREE\n'}
[4.644982] (basic) StdoutLine: {'line': b'-- Found PCL_KDTREE: /usr/lib/x86_64-linux-gnu/libpcl_kdtree.so  \n'}
[4.645254] (basic) StdoutLine: {'line': b'-- looking for PCL_OCTREE\n'}
[4.645727] (basic) StdoutLine: {'line': b'-- Found PCL_OCTREE: /usr/lib/x86_64-linux-gnu/libpcl_octree.so  \n'}
[4.645992] (basic) StdoutLine: {'line': b'-- looking for PCL_SEARCH\n'}
[4.647607] (basic) StdoutLine: {'line': b'-- Found PCL_SEARCH: /usr/lib/x86_64-linux-gnu/libpcl_search.so  \n'}
[4.648000] (basic) StdoutLine: {'line': b'-- looking for PCL_SAMPLE_CONSENSUS\n'}
[4.648278] (basic) StdoutLine: {'line': b'-- Found PCL_SAMPLE_CONSENSUS: /usr/lib/x86_64-linux-gnu/libpcl_sample_consensus.so  \n'}
[4.648571] (basic) StdoutLine: {'line': b'-- looking for PCL_FILTERS\n'}
[4.648844] (basic) StdoutLine: {'line': b'-- Found PCL_FILTERS: /usr/lib/x86_64-linux-gnu/libpcl_filters.so  \n'}
[4.649134] (basic) StdoutLine: {'line': b'-- looking for PCL_2D\n'}
[4.649360] (basic) StdoutLine: {'line': b'-- Found PCL_2D: /usr/include/pcl-1.12  \n'}
[4.649564] (basic) StdoutLine: {'line': b'-- looking for PCL_GEOMETRY\n'}
[4.649764] (basic) StdoutLine: {'line': b'-- Found PCL_GEOMETRY: /usr/include/pcl-1.12  \n'}
[4.649990] (basic) StdoutLine: {'line': b'-- looking for PCL_IO\n'}
[4.650196] (basic) StdoutLine: {'line': b'-- Found PCL_IO: /usr/lib/x86_64-linux-gnu/libpcl_io.so  \n'}
[4.650393] (basic) StdoutLine: {'line': b'-- looking for PCL_FEATURES\n'}
[4.650743] (basic) StdoutLine: {'line': b'-- Found PCL_FEATURES: /usr/lib/x86_64-linux-gnu/libpcl_features.so  \n'}
[4.650977] (basic) StdoutLine: {'line': b'-- looking for PCL_ML\n'}
[4.651520] (basic) StdoutLine: {'line': b'-- Found PCL_ML: /usr/lib/x86_64-linux-gnu/libpcl_ml.so  \n'}
[4.651771] (basic) StdoutLine: {'line': b'-- looking for PCL_SEGMENTATION\n'}
[4.652271] (basic) StdoutLine: {'line': b'-- Found PCL_SEGMENTATION: /usr/lib/x86_64-linux-gnu/libpcl_segmentation.so  \n'}
[4.654814] (basic) StdoutLine: {'line': b'-- looking for PCL_VISUALIZATION\n'}
[4.655033] (basic) StdoutLine: {'line': b'-- Found PCL_VISUALIZATION: /usr/lib/x86_64-linux-gnu/libpcl_visualization.so  \n'}
[4.655236] (basic) StdoutLine: {'line': b'-- looking for PCL_SURFACE\n'}
[4.655463] (basic) StdoutLine: {'line': b'-- Found PCL_SURFACE: /usr/lib/x86_64-linux-gnu/libpcl_surface.so  \n'}
[4.655695] (basic) StdoutLine: {'line': b'-- looking for PCL_REGISTRATION\n'}
[4.655894] (basic) StdoutLine: {'line': b'-- Found PCL_REGISTRATION: /usr/lib/x86_64-linux-gnu/libpcl_registration.so  \n'}
[4.656092] (basic) StdoutLine: {'line': b'-- looking for PCL_KEYPOINTS\n'}
[4.656298] (basic) StdoutLine: {'line': b'-- Found PCL_KEYPOINTS: /usr/lib/x86_64-linux-gnu/libpcl_keypoints.so  \n'}
[4.656501] (basic) StdoutLine: {'line': b'-- looking for PCL_TRACKING\n'}
[4.656710] (basic) StdoutLine: {'line': b'-- Found PCL_TRACKING: /usr/lib/x86_64-linux-gnu/libpcl_tracking.so  \n'}
[4.656922] (basic) StdoutLine: {'line': b'-- looking for PCL_RECOGNITION\n'}
[4.657142] (basic) StdoutLine: {'line': b'-- Found PCL_RECOGNITION: /usr/lib/x86_64-linux-gnu/libpcl_recognition.so  \n'}
[4.658135] (basic) StdoutLine: {'line': b'-- looking for PCL_STEREO\n'}
[4.658565] (basic) StdoutLine: {'line': b'-- Found PCL_STEREO: /usr/lib/x86_64-linux-gnu/libpcl_stereo.so  \n'}
[4.658843] (basic) StdoutLine: {'line': b'-- looking for PCL_APPS\n'}
[4.659100] (basic) StdoutLine: {'line': b'-- Found PCL_APPS: /usr/lib/x86_64-linux-gnu/libpcl_apps.so  \n'}
[4.659601] (basic) StdoutLine: {'line': b'-- looking for PCL_IN_HAND_SCANNER\n'}
[4.659853] (basic) StdoutLine: {'line': b'-- Found PCL_IN_HAND_SCANNER: /usr/include/pcl-1.12  \n'}
[4.660071] (basic) StdoutLine: {'line': b'-- looking for PCL_MODELER\n'}
[4.660275] (basic) StdoutLine: {'line': b'-- Found PCL_MODELER: /usr/include/pcl-1.12  \n'}
[4.660487] (basic) StdoutLine: {'line': b'-- looking for PCL_POINT_CLOUD_EDITOR\n'}
[4.660720] (basic) StdoutLine: {'line': b'-- Found PCL_POINT_CLOUD_EDITOR: /usr/include/pcl-1.12  \n'}
[4.660996] (basic) StdoutLine: {'line': b'-- looking for PCL_OUTOFCORE\n'}
[4.661442] (basic) StdoutLine: {'line': b'-- Found PCL_OUTOFCORE: /usr/lib/x86_64-linux-gnu/libpcl_outofcore.so  \n'}
[4.661757] (basic) StdoutLine: {'line': b'-- looking for PCL_PEOPLE\n'}
[4.662463] (basic) StdoutLine: {'line': b'-- Found PCL_PEOPLE: /usr/lib/x86_64-linux-gnu/libpcl_people.so  \n'}
[4.663115] (basic) StdoutLine: {'line': b'-- Found PCL: pcl_common;pcl_kdtree;pcl_octree;pcl_search;pcl_sample_consensus;pcl_filters;pcl_io;pcl_features;pcl_ml;pcl_segmentation;pcl_visualization;pcl_surface;pcl_registration;pcl_keypoints;pcl_tracking;pcl_recognition;pcl_stereo;pcl_apps;pcl_outofcore;pcl_people;Boost::system;Boost::filesystem;Boost::date_time;Boost::iostreams;Boost::serialization;/usr/lib/libOpenNI.so;libusb::libusb;/usr/lib/x86_64-linux-gnu/libOpenNI2.so;libusb::libusb;VTK::ChartsCore;VTK::CommonColor;VTK::CommonComputationalGeometry;VTK::CommonCore;VTK::CommonDataModel;VTK::CommonExecutionModel;VTK::CommonMath;VTK::CommonMisc;VTK::CommonTransforms;VTK::FiltersCore;VTK::FiltersExtraction;VTK::FiltersGeneral;VTK::FiltersGeometry;VTK::FiltersModeling;VTK::FiltersSources;VTK::ImagingCore;VTK::ImagingSources;VTK::InteractionImage;VTK::InteractionStyle;VTK::InteractionWidgets;VTK::IOCore;VTK::IOGeometry;VTK::IOImage;VTK::IOLegacy;VTK::IOPLY;VTK::RenderingAnnotation;VTK::RenderingCore;VTK::RenderingContext2D;VTK::RenderingLOD;VTK::RenderingFreeType;VTK::ViewsCore;VTK::ViewsContext2D;VTK::RenderingOpenGL2;VTK::GUISupportQt;FLANN::FLANN;QHULL::QHULL  \n'}
[4.685811] (livox_sdk2) StdoutLine: {'line': b'[ 32%] \x1b[32mBuilding CXX object sdk_core/CMakeFiles/livox_lidar_sdk_static.dir/base/wake_up/unix/wake_up_pipe.cpp.o\x1b[0m\n'}
[4.694192] (odin_ros_driver) StdoutLine: {'line': b"-- Using RMW implementation 'rmw_fastrtps_cpp' as default\n"}
[4.712188] (livox_sdk2) StdoutLine: {'line': b'[ 34%] \x1b[32mBuilding CXX object sdk_core/CMakeFiles/livox_lidar_sdk_static.dir/comm/comm_port.cpp.o\x1b[0m\n'}
[4.727604] (livox_sdk2) StdoutLine: {'line': b'[ 35%] \x1b[32mBuilding CXX object sdk_core/CMakeFiles/livox_lidar_sdk_shared.dir/base/multiple_io/multiple_io_poll.cpp.o\x1b[0m\n'}
[4.730163] (-) TimerEvent: {}
[4.733258] (livox_sdk2) StdoutLine: {'line': b'[ 36%] \x1b[32mBuilding CXX object sdk_core/CMakeFiles/livox_lidar_sdk_shared.dir/base/multiple_io/multiple_io_select.cpp.o\x1b[0m\n'}
[4.769616] (basic) StdoutLine: {'line': b'-- Configuring done\n'}
[4.801765] (odin_ros_driver) StdoutLine: {'line': b'-- Found sensor_msgs: 4.9.2 (/opt/ros/humble/share/sensor_msgs/cmake)\n'}
[4.806720] (livox_sdk2) StdoutLine: {'line': b'[ 37%] \x1b[32mBuilding CXX object sdk_core/CMakeFiles/livox_lidar_sdk_static.dir/comm/sdk_protocol.cpp.o\x1b[0m\n'}
[4.817593] (basic) StdoutLine: {'line': b'-- Generating done\n'}
[4.830615] (-) TimerEvent: {}
[4.838012] (basic) StdoutLine: {'line': b'-- Build files have been written to: /home/slam/r2_ws/build/basic\n'}
[4.838835] (livox_sdk2) StdoutLine: {'line': b'[ 38%] \x1b[32mBuilding CXX object sdk_core/CMakeFiles/livox_lidar_sdk_static.dir/comm/generate_seq.cpp.o\x1b[0m\n'}
[4.850036] (odin_ros_driver) StdoutLine: {'line': b'-- Found nav_msgs: 4.9.2 (/opt/ros/humble/share/nav_msgs/cmake)\n'}
[4.852063] (livox_sdk2) StdoutLine: {'line': b'[ 39%] \x1b[32mBuilding CXX object sdk_core/CMakeFiles/livox_lidar_sdk_shared.dir/base/multiple_io/multiple_io_kqueue.cpp.o\x1b[0m\n'}
[4.863239] (basic) CommandEnded: {'returncode': 0}
[4.874921] (livox_sdk2) StdoutLine: {'line': b'[ 40%] \x1b[32mBuilding CXX object sdk_core/CMakeFiles/livox_lidar_sdk_shared.dir/base/wake_up/unix/wake_up_pipe.cpp.o\x1b[0m\n'}
[4.875583] (basic) JobProgress: {'identifier': 'basic', 'progress': 'build'}
[4.875615] (basic) Command: {'cmd': ['/usr/bin/cmake', '--build', '/home/slam/r2_ws/build/basic', '--', '-j10', '-l10'], 'cwd': '/home/slam/r2_ws/build/basic', 'env': OrderedDict([('GJS_DEBUG_TOPICS', 'JS ERROR;JS LOG'), ('LESSOPEN', '| /usr/bin/lesspipe %s'), ('LANGUAGE', 'zh_CN:en'), ('USER', 'slam'), ('LC_TIME', 'en_US.UTF-8'), ('XDG_SESSION_TYPE', 'x11'), ('GIT_ASKPASS', '/usr/share/code/resources/app/extensions/git/dist/askpass.sh'), ('SHLVL', '1'), ('LIBGL_ALWAYS_SOFTWARE', '1'), ('LD_LIBRARY_PATH', '/opt/ros/humble/opt/rviz_ogre_vendor/lib:/opt/ros/humble/lib/x86_64-linux-gnu:/opt/ros/humble/lib'), ('HOME', '/home/slam'), ('CHROME_DESKTOP', 'code.desktop'), ('TERM_PROGRAM_VERSION', '1.106.3'), ('DESKTOP_SESSION', 'ubuntu'), ('GIO_LAUNCHED_DESKTOP_FILE', '/usr/share/applications/code.desktop'), ('ROS_PYTHON_VERSION', '3'), ('GNOME_SHELL_SESSION_MODE', 'ubuntu'), ('GTK_MODULES', 'gail:atk-bridge'), ('VSCODE_GIT_ASKPASS_MAIN', '/usr/share/code/resources/app/extensions/git/dist/askpass-main.js'), ('LC_MONETARY', 'en_US.UTF-8'), ('VSCODE_GIT_ASKPASS_NODE', '/usr/share/code/code'), ('MANAGERPID', '923'), ('SYSTEMD_EXEC_PID', '1397'), ('VSCODE_PYTHON_AUTOACTIVATE_GUARD', '1'), ('DBUS_SESSION_BUS_ADDRESS', 'unix:path=/run/user/1000/bus'), ('COLORTERM', 'truecolor'), ('GIO_LAUNCHED_DESKTOP_FILE_PID', '2132'), ('IM_CONFIG_PHASE', '1'), ('ROS_DISTRO', 'humble'), ('LOGNAME', 'slam'), ('JOURNAL_STREAM', '8:14451'), ('_', '/home/slam/.local/bin/colcon'), ('ROS_VERSION', '2'), ('CLAUDE_CODE_SSE_PORT', '45534'), ('XDG_SESSION_CLASS', 'user'), ('USERNAME', 'slam'), ('TERM', 'xterm-256color'), ('GNOME_DESKTOP_SESSION_ID', 'this-is-deprecated'), ('ROS_LOCALHOST_ONLY', '0'), ('WINDOWPATH', '2'), ('PATH', '/home/slam/.local/bin:/opt/ros/humble/bin:/home/slam/.local/bin:/home/slam/.local/bin:/usr/local/sbin:/usr/local/bin:/usr/sbin:/usr/bin:/sbin:/bin:/usr/games:/usr/local/games:/snap/bin:/snap/bin'), ('SESSION_MANAGER', 'local/robot-mix:@/tmp/.ICE-unix/1373,unix/robot-mix:/tmp/.ICE-unix/1373'), ('INVOCATION_ID', '988bc9d1a0f141bebf1871abfcc9bead'), ('PAPERSIZE', 'letter'), ('XDG_MENU_PREFIX', 'gnome-'), ('LC_ADDRESS', 'en_US.UTF-8'), ('XDG_RUNTIME_DIR', '/run/user/1000'), ('GDK_BACKEND', 'x11'), ('DISPLAY', ':0'), ('LANG', 'zh_CN.UTF-8'), ('XDG_CURRENT_DESKTOP', 'Unity'), ('LC_TELEPHONE', 'en_US.UTF-8'), ('XMODIFIERS', '@im=ibus'), ('XDG_SESSION_DESKTOP', 'ubuntu'), ('XAUTHORITY', '/run/user/1000/gdm/Xauthority'), ('LS_COLORS', 'rs=0:di=01;34:ln=01;36:mh=00:pi=40;33:so=01;35:do=01;35:bd=40;33;01:cd=40;33;01:or=40;31;01:mi=00:su=37;41:sg=30;43:ca=30;41:tw=30;42:ow=34;42:st=37;44:ex=01;32:*.tar=01;31:*.tgz=01;31:*.arc=01;31:*.arj=01;31:*.taz=01;31:*.lha=01;31:*.lz4=01;31:*.lzh=01;31:*.lzma=01;31:*.tlz=01;31:*.txz=01;31:*.tzo=01;31:*.t7z=01;31:*.zip=01;31:*.z=01;31:*.dz=01;31:*.gz=01;31:*.lrz=01;31:*.lz=01;31:*.lzo=01;31:*.xz=01;31:*.zst=01;31:*.tzst=01;31:*.bz2=01;31:*.bz=01;31:*.tbz=01;31:*.tbz2=01;31:*.tz=01;31:*.deb=01;31:*.rpm=01;31:*.jar=01;31:*.war=01;31:*.ear=01;31:*.sar=01;31:*.rar=01;31:*.alz=01;31:*.ace=01;31:*.zoo=01;31:*.cpio=01;31:*.7z=01;31:*.rz=01;31:*.cab=01;31:*.wim=01;31:*.swm=01;31:*.dwm=01;31:*.esd=01;31:*.jpg=01;35:*.jpeg=01;35:*.mjpg=01;35:*.mjpeg=01;35:*.gif=01;35:*.bmp=01;35:*.pbm=01;35:*.pgm=01;35:*.ppm=01;35:*.tga=01;35:*.xbm=01;35:*.xpm=01;35:*.tif=01;35:*.tiff=01;35:*.png=01;35:*.svg=01;35:*.svgz=01;35:*.mng=01;35:*.pcx=01;35:*.mov=01;35:*.mpg=01;35:*.mpeg=01;35:*.m2v=01;35:*.mkv=01;35:*.webm=01;35:*.webp=01;35:*.ogm=01;35:*.mp4=01;35:*.m4v=01;35:*.mp4v=01;35:*.vob=01;35:*.qt=01;35:*.nuv=01;35:*.wmv=01;35:*.asf=01;35:*.rm=01;35:*.rmvb=01;35:*.flc=01;35:*.avi=01;35:*.fli=01;35:*.flv=01;35:*.gl=01;35:*.dl=01;35:*.xcf=01;35:*.xwd=01;35:*.yuv=01;35:*.cgm=01;35:*.emf=01;35:*.ogv=01;35:*.ogx=01;35:*.aac=00;36:*.au=00;36:*.flac=00;36:*.m4a=00;36:*.mid=00;36:*.midi=00;36:*.mka=00;36:*.mp3=00;36:*.mpc=00;36:*.ogg=00;36:*.ra=00;36:*.wav=00;36:*.oga=00;36:*.opus=00;36:*.spx=00;36:*.xspf=00;36:'), ('VSCODE_GIT_IPC_HANDLE', '/run/user/1000/vscode-git-656e967976.sock'), ('TERM_PROGRAM', 'vscode'), ('SSH_AGENT_LAUNCHER', 'gnome-keyring'), ('SSH_AUTH_SOCK', '/run/user/1000/keyring/ssh'), ('AMENT_PREFIX_PATH', '/opt/ros/humble'), ('ORIGINAL_XDG_CURRENT_DESKTOP', 'ubuntu:GNOME'), ('SHELL', '/bin/bash'), ('LC_NAME', 'en_US.UTF-8'), ('QT_ACCESSIBILITY', '1'), ('GDMSESSION', 'ubuntu'), ('LESSCLOSE', '/usr/bin/lesspipe %s %s'), ('LC_MEASUREMENT', 'en_US.UTF-8'), ('GPG_AGENT_INFO', '/run/user/1000/gnupg/S.gpg-agent:0:1'), ('GJS_DEBUG_OUTPUT', 'stderr'), ('LC_IDENTIFICATION', 'en_US.UTF-8'), ('VSCODE_GIT_ASKPASS_EXTRA_ARGS', ''), ('QT_IM_MODULE', 'ibus'), ('PWD', '/home/slam/r2_ws/build/basic'), ('QT_QPA_PLATFORM', 'xcb'), ('LC_ALL', 'en_US.UTF-8'), ('XDG_CONFIG_DIRS', '/etc/xdg/xdg-ubuntu:/etc/xdg'), ('XDG_DATA_DIRS', '/usr/share/gnome:/usr/share/ubuntu:/usr/local/share/:/usr/share/:/var/lib/snapd/desktop'), ('PYTHONPATH', '/opt/ros/humble/lib/python3.10/site-packages:/opt/ros/humble/local/lib/python3.10/dist-packages'), ('LC_NUMERIC', 'en_US.UTF-8'), ('LC_PAPER', 'en_US.UTF-8'), ('COLCON', '1'), ('CMAKE_PREFIX_PATH', '/opt/ros/humble')]), 'shell': False}
[4.896574] (odin_ros_driver) StdoutLine: {'line': b'-- Found visualization_msgs: 4.9.2 (/opt/ros/humble/share/visualization_msgs/cmake)\n'}
[4.906479] (livox_sdk2) StdoutLine: {'line': b'[ 41%] \x1b[32mBuilding CXX object sdk_core/CMakeFiles/livox_lidar_sdk_static.dir/upgrade/firmware.cpp.o\x1b[0m\n'}
[4.915870] (livox_sdk2) StdoutLine: {'line': b'[ 42%] \x1b[32mBuilding CXX object sdk_core/CMakeFiles/livox_lidar_sdk_shared.dir/comm/comm_port.cpp.o\x1b[0m\n'}
[4.922147] (livox_sdk2) StdoutLine: {'line': b'[ 43%] \x1b[32mBuilding CXX object sdk_core/CMakeFiles/livox_lidar_sdk_static.dir/upgrade/livox_lidar_upgrader.cpp.o\x1b[0m\n'}
[4.926162] (livox_sdk2) StdoutLine: {'line': b'[ 46%] \x1b[32mBuilding CXX object sdk_core/CMakeFiles/livox_lidar_sdk_shared.dir/comm/sdk_protocol.cpp.o\x1b[0m\n'}
[4.927091] (livox_sdk2) StdoutLine: {'line': b'[ 46%] \x1b[32mBuilding CXX object sdk_core/CMakeFiles/livox_lidar_sdk_shared.dir/comm/generate_seq.cpp.o\x1b[0m\n'}
[4.930680] (odin_ros_driver) StdoutLine: {'line': b'-- Found cv_bridge: 3.2.1 (/opt/ros/humble/share/cv_bridge/cmake)\n'}
[4.931419] (-) TimerEvent: {}
[4.938516] (odin_ros_driver) StdoutLine: {'line': b'-- Found image_transport: 3.1.13 (/opt/ros/humble/share/image_transport/cmake)\n'}
[4.941613] (livox_ros_driver2) StdoutLine: {'line': b'-- Using all available rosidl_typesupport_c: rosidl_typesupport_fastrtps_c;rosidl_typesupport_introspection_c\n'}
[4.972481] (basic) StdoutLine: {'line': b'[ 33%] \x1b[32mBuilding CXX object CMakeFiles/basic.dir/src/logs.cpp.o\x1b[0m\n'}
[4.973794] (basic) StdoutLine: {'line': b'[ 66%] \x1b[32mBuilding CXX object CMakeFiles/basic.dir/src/Manifold.cpp.o\x1b[0m\n'}
[5.006700] (odin_ros_driver) StdoutLine: {'line': b'-- Found pcl_conversions: 2.4.5 (/opt/ros/humble/share/pcl_conversions/cmake)\n'}
[5.013610] (livox_sdk2) StdoutLine: {'line': b'[ 47%] \x1b[32mBuilding CXX object sdk_core/CMakeFiles/livox_lidar_sdk_shared.dir/upgrade/firmware.cpp.o\x1b[0m\n'}
[5.031711] (livox_sdk2) StdoutLine: {'line': b'[ 48%] \x1b[32mBuilding CXX object sdk_core/CMakeFiles/livox_lidar_sdk_static.dir/logger_handler/logger_manager.cpp.o\x1b[0m\n'}
[5.032372] (-) TimerEvent: {}
[5.046333] (odin_ros_driver) StdoutLine: {'line': b'-- Found tf2: 0.25.23 (/opt/ros/humble/share/tf2/cmake)\n'}
[5.050057] (livox_sdk2) StdoutLine: {'line': b'[ 49%] \x1b[32mBuilding CXX object sdk_core/CMakeFiles/livox_lidar_sdk_shared.dir/upgrade/livox_lidar_upgrader.cpp.o\x1b[0m\n'}
[5.058997] (odin_ros_driver) StdoutLine: {'line': b'-- Found tf2_ros: 0.25.23 (/opt/ros/humble/share/tf2_ros/cmake)\n'}
[5.122400] (livox_sdk2) StdoutLine: {'line': b'[ 50%] \x1b[32mBuilding CXX object sdk_core/CMakeFiles/livox_lidar_sdk_shared.dir/logger_handler/logger_manager.cpp.o\x1b[0m\n'}
[5.132483] (-) TimerEvent: {}
[5.160784] (livox_sdk2) StdoutLine: {'line': b'[ 51%] \x1b[32mBuilding CXX object sdk_core/CMakeFiles/livox_lidar_sdk_shared.dir/logger_handler/logger_handler.cpp.o\x1b[0m\n'}
[5.210127] (livox_sdk2) StdoutLine: {'line': b'[ 52%] \x1b[32mBuilding CXX object sdk_core/CMakeFiles/livox_lidar_sdk_static.dir/logger_handler/logger_handler.cpp.o\x1b[0m\n'}
[5.232669] (-) TimerEvent: {}
[5.235464] (odin_ros_driver) StdoutLine: {'line': b'-- Found tf2_geometry_msgs: 0.25.23 (/opt/ros/humble/share/tf2_geometry_msgs/cmake)\n'}
[5.243734] (livox_sdk2) StdoutLine: {'line': b'[ 53%] \x1b[32mBuilding CXX object sdk_core/CMakeFiles/livox_lidar_sdk_shared.dir/logger_handler/file_manager.cpp.o\x1b[0m\n'}
[5.248995] (livox_sdk2) StdoutLine: {'line': b'[ 54%] \x1b[32mBuilding CXX object sdk_core/CMakeFiles/livox_lidar_sdk_static.dir/logger_handler/file_manager.cpp.o\x1b[0m\n'}
[5.254715] (odin_ros_driver) StdoutLine: {'line': b'-- Found eigen3_cmake_module: 0.1.1 (/opt/ros/humble/share/eigen3_cmake_module/cmake)\n'}
[5.257658] (odin_ros_driver) StdoutLine: {'line': b'-- Found Eigen3: TRUE (found version "3.4.0") \n'}
[5.258109] (odin_ros_driver) StdoutLine: {'line': b'-- Ensuring Eigen3 include directory is part of orocos-kdl CMake target\n'}
[5.267663] (odin_ros_driver) StdoutLine: {'line': b'-- Found rosidl_default_generators: 1.2.1 (/opt/ros/humble/share/rosidl_default_generators/cmake)\n'}
[5.328687] (livox_ros_driver2) StdoutLine: {'line': b'-- Using all available rosidl_typesupport_cpp: rosidl_typesupport_fastrtps_cpp;rosidl_typesupport_introspection_cpp\n'}
[5.333934] (-) TimerEvent: {}
[5.373228] (livox_ros_driver2) StdoutLine: {'line': b'-- Found PythonInterp: /usr/bin/python3 (found suitable version "3.10.12", minimum required is "3.6") \n'}
[5.374608] (livox_ros_driver2) StdoutLine: {'line': b'-- Found python_cmake_module: 0.10.0 (/opt/ros/humble/share/python_cmake_module/cmake)\n'}
[5.428479] (livox_ros_driver2) StdoutLine: {'line': b'-- Found PythonLibs: /usr/lib/x86_64-linux-gnu/libpython3.10.so (found suitable version "3.10.12", minimum required is "3.5") \n'}
[5.428952] (livox_ros_driver2) StdoutLine: {'line': b'-- Using PYTHON_EXECUTABLE: /usr/bin/python3\n'}
[5.429189] (livox_ros_driver2) StdoutLine: {'line': b'-- Using PYTHON_INCLUDE_DIRS: /usr/include/python3.10\n'}
[5.429416] (livox_ros_driver2) StdoutLine: {'line': b'-- Using PYTHON_LIBRARIES: /usr/lib/x86_64-linux-gnu/libpython3.10.so\n'}
[5.434008] (-) TimerEvent: {}
[5.469771] (livox_ros_driver2) StdoutLine: {'line': b'-- Found PythonExtra: .so  \n'}
[5.534129] (-) TimerEvent: {}
[5.611228] (livox_sdk2) StdoutLine: {'line': b'[ 56%] \x1b[32mBuilding CXX object sdk_core/CMakeFiles/livox_lidar_sdk_shared.dir/data_handler/data_handler.cpp.o\x1b[0m\n'}
[5.634240] (-) TimerEvent: {}
[5.684881] (livox_ros_driver2) StdoutLine: {'line': b'-- Found ament_lint_auto: 0.12.15 (/opt/ros/humble/share/ament_lint_auto/cmake)\n'}
[5.728003] (livox_ros_driver2) StdoutLine: {'line': b"-- Added test 'copyright' to check source files copyright and LICENSE\n"}
[5.734331] (-) TimerEvent: {}
[5.736627] (livox_ros_driver2) StdoutLine: {'line': b"-- Added test 'cppcheck' to perform static code analysis on C / C++ code\n"}
[5.738420] (livox_ros_driver2) StdoutLine: {'line': b'-- Configured cppcheck include dirs: /home/slam/r2_ws/lidar_ws/src/livox_ros_driver2/3rdparty;/home/slam/r2_ws/lidar_ws/src/livox_ros_driver2/src\n'}
[5.738761] (livox_ros_driver2) StdoutLine: {'line': b'-- Configured cppcheck exclude dirs and/or files: \n'}
[5.747854] (livox_ros_driver2) StdoutLine: {'line': b"-- Added test 'cpplint' to check C / C++ code against the Google style\n"}
[5.749882] (livox_ros_driver2) StdoutLine: {'line': b'-- Configured cpplint exclude dirs and/or files: \n'}
[5.754378] (livox_ros_driver2) StdoutLine: {'line': b"-- Added test 'flake8' to check Python code syntax and style conventions\n"}
[5.756038] (livox_ros_driver2) StdoutLine: {'line': b"-- Added test 'lint_cmake' to check CMake code style\n"}
[5.761479] (livox_ros_driver2) StdoutLine: {'line': b"-- Added test 'pep257' to check Python code against some of the docstring style conventions in PEP 257\n"}
[5.769080] (livox_ros_driver2) StdoutLine: {'line': b"-- Added test 'uncrustify' to check C / C++ code style\n"}
[5.769605] (livox_ros_driver2) StdoutLine: {'line': b'-- Configured uncrustify additional arguments: \n'}
[5.771407] (livox_ros_driver2) StdoutLine: {'line': b"-- Added test 'xmllint' to check XML markup files\n"}
[5.776585] (livox_ros_driver2) StdoutLine: {'line': b'-- Configuring done\n'}
[5.797603] (livox_ros_driver2) StderrLine: {'line': b'\x1b[0mCMake Error: The following variables are used in this project, but they are set to NOTFOUND.\n'}
[5.798058] (livox_ros_driver2) StderrLine: {'line': b'Please set them or make sure they are set and tested correctly in the CMake files:\n'}
[5.798296] (livox_ros_driver2) StderrLine: {'line': b'/home/slam/r2_ws/lidar_ws/src/livox_ros_driver2/LIVOX_INTERFACES_INCLUDE_DIRECTORIES\n'}
[5.798520] (livox_ros_driver2) StderrLine: {'line': b'   used as include directory in directory /home/slam/r2_ws/lidar_ws/src/livox_ros_driver2\n'}
[5.798751] (livox_ros_driver2) StderrLine: {'line': b'\x1b[0m\n'}
[5.834446] (-) TimerEvent: {}
[5.934815] (-) TimerEvent: {}
[5.936091] (livox_ros_driver2) StdoutLine: {'line': b'-- Generating done\n'}
[5.938291] (livox_ros_driver2) StderrLine: {'line': b'\x1b[0mCMake Generate step failed.  Build files cannot be regenerated correctly.\x1b[0m\n'}
[6.014585] (livox_ros_driver2) CommandEnded: {'returncode': 1}
[6.034925] (-) TimerEvent: {}
[6.076294] (odin_ros_driver) StdoutLine: {'line': b'-- Found ament_cmake_ros: 0.10.1 (/opt/ros/humble/share/ament_cmake_ros/cmake)\n'}
[6.105170] (livox_ros_driver2) JobEnded: {'identifier': 'livox_ros_driver2', 'rc': 1}
[6.135082] (-) TimerEvent: {}
[6.228158] (livox_sdk2) StdoutLine: {'line': b'[ 57%] \x1b[32mBuilding CXX object sdk_core/CMakeFiles/livox_lidar_sdk_static.dir/data_handler/data_handler.cpp.o\x1b[0m\n'}
[6.235171] (-) TimerEvent: {}
[6.335606] (-) TimerEvent: {}
[6.436075] (-) TimerEvent: {}
[6.539804] (-) TimerEvent: {}
[6.640242] (-) TimerEvent: {}
[6.718095] (odin_ros_driver) StdoutLine: {'line': b'-- Using all available rosidl_typesupport_c: rosidl_typesupport_fastrtps_c;rosidl_typesupport_introspection_c\n'}
[6.740367] (-) TimerEvent: {}
[6.840814] (-) TimerEvent: {}
[6.941248] (-) TimerEvent: {}
[6.960188] (odin_ros_driver) StdoutLine: {'line': b'-- Using all available rosidl_typesupport_cpp: rosidl_typesupport_fastrtps_cpp;rosidl_typesupport_introspection_cpp\n'}
[7.008299] (odin_ros_driver) StdoutLine: {'line': b'-- Found PythonInterp: /usr/bin/python3 (found suitable version "3.10.12", minimum required is "3.6") \n'}
[7.014009] (odin_ros_driver) StdoutLine: {'line': b'-- Found python_cmake_module: 0.10.0 (/opt/ros/humble/share/python_cmake_module/cmake)\n'}
[7.041367] (-) TimerEvent: {}
[7.080308] (odin_ros_driver) StdoutLine: {'line': b'-- Found PythonLibs: /usr/lib/x86_64-linux-gnu/libpython3.10.so (found suitable version "3.10.12", minimum required is "3.5") \n'}
[7.081712] (odin_ros_driver) StdoutLine: {'line': b'-- Using PYTHON_EXECUTABLE: /usr/bin/python3\n'}
[7.082360] (odin_ros_driver) StdoutLine: {'line': b'-- Using PYTHON_INCLUDE_DIRS: /usr/include/python3.10\n'}
[7.082867] (odin_ros_driver) StdoutLine: {'line': b'-- Using PYTHON_LIBRARIES: /usr/lib/x86_64-linux-gnu/libpython3.10.so\n'}
[7.116730] (odin_ros_driver) StdoutLine: {'line': b'-- Found PythonExtra: .so  \n'}
[7.141486] (-) TimerEvent: {}
[7.242067] (-) TimerEvent: {}
[7.342588] (-) TimerEvent: {}
[7.353148] (odin_ros_driver) StdoutLine: {'line': b'-- Installing launch_ROS2 directory to share/odin_ros_driver/launch\n'}
[7.364846] (odin_ros_driver) StdoutLine: {'line': b'-- Install targets added\n'}
[7.365234] (odin_ros_driver) StdoutLine: {'line': b'-- =======================================\n'}
[7.365316] (odin_ros_driver) StdoutLine: {'line': b'-- Project: odin_ros_driver\n'}
[7.365378] (odin_ros_driver) StdoutLine: {'line': b'-- ROS_VERSION: ROS2\n'}
[7.365442] (odin_ros_driver) StdoutLine: {'line': b'-- Target platform: x86\n'}
[7.365553] (odin_ros_driver) StdoutLine: {'line': b'-- lydHostApi library: /home/slam/r2_ws/odin1_ws/src/odin_ros_driver/lib/liblydHostApi_amd.a\n'}
[7.365608] (odin_ros_driver) StdoutLine: {'line': b'-- libusb library: usb-1.0\n'}
[7.365652] (odin_ros_driver) StdoutLine: {'line': b'-- =======================================\n'}
[7.365697] (odin_ros_driver) StdoutLine: {'line': b'-- Configuring done\n'}
[7.442687] (-) TimerEvent: {}
[7.543005] (-) TimerEvent: {}
[7.646620] (-) TimerEvent: {}
[7.668979] (odin_ros_driver) StdoutLine: {'line': b'-- Generating done\n'}
[7.717360] (odin_ros_driver) StdoutLine: {'line': b'-- Build files have been written to: /home/slam/r2_ws/build/odin_ros_driver\n'}
[7.742865] (odin_ros_driver) JobEnded: {'identifier': 'odin_ros_driver', 'rc': 'SIGINT'}
[7.746708] (-) TimerEvent: {}
[7.847103] (-) TimerEvent: {}
[7.947474] (-) TimerEvent: {}
[7.969455] (livox_sdk2) StdoutLine: {'line': b'[ 58%] \x1b[32mBuilding CXX object sdk_core/CMakeFiles/livox_lidar_sdk_shared.dir/command_handler/command_impl.cpp.o\x1b[0m\n'}
[7.999312] (livox_sdk2) StdoutLine: {'line': b'[ 59%] \x1b[32mBuilding CXX object sdk_core/CMakeFiles/livox_lidar_sdk_static.dir/command_handler/command_impl.cpp.o\x1b[0m\n'}
[8.047607] (-) TimerEvent: {}
[8.148343] (-) TimerEvent: {}
[8.238100] (livox_sdk2) StdoutLine: {'line': b'[ 60%] \x1b[32mBuilding CXX object sdk_core/CMakeFiles/livox_lidar_sdk_shared.dir/command_handler/general_command_handler.cpp.o\x1b[0m\n'}
[8.248459] (-) TimerEvent: {}
[8.349758] (-) TimerEvent: {}
[8.350394] (livox_sdk2) StdoutLine: {'line': b'[ 61%] \x1b[32mBuilding CXX object sdk_core/CMakeFiles/livox_lidar_sdk_shared.dir/command_handler/hap_command_handler.cpp.o\x1b[0m\n'}
[8.406751] (livox_sdk2) StdoutLine: {'line': b'[ 62%] \x1b[32mBuilding CXX object sdk_core/CMakeFiles/livox_lidar_sdk_shared.dir/command_handler/mid360_command_handler.cpp.o\x1b[0m\n'}
[8.449863] (-) TimerEvent: {}
[8.535884] (livox_sdk2) StdoutLine: {'line': b'[ 63%] \x1b[32mBuilding CXX object sdk_core/CMakeFiles/livox_lidar_sdk_shared.dir/command_handler/build_request.cpp.o\x1b[0m\n'}
[8.550004] (-) TimerEvent: {}
[8.564969] (livox_sdk2) StdoutLine: {'line': b'[ 64%] \x1b[32mBuilding CXX object sdk_core/CMakeFiles/livox_lidar_sdk_static.dir/command_handler/general_command_handler.cpp.o\x1b[0m\n'}
[8.650107] (-) TimerEvent: {}
[8.752684] (-) TimerEvent: {}
[8.853117] (-) TimerEvent: {}
[8.913737] (livox_sdk2) StdoutLine: {'line': b'[ 65%] \x1b[32mBuilding CXX object sdk_core/CMakeFiles/livox_lidar_sdk_shared.dir/command_handler/parse_lidar_state_info.cpp.o\x1b[0m\n'}
[8.949109] (livox_sdk2) StdoutLine: {'line': b'[ 67%] \x1b[32mBuilding CXX object sdk_core/CMakeFiles/livox_lidar_sdk_shared.dir/command_handler/mid360s_command_handler.cpp.o\x1b[0m\n'}
[8.953256] (-) TimerEvent: {}
[9.053776] (-) TimerEvent: {}
[9.154624] (-) TimerEvent: {}
[9.252246] (livox_sdk2) StderrLine: {'line': b'In file included from \x1b[01m\x1b[K/home/slam/r2_ws/lidar_ws/Livox-SDK2/sdk_core/../3rdparty/rapidjson/stream.h:19\x1b[m\x1b[K,\n'}
[9.252708] (livox_sdk2) StderrLine: {'line': b'                 from \x1b[01m\x1b[K/home/slam/r2_ws/lidar_ws/Livox-SDK2/sdk_core/../3rdparty/rapidjson/memorystream.h:22\x1b[m\x1b[K,\n'}
[9.252938] (livox_sdk2) StderrLine: {'line': b'                 from \x1b[01m\x1b[K/home/slam/r2_ws/lidar_ws/Livox-SDK2/sdk_core/../3rdparty/rapidjson/encodedstream.h:22\x1b[m\x1b[K,\n'}
[9.253148] (livox_sdk2) StderrLine: {'line': b'                 from \x1b[01m\x1b[K/home/slam/r2_ws/lidar_ws/Livox-SDK2/sdk_core/../3rdparty/rapidjson/document.h:26\x1b[m\x1b[K,\n'}
[9.253272] (livox_sdk2) StderrLine: {'line': b'                 from \x1b[01m\x1b[K/home/slam/r2_ws/lidar_ws/Livox-SDK2/sdk_core/command_handler/parse_lidar_state_info.h:38\x1b[m\x1b[K,\n'}
[9.253309] (livox_sdk2) StderrLine: {'line': b'                 from \x1b[01m\x1b[K/home/slam/r2_ws/lidar_ws/Livox-SDK2/sdk_core/command_handler/parse_lidar_state_info.cpp:2\x1b[m\x1b[K:\n'}
[9.253343] (livox_sdk2) StderrLine: {'line': b'\x1b[01m\x1b[K/home/slam/r2_ws/lidar_ws/Livox-SDK2/sdk_core/../3rdparty/rapidjson/rapidjson.h:542:29:\x1b[m\x1b[K \x1b[01;35m\x1b[Kwarning: \x1b[m\x1b[Kunknown option after \xe2\x80\x98\x1b[01m\x1b[K#pragma GCC diagnostic\x1b[m\x1b[K\xe2\x80\x99 kind [\x1b[01;35m\x1b[K\x1b]8;;https://gcc.gnu.org/onlinedocs/gcc/Warning-Options.html#index-Wpragmas\x07-Wpragmas\x1b]8;;\x07\x1b[m\x1b[K]\n'}
[9.253382] (livox_sdk2) StderrLine: {'line': b'  542 | #define RAPIDJSON_PRAGMA(x) \x1b[01;35m\x1b[K_Pragma\x1b[m\x1b[K(RAPIDJSON_STRINGIFY(x))\n'}
[9.253415] (livox_sdk2) StderrLine: {'line': b'      |                             \x1b[01;35m\x1b[K^~~~~~~\x1b[m\x1b[K\n'}
[9.253448] (livox_sdk2) StderrLine: {'line': b'\x1b[01m\x1b[K/home/slam/r2_ws/lidar_ws/Livox-SDK2/sdk_core/../3rdparty/rapidjson/rapidjson.h:543:34:\x1b[m\x1b[K \x1b[01;36m\x1b[Knote: \x1b[m\x1b[Kin expansion of macro \xe2\x80\x98\x1b[01m\x1b[KRAPIDJSON_PRAGMA\x1b[m\x1b[K\xe2\x80\x99\n'}
[9.253484] (livox_sdk2) StderrLine: {'line': b'  543 | #define RAPIDJSON_DIAG_PRAGMA(x) \x1b[01;36m\x1b[KRAPIDJSON_PRAGMA\x1b[m\x1b[K(GCC diagnostic x)\n'}
[9.253517] (livox_sdk2) StderrLine: {'line': b'      |                                  \x1b[01;36m\x1b[K^~~~~~~~~~~~~~~~\x1b[m\x1b[K\n'}
[9.253558] (livox_sdk2) StderrLine: {'line': b'\x1b[01m\x1b[K/home/slam/r2_ws/lidar_ws/Livox-SDK2/sdk_core/../3rdparty/rapidjson/rapidjson.h:545:3:\x1b[m\x1b[K \x1b[01;36m\x1b[Knote: \x1b[m\x1b[Kin expansion of macro \xe2\x80\x98\x1b[01m\x1b[KRAPIDJSON_DIAG_PRAGMA\x1b[m\x1b[K\xe2\x80\x99\n'}
[9.253590] (livox_sdk2) StderrLine: {'line': b'  545 |   \x1b[01;36m\x1b[KRAPIDJSON_DIAG_PRAGMA\x1b[m\x1b[K(ignored RAPIDJSON_STRINGIFY(RAPIDJSON_JOIN(-W, x)))\n'}
[9.253622] (livox_sdk2) StderrLine: {'line': b'      |   \x1b[01;36m\x1b[K^~~~~~~~~~~~~~~~~~~~~\x1b[m\x1b[K\n'}
[9.253655] (livox_sdk2) StderrLine: {'line': b'\x1b[01m\x1b[K/home/slam/r2_ws/lidar_ws/Livox-SDK2/sdk_core/../3rdparty/rapidjson/internal/dtoa.h:36:1:\x1b[m\x1b[K \x1b[01;36m\x1b[Knote: \x1b[m\x1b[Kin expansion of macro \xe2\x80\x98\x1b[01m\x1b[KRAPIDJSON_DIAG_OFF\x1b[m\x1b[K\xe2\x80\x99\n'}
[9.253687] (livox_sdk2) StderrLine: {'line': b'   36 | \x1b[01;36m\x1b[KRAPIDJSON_DIAG_OFF\x1b[m\x1b[K(array - bounds)  // some gcc versions generate wrong warnings\n'}
[9.253719] (livox_sdk2) StderrLine: {'line': b'      | \x1b[01;36m\x1b[K^~~~~~~~~~~~~~~~~~\x1b[m\x1b[K\n'}
[9.255867] (-) TimerEvent: {}
[9.256342] (livox_sdk2) StderrLine: {'line': b'\x1b[01m\x1b[K/home/slam/r2_ws/lidar_ws/Livox-SDK2/sdk_core/../3rdparty/rapidjson/rapidjson.h:542:29:\x1b[m\x1b[K \x1b[01;36m\x1b[Knote: \x1b[m\x1b[Kdid you mean \xe2\x80\x98\x1b[01m\x1b[K-Warray-bounds\x1b[m\x1b[K\xe2\x80\x99?\n'}
[9.256685] (livox_sdk2) StderrLine: {'line': b'  542 | #define RAPIDJSON_PRAGMA(x) \x1b[01;36m\x1b[K_Pragma\x1b[m\x1b[K(RAPIDJSON_STRINGIFY(x))\n'}
[9.256931] (livox_sdk2) StderrLine: {'line': b'      |                             \x1b[01;36m\x1b[K^~~~~~~\x1b[m\x1b[K\n'}
[9.257172] (livox_sdk2) StderrLine: {'line': b'\x1b[01m\x1b[K/home/slam/r2_ws/lidar_ws/Livox-SDK2/sdk_core/../3rdparty/rapidjson/rapidjson.h:543:34:\x1b[m\x1b[K \x1b[01;36m\x1b[Knote: \x1b[m\x1b[Kin expansion of macro \xe2\x80\x98\x1b[01m\x1b[KRAPIDJSON_PRAGMA\x1b[m\x1b[K\xe2\x80\x99\n'}
[9.257411] (livox_sdk2) StderrLine: {'line': b'  543 | #define RAPIDJSON_DIAG_PRAGMA(x) \x1b[01;36m\x1b[KRAPIDJSON_PRAGMA\x1b[m\x1b[K(GCC diagnostic x)\n'}
[9.257649] (livox_sdk2) StderrLine: {'line': b'      |                                  \x1b[01;36m\x1b[K^~~~~~~~~~~~~~~~\x1b[m\x1b[K\n'}
[9.257886] (livox_sdk2) StderrLine: {'line': b'\x1b[01m\x1b[K/home/slam/r2_ws/lidar_ws/Livox-SDK2/sdk_core/../3rdparty/rapidjson/rapidjson.h:545:3:\x1b[m\x1b[K \x1b[01;36m\x1b[Knote: \x1b[m\x1b[Kin expansion of macro \xe2\x80\x98\x1b[01m\x1b[KRAPIDJSON_DIAG_PRAGMA\x1b[m\x1b[K\xe2\x80\x99\n'}
[9.258122] (livox_sdk2) StderrLine: {'line': b'  545 |   \x1b[01;36m\x1b[KRAPIDJSON_DIAG_PRAGMA\x1b[m\x1b[K(ignored RAPIDJSON_STRINGIFY(RAPIDJSON_JOIN(-W, x)))\n'}
[9.258369] (livox_sdk2) StderrLine: {'line': b'      |   \x1b[01;36m\x1b[K^~~~~~~~~~~~~~~~~~~~~\x1b[m\x1b[K\n'}
[9.259616] (livox_sdk2) StderrLine: {'line': b'\x1b[01m\x1b[K/home/slam/r2_ws/lidar_ws/Livox-SDK2/sdk_core/../3rdparty/rapidjson/internal/dtoa.h:36:1:\x1b[m\x1b[K \x1b[01;36m\x1b[Knote: \x1b[m\x1b[Kin expansion of macro \xe2\x80\x98\x1b[01m\x1b[KRAPIDJSON_DIAG_OFF\x1b[m\x1b[K\xe2\x80\x99\n'}
[9.259948] (livox_sdk2) StderrLine: {'line': b'   36 | \x1b[01;36m\x1b[KRAPIDJSON_DIAG_OFF\x1b[m\x1b[K(array - bounds)  // some gcc versions generate wrong warnings\n'}
[9.260167] (livox_sdk2) StderrLine: {'line': b'      | \x1b[01;36m\x1b[K^~~~~~~~~~~~~~~~~~\x1b[m\x1b[K\n'}
[9.355991] (-) TimerEvent: {}
[9.377661] (livox_sdk2) StdoutLine: {'line': b'[ 68%] \x1b[32mBuilding CXX object sdk_core/CMakeFiles/livox_lidar_sdk_shared.dir/command_handler/avia2_command_handler.cpp.o\x1b[0m\n'}
[9.456112] (-) TimerEvent: {}
[9.556909] (-) TimerEvent: {}
[9.657619] (-) TimerEvent: {}
[9.758080] (-) TimerEvent: {}
[9.853835] (livox_sdk2) StderrLine: {'line': b'In file included from \x1b[01m\x1b[K/home/slam/r2_ws/lidar_ws/Livox-SDK2/sdk_core/../3rdparty/rapidjson/stream.h:19\x1b[m\x1b[K,\n'}
[9.854254] (livox_sdk2) StderrLine: {'line': b'                 from \x1b[01m\x1b[K/home/slam/r2_ws/lidar_ws/Livox-SDK2/sdk_core/../3rdparty/rapidjson/memorystream.h:22\x1b[m\x1b[K,\n'}
[9.854482] (livox_sdk2) StderrLine: {'line': b'                 from \x1b[01m\x1b[K/home/slam/r2_ws/lidar_ws/Livox-SDK2/sdk_core/../3rdparty/rapidjson/encodedstream.h:22\x1b[m\x1b[K,\n'}
[9.854705] (livox_sdk2) StderrLine: {'line': b'                 from \x1b[01m\x1b[K/home/slam/r2_ws/lidar_ws/Livox-SDK2/sdk_core/../3rdparty/rapidjson/document.h:26\x1b[m\x1b[K,\n'}
[9.854921] (livox_sdk2) StderrLine: {'line': b'                 from \x1b[01m\x1b[K/home/slam/r2_ws/lidar_ws/Livox-SDK2/sdk_core/command_handler/parse_lidar_state_info.h:38\x1b[m\x1b[K,\n'}
[9.855141] (livox_sdk2) StderrLine: {'line': b'                 from \x1b[01m\x1b[K/home/slam/r2_ws/lidar_ws/Livox-SDK2/sdk_core/command_handler/hap_command_handler.cpp:37\x1b[m\x1b[K:\n'}
[9.855352] (livox_sdk2) StderrLine: {'line': b'\x1b[01m\x1b[K/home/slam/r2_ws/lidar_ws/Livox-SDK2/sdk_core/../3rdparty/rapidjson/rapidjson.h:542:29:\x1b[m\x1b[K \x1b[01;35m\x1b[Kwarning: \x1b[m\x1b[Kunknown option after \xe2\x80\x98\x1b[01m\x1b[K#pragma GCC diagnostic\x1b[m\x1b[K\xe2\x80\x99 kind [\x1b[01;35m\x1b[K\x1b]8;;https://gcc.gnu.org/onlinedocs/gcc/Warning-Options.html#index-Wpragmas\x07-Wpragmas\x1b]8;;\x07\x1b[m\x1b[K]\n'}
[9.855576] (livox_sdk2) StderrLine: {'line': b'  542 | #define RAPIDJSON_PRAGMA(x) \x1b[01;35m\x1b[K_Pragma\x1b[m\x1b[K(RAPIDJSON_STRINGIFY(x))\n'}
[9.855791] (livox_sdk2) StderrLine: {'line': b'      |                             \x1b[01;35m\x1b[K^~~~~~~\x1b[m\x1b[K\n'}
[9.856090] (livox_sdk2) StderrLine: {'line': b'\x1b[01m\x1b[K/home/slam/r2_ws/lidar_ws/Livox-SDK2/sdk_core/../3rdparty/rapidjson/rapidjson.h:543:34:\x1b[m\x1b[K \x1b[01;36m\x1b[Knote: \x1b[m\x1b[Kin expansion of macro \xe2\x80\x98\x1b[01m\x1b[KRAPIDJSON_PRAGMA\x1b[m\x1b[K\xe2\x80\x99\n'}
[9.856318] (livox_sdk2) StderrLine: {'line': b'  543 | #define RAPIDJSON_DIAG_PRAGMA(x) \x1b[01;36m\x1b[KRAPIDJSON_PRAGMA\x1b[m\x1b[K(GCC diagnostic x)\n'}
[9.856532] (livox_sdk2) StderrLine: {'line': b'      |                                  \x1b[01;36m\x1b[K^~~~~~~~~~~~~~~~\x1b[m\x1b[K\n'}
[9.856746] (livox_sdk2) StderrLine: {'line': b'\x1b[01m\x1b[K/home/slam/r2_ws/lidar_ws/Livox-SDK2/sdk_core/../3rdparty/rapidjson/rapidjson.h:545:3:\x1b[m\x1b[K \x1b[01;36m\x1b[Knote: \x1b[m\x1b[Kin expansion of macro \xe2\x80\x98\x1b[01m\x1b[KRAPIDJSON_DIAG_PRAGMA\x1b[m\x1b[K\xe2\x80\x99\n'}
[9.856958] (livox_sdk2) StderrLine: {'line': b'  545 |   \x1b[01;36m\x1b[KRAPIDJSON_DIAG_PRAGMA\x1b[m\x1b[K(ignored RAPIDJSON_STRINGIFY(RAPIDJSON_JOIN(-W, x)))\n'}
[9.857167] (livox_sdk2) StderrLine: {'line': b'      |   \x1b[01;36m\x1b[K^~~~~~~~~~~~~~~~~~~~~\x1b[m\x1b[K\n'}
[9.857377] (livox_sdk2) StderrLine: {'line': b'\x1b[01m\x1b[K/home/slam/r2_ws/lidar_ws/Livox-SDK2/sdk_core/../3rdparty/rapidjson/internal/dtoa.h:36:1:\x1b[m\x1b[K \x1b[01;36m\x1b[Knote: \x1b[m\x1b[Kin expansion of macro \xe2\x80\x98\x1b[01m\x1b[KRAPIDJSON_DIAG_OFF\x1b[m\x1b[K\xe2\x80\x99\n'}
[9.859700] (-) TimerEvent: {}
[9.859897] (livox_sdk2) StderrLine: {'line': b'   36 | \x1b[01;36m\x1b[KRAPIDJSON_DIAG_OFF\x1b[m\x1b[K(array - bounds)  // some gcc versions generate wrong warnings\n'}
[9.860166] (livox_sdk2) StderrLine: {'line': b'      | \x1b[01;36m\x1b[K^~~~~~~~~~~~~~~~~~\x1b[m\x1b[K\n'}
[9.861804] (livox_sdk2) StderrLine: {'line': b'\x1b[01m\x1b[K/home/slam/r2_ws/lidar_ws/Livox-SDK2/sdk_core/../3rdparty/rapidjson/rapidjson.h:542:29:\x1b[m\x1b[K \x1b[01;36m\x1b[Knote: \x1b[m\x1b[Kdid you mean \xe2\x80\x98\x1b[01m\x1b[K-Warray-bounds\x1b[m\x1b[K\xe2\x80\x99?\n'}
[9.862074] (livox_sdk2) StderrLine: {'line': b'  542 | #define RAPIDJSON_PRAGMA(x) \x1b[01;36m\x1b[K_Pragma\x1b[m\x1b[K(RAPIDJSON_STRINGIFY(x))\n'}
[9.862288] (livox_sdk2) StderrLine: {'line': b'      |                             \x1b[01;36m\x1b[K^~~~~~~\x1b[m\x1b[K\n'}
[9.862500] (livox_sdk2) StderrLine: {'line': b'\x1b[01m\x1b[K/home/slam/r2_ws/lidar_ws/Livox-SDK2/sdk_core/../3rdparty/rapidjson/rapidjson.h:543:34:\x1b[m\x1b[K \x1b[01;36m\x1b[Knote: \x1b[m\x1b[Kin expansion of macro \xe2\x80\x98\x1b[01m\x1b[KRAPIDJSON_PRAGMA\x1b[m\x1b[K\xe2\x80\x99\n'}
[9.862718] (livox_sdk2) StderrLine: {'line': b'  543 | #define RAPIDJSON_DIAG_PRAGMA(x) \x1b[01;36m\x1b[KRAPIDJSON_PRAGMA\x1b[m\x1b[K(GCC diagnostic x)\n'}
[9.862933] (livox_sdk2) StderrLine: {'line': b'      |                                  \x1b[01;36m\x1b[K^~~~~~~~~~~~~~~~\x1b[m\x1b[K\n'}
[9.863144] (livox_sdk2) StderrLine: {'line': b'\x1b[01m\x1b[K/home/slam/r2_ws/lidar_ws/Livox-SDK2/sdk_core/../3rdparty/rapidjson/rapidjson.h:545:3:\x1b[m\x1b[K \x1b[01;36m\x1b[Knote: \x1b[m\x1b[Kin expansion of macro \xe2\x80\x98\x1b[01m\x1b[KRAPIDJSON_DIAG_PRAGMA\x1b[m\x1b[K\xe2\x80\x99\n'}
[9.863357] (livox_sdk2) StderrLine: {'line': b'  545 |   \x1b[01;36m\x1b[KRAPIDJSON_DIAG_PRAGMA\x1b[m\x1b[K(ignored RAPIDJSON_STRINGIFY(RAPIDJSON_JOIN(-W, x)))\n'}
[9.863573] (livox_sdk2) StderrLine: {'line': b'      |   \x1b[01;36m\x1b[K^~~~~~~~~~~~~~~~~~~~~\x1b[m\x1b[K\n'}
[9.863789] (livox_sdk2) StderrLine: {'line': b'\x1b[01m\x1b[K/home/slam/r2_ws/lidar_ws/Livox-SDK2/sdk_core/../3rdparty/rapidjson/internal/dtoa.h:36:1:\x1b[m\x1b[K \x1b[01;36m\x1b[Knote: \x1b[m\x1b[Kin expansion of macro \xe2\x80\x98\x1b[01m\x1b[KRAPIDJSON_DIAG_OFF\x1b[m\x1b[K\xe2\x80\x99\n'}
[9.864006] (livox_sdk2) StderrLine: {'line': b'   36 | \x1b[01;36m\x1b[KRAPIDJSON_DIAG_OFF\x1b[m\x1b[K(array - bounds)  // some gcc versions generate wrong warnings\n'}
[9.864219] (livox_sdk2) StderrLine: {'line': b'      | \x1b[01;36m\x1b[K^~~~~~~~~~~~~~~~~~\x1b[m\x1b[K\n'}
[9.891340] (livox_sdk2) StderrLine: {'line': b'In file included from \x1b[01m\x1b[K/home/slam/r2_ws/lidar_ws/Livox-SDK2/sdk_core/../3rdparty/rapidjson/stream.h:19\x1b[m\x1b[K,\n'}
[9.892011] (livox_sdk2) StderrLine: {'line': b'                 from \x1b[01m\x1b[K/home/slam/r2_ws/lidar_ws/Livox-SDK2/sdk_core/../3rdparty/rapidjson/memorystream.h:22\x1b[m\x1b[K,\n'}
[9.892324] (livox_sdk2) StderrLine: {'line': b'                 from \x1b[01m\x1b[K/home/slam/r2_ws/lidar_ws/Livox-SDK2/sdk_core/../3rdparty/rapidjson/encodedstream.h:22\x1b[m\x1b[K,\n'}
[9.892644] (livox_sdk2) StderrLine: {'line': b'                 from \x1b[01m\x1b[K/home/slam/r2_ws/lidar_ws/Livox-SDK2/sdk_core/../3rdparty/rapidjson/document.h:26\x1b[m\x1b[K,\n'}
[9.892926] (livox_sdk2) StderrLine: {'line': b'                 from \x1b[01m\x1b[K/home/slam/r2_ws/lidar_ws/Livox-SDK2/sdk_core/command_handler/parse_lidar_state_info.h:38\x1b[m\x1b[K,\n'}
[9.893131] (livox_sdk2) StderrLine: {'line': b'                 from \x1b[01m\x1b[K/home/slam/r2_ws/lidar_ws/Livox-SDK2/sdk_core/command_handler/mid360_command_handler.cpp:37\x1b[m\x1b[K:\n'}
[9.893338] (livox_sdk2) StderrLine: {'line': b'\x1b[01m\x1b[K/home/slam/r2_ws/lidar_ws/Livox-SDK2/sdk_core/../3rdparty/rapidjson/rapidjson.h:542:29:\x1b[m\x1b[K \x1b[01;35m\x1b[Kwarning: \x1b[m\x1b[Kunknown option after \xe2\x80\x98\x1b[01m\x1b[K#pragma GCC diagnostic\x1b[m\x1b[K\xe2\x80\x99 kind [\x1b[01;35m\x1b[K\x1b]8;;https://gcc.gnu.org/onlinedocs/gcc/Warning-Options.html#index-Wpragmas\x07-Wpragmas\x1b]8;;\x07\x1b[m\x1b[K]\n'}
[9.893563] (livox_sdk2) StderrLine: {'line': b'  542 | #define RAPIDJSON_PRAGMA(x) \x1b[01;35m\x1b[K_Pragma\x1b[m\x1b[K(RAPIDJSON_STRINGIFY(x))\n'}
[9.893787] (livox_sdk2) StderrLine: {'line': b'      |                             \x1b[01;35m\x1b[K^~~~~~~\x1b[m\x1b[K\n'}
[9.894013] (livox_sdk2) StderrLine: {'line': b'\x1b[01m\x1b[K/home/slam/r2_ws/lidar_ws/Livox-SDK2/sdk_core/../3rdparty/rapidjson/rapidjson.h:543:34:\x1b[m\x1b[K \x1b[01;36m\x1b[Knote: \x1b[m\x1b[Kin expansion of macro \xe2\x80\x98\x1b[01m\x1b[KRAPIDJSON_PRAGMA\x1b[m\x1b[K\xe2\x80\x99\n'}
[9.894245] (livox_sdk2) StderrLine: {'line': b'  543 | #define RAPIDJSON_DIAG_PRAGMA(x) \x1b[01;36m\x1b[KRAPIDJSON_PRAGMA\x1b[m\x1b[K(GCC diagnostic x)\n'}
[9.895822] (livox_sdk2) StderrLine: {'line': b'      |                                  \x1b[01;36m\x1b[K^~~~~~~~~~~~~~~~\x1b[m\x1b[K\n'}
[9.896083] (livox_sdk2) StderrLine: {'line': b'\x1b[01m\x1b[K/home/slam/r2_ws/lidar_ws/Livox-SDK2/sdk_core/../3rdparty/rapidjson/rapidjson.h:545:3:\x1b[m\x1b[K \x1b[01;36m\x1b[Knote: \x1b[m\x1b[Kin expansion of macro \xe2\x80\x98\x1b[01m\x1b[KRAPIDJSON_DIAG_PRAGMA\x1b[m\x1b[K\xe2\x80\x99\n'}
[9.896297] (livox_sdk2) StderrLine: {'line': b'  545 |   \x1b[01;36m\x1b[KRAPIDJSON_DIAG_PRAGMA\x1b[m\x1b[K(ignored RAPIDJSON_STRINGIFY(RAPIDJSON_JOIN(-W, x)))\n'}
[9.896505] (livox_sdk2) StderrLine: {'line': b'      |   \x1b[01;36m\x1b[K^~~~~~~~~~~~~~~~~~~~~\x1b[m\x1b[K\n'}
[9.896720] (livox_sdk2) StderrLine: {'line': b'\x1b[01m\x1b[K/home/slam/r2_ws/lidar_ws/Livox-SDK2/sdk_core/../3rdparty/rapidjson/internal/dtoa.h:36:1:\x1b[m\x1b[K \x1b[01;36m\x1b[Knote: \x1b[m\x1b[Kin expansion of macro \xe2\x80\x98\x1b[01m\x1b[KRAPIDJSON_DIAG_OFF\x1b[m\x1b[K\xe2\x80\x99\n'}
[9.896927] (livox_sdk2) StderrLine: {'line': b'   36 | \x1b[01;36m\x1b[KRAPIDJSON_DIAG_OFF\x1b[m\x1b[K(array - bounds)  // some gcc versions generate wrong warnings\n'}
[9.897134] (livox_sdk2) StderrLine: {'line': b'      | \x1b[01;36m\x1b[K^~~~~~~~~~~~~~~~~~\x1b[m\x1b[K\n'}
[9.899724] (livox_sdk2) StderrLine: {'line': b'\x1b[01m\x1b[K/home/slam/r2_ws/lidar_ws/Livox-SDK2/sdk_core/../3rdparty/rapidjson/rapidjson.h:542:29:\x1b[m\x1b[K \x1b[01;36m\x1b[Knote: \x1b[m\x1b[Kdid you mean \xe2\x80\x98\x1b[01m\x1b[K-Warray-bounds\x1b[m\x1b[K\xe2\x80\x99?\n'}
[9.900102] (livox_sdk2) StderrLine: {'line': b'  542 | #define RAPIDJSON_PRAGMA(x) \x1b[01;36m\x1b[K_Pragma\x1b[m\x1b[K(RAPIDJSON_STRINGIFY(x))\n'}
[9.900326] (livox_sdk2) StderrLine: {'line': b'      |                             \x1b[01;36m\x1b[K^~~~~~~\x1b[m\x1b[K\n'}
[9.900547] (livox_sdk2) StderrLine: {'line': b'\x1b[01m\x1b[K/home/slam/r2_ws/lidar_ws/Livox-SDK2/sdk_core/../3rdparty/rapidjson/rapidjson.h:543:34:\x1b[m\x1b[K \x1b[01;36m\x1b[Knote: \x1b[m\x1b[Kin expansion of macro \xe2\x80\x98\x1b[01m\x1b[KRAPIDJSON_PRAGMA\x1b[m\x1b[K\xe2\x80\x99\n'}
[9.900672] (livox_sdk2) StderrLine: {'line': b'  543 | #define RAPIDJSON_DIAG_PRAGMA(x) \x1b[01;36m\x1b[KRAPIDJSON_PRAGMA\x1b[m\x1b[K(GCC diagnostic x)\n'}
[9.900709] (livox_sdk2) StderrLine: {'line': b'      |                                  \x1b[01;36m\x1b[K^~~~~~~~~~~~~~~~\x1b[m\x1b[K\n'}
[9.900742] (livox_sdk2) StderrLine: {'line': b'\x1b[01m\x1b[K/home/slam/r2_ws/lidar_ws/Livox-SDK2/sdk_core/../3rdparty/rapidjson/rapidjson.h:545:3:\x1b[m\x1b[K \x1b[01;36m\x1b[Knote: \x1b[m\x1b[Kin expansion of macro \xe2\x80\x98\x1b[01m\x1b[KRAPIDJSON_DIAG_PRAGMA\x1b[m\x1b[K\xe2\x80\x99\n'}
[9.900777] (livox_sdk2) StderrLine: {'line': b'  545 |   \x1b[01;36m\x1b[KRAPIDJSON_DIAG_PRAGMA\x1b[m\x1b[K(ignored RAPIDJSON_STRINGIFY(RAPIDJSON_JOIN(-W, x)))\n'}
[9.900809] (livox_sdk2) StderrLine: {'line': b'      |   \x1b[01;36m\x1b[K^~~~~~~~~~~~~~~~~~~~~\x1b[m\x1b[K\n'}
[9.900842] (livox_sdk2) StderrLine: {'line': b'\x1b[01m\x1b[K/home/slam/r2_ws/lidar_ws/Livox-SDK2/sdk_core/../3rdparty/rapidjson/internal/dtoa.h:36:1:\x1b[m\x1b[K \x1b[01;36m\x1b[Knote: \x1b[m\x1b[Kin expansion of macro \xe2\x80\x98\x1b[01m\x1b[KRAPIDJSON_DIAG_OFF\x1b[m\x1b[K\xe2\x80\x99\n'}
[9.900874] (livox_sdk2) StderrLine: {'line': b'   36 | \x1b[01;36m\x1b[KRAPIDJSON_DIAG_OFF\x1b[m\x1b[K(array - bounds)  // some gcc versions generate wrong warnings\n'}
[9.900916] (livox_sdk2) StderrLine: {'line': b'      | \x1b[01;36m\x1b[K^~~~~~~~~~~~~~~~~~\x1b[m\x1b[K\n'}
[9.959844] (-) TimerEvent: {}
[10.062901] (-) TimerEvent: {}
[10.157336] (livox_sdk2) StderrLine: {'line': b'In file included from \x1b[01m\x1b[K/home/slam/r2_ws/lidar_ws/Livox-SDK2/sdk_core/../3rdparty/rapidjson/stream.h:19\x1b[m\x1b[K,\n'}
[10.158173] (livox_sdk2) StderrLine: {'line': b'                 from \x1b[01m\x1b[K/home/slam/r2_ws/lidar_ws/Livox-SDK2/sdk_core/../3rdparty/rapidjson/memorystream.h:22\x1b[m\x1b[K,\n'}
[10.158792] (livox_sdk2) StderrLine: {'line': b'                 from \x1b[01m\x1b[K/home/slam/r2_ws/lidar_ws/Livox-SDK2/sdk_core/../3rdparty/rapidjson/encodedstream.h:22\x1b[m\x1b[K,\n'}
[10.159373] (livox_sdk2) StderrLine: {'line': b'                 from \x1b[01m\x1b[K/home/slam/r2_ws/lidar_ws/Livox-SDK2/sdk_core/../3rdparty/rapidjson/document.h:26\x1b[m\x1b[K,\n'}
[10.159944] (livox_sdk2) StderrLine: {'line': b'                 from \x1b[01m\x1b[K/home/slam/r2_ws/lidar_ws/Livox-SDK2/sdk_core/command_handler/parse_lidar_state_info.h:38\x1b[m\x1b[K,\n'}
[10.160502] (livox_sdk2) StderrLine: {'line': b'                 from \x1b[01m\x1b[K/home/slam/r2_ws/lidar_ws/Livox-SDK2/sdk_core/command_handler/mid360s_command_handler.cpp:37\x1b[m\x1b[K:\n'}
[10.161088] (livox_sdk2) StderrLine: {'line': b'\x1b[01m\x1b[K/home/slam/r2_ws/lidar_ws/Livox-SDK2/sdk_core/../3rdparty/rapidjson/rapidjson.h:542:29:\x1b[m\x1b[K \x1b[01;35m\x1b[Kwarning: \x1b[m\x1b[Kunknown option after \xe2\x80\x98\x1b[01m\x1b[K#pragma GCC diagnostic\x1b[m\x1b[K\xe2\x80\x99 kind [\x1b[01;35m\x1b[K\x1b]8;;https://gcc.gnu.org/onlinedocs/gcc/Warning-Options.html#index-Wpragmas\x07-Wpragmas\x1b]8;;\x07\x1b[m\x1b[K]\n'}
[10.161665] (livox_sdk2) StderrLine: {'line': b'  542 | #define RAPIDJSON_PRAGMA(x) \x1b[01;35m\x1b[K_Pragma\x1b[m\x1b[K(RAPIDJSON_STRINGIFY(x))\n'}
[10.162221] (livox_sdk2) StderrLine: {'line': b'      |                             \x1b[01;35m\x1b[K^~~~~~~\x1b[m\x1b[K\n'}
[10.164584] (-) TimerEvent: {}
[10.165327] (livox_sdk2) StderrLine: {'line': b'\x1b[01m\x1b[K/home/slam/r2_ws/lidar_ws/Livox-SDK2/sdk_core/../3rdparty/rapidjson/rapidjson.h:543:34:\x1b[m\x1b[K \x1b[01;36m\x1b[Knote: \x1b[m\x1b[Kin expansion of macro \xe2\x80\x98\x1b[01m\x1b[KRAPIDJSON_PRAGMA\x1b[m\x1b[K\xe2\x80\x99\n'}
[10.165486] (livox_sdk2) StderrLine: {'line': b'  543 | #define RAPIDJSON_DIAG_PRAGMA(x) \x1b[01;36m\x1b[KRAPIDJSON_PRAGMA\x1b[m\x1b[K(GCC diagnostic x)\n'}
[10.165594] (livox_sdk2) StderrLine: {'line': b'      |                                  \x1b[01;36m\x1b[K^~~~~~~~~~~~~~~~\x1b[m\x1b[K\n'}
[10.165682] (livox_sdk2) StderrLine: {'line': b'\x1b[01m\x1b[K/home/slam/r2_ws/lidar_ws/Livox-SDK2/sdk_core/../3rdparty/rapidjson/rapidjson.h:545:3:\x1b[m\x1b[K \x1b[01;36m\x1b[Knote: \x1b[m\x1b[Kin expansion of macro \xe2\x80\x98\x1b[01m\x1b[KRAPIDJSON_DIAG_PRAGMA\x1b[m\x1b[K\xe2\x80\x99\n'}
[10.165778] (livox_sdk2) StderrLine: {'line': b'  545 |   \x1b[01;36m\x1b[KRAPIDJSON_DIAG_PRAGMA\x1b[m\x1b[K(ignored RAPIDJSON_STRINGIFY(RAPIDJSON_JOIN(-W, x)))\n'}
[10.165860] (livox_sdk2) StderrLine: {'line': b'      |   \x1b[01;36m\x1b[K^~~~~~~~~~~~~~~~~~~~~\x1b[m\x1b[K\n'}
[10.165938] (livox_sdk2) StderrLine: {'line': b'\x1b[01m\x1b[K/home/slam/r2_ws/lidar_ws/Livox-SDK2/sdk_core/../3rdparty/rapidjson/internal/dtoa.h:36:1:\x1b[m\x1b[K \x1b[01;36m\x1b[Knote: \x1b[m\x1b[Kin expansion of macro \xe2\x80\x98\x1b[01m\x1b[KRAPIDJSON_DIAG_OFF\x1b[m\x1b[K\xe2\x80\x99\n'}
[10.166023] (livox_sdk2) StderrLine: {'line': b'   36 | \x1b[01;36m\x1b[KRAPIDJSON_DIAG_OFF\x1b[m\x1b[K(array - bounds)  // some gcc versions generate wrong warnings\n'}
[10.166101] (livox_sdk2) StderrLine: {'line': b'      | \x1b[01;36m\x1b[K^~~~~~~~~~~~~~~~~~\x1b[m\x1b[K\n'}
[10.175775] (livox_sdk2) StderrLine: {'line': b'\x1b[01m\x1b[K/home/slam/r2_ws/lidar_ws/Livox-SDK2/sdk_core/../3rdparty/rapidjson/rapidjson.h:542:29:\x1b[m\x1b[K \x1b[01;36m\x1b[Knote: \x1b[m\x1b[Kdid you mean \xe2\x80\x98\x1b[01m\x1b[K-Warray-bounds\x1b[m\x1b[K\xe2\x80\x99?\n'}
[10.176749] (livox_sdk2) StderrLine: {'line': b'  542 | #define RAPIDJSON_PRAGMA(x) \x1b[01;36m\x1b[K_Pragma\x1b[m\x1b[K(RAPIDJSON_STRINGIFY(x))\n'}
[10.177407] (livox_sdk2) StderrLine: {'line': b'      |                             \x1b[01;36m\x1b[K^~~~~~~\x1b[m\x1b[K\n'}
[10.178090] (livox_sdk2) StderrLine: {'line': b'\x1b[01m\x1b[K/home/slam/r2_ws/lidar_ws/Livox-SDK2/sdk_core/../3rdparty/rapidjson/rapidjson.h:543:34:\x1b[m\x1b[K \x1b[01;36m\x1b[Knote: \x1b[m\x1b[Kin expansion of macro \xe2\x80\x98\x1b[01m\x1b[KRAPIDJSON_PRAGMA\x1b[m\x1b[K\xe2\x80\x99\n'}
[10.178739] (livox_sdk2) StderrLine: {'line': b'  543 | #define RAPIDJSON_DIAG_PRAGMA(x) \x1b[01;36m\x1b[KRAPIDJSON_PRAGMA\x1b[m\x1b[K(GCC diagnostic x)\n'}
[10.179255] (livox_sdk2) StderrLine: {'line': b'      |                                  \x1b[01;36m\x1b[K^~~~~~~~~~~~~~~~\x1b[m\x1b[K\n'}
[10.179737] (livox_sdk2) StderrLine: {'line': b'\x1b[01m\x1b[K/home/slam/r2_ws/lidar_ws/Livox-SDK2/sdk_core/../3rdparty/rapidjson/rapidjson.h:545:3:\x1b[m\x1b[K \x1b[01;36m\x1b[Knote: \x1b[m\x1b[Kin expansion of macro \xe2\x80\x98\x1b[01m\x1b[KRAPIDJSON_DIAG_PRAGMA\x1b[m\x1b[K\xe2\x80\x99\n'}
[10.180223] (livox_sdk2) StderrLine: {'line': b'  545 |   \x1b[01;36m\x1b[KRAPIDJSON_DIAG_PRAGMA\x1b[m\x1b[K(ignored RAPIDJSON_STRINGIFY(RAPIDJSON_JOIN(-W, x)))\n'}
[10.180713] (livox_sdk2) StderrLine: {'line': b'      |   \x1b[01;36m\x1b[K^~~~~~~~~~~~~~~~~~~~~\x1b[m\x1b[K\n'}
[10.185030] (livox_sdk2) StderrLine: {'line': b'\x1b[01m\x1b[K/home/slam/r2_ws/lidar_ws/Livox-SDK2/sdk_core/../3rdparty/rapidjson/internal/dtoa.h:36:1:\x1b[m\x1b[K \x1b[01;36m\x1b[Knote: \x1b[m\x1b[Kin expansion of macro \xe2\x80\x98\x1b[01m\x1b[KRAPIDJSON_DIAG_OFF\x1b[m\x1b[K\xe2\x80\x99\n'}
[10.185592] (livox_sdk2) StderrLine: {'line': b'   36 | \x1b[01;36m\x1b[KRAPIDJSON_DIAG_OFF\x1b[m\x1b[K(array - bounds)  // some gcc versions generate wrong warnings\n'}
[10.186104] (livox_sdk2) StderrLine: {'line': b'      | \x1b[01;36m\x1b[K^~~~~~~~~~~~~~~~~~\x1b[m\x1b[K\n'}
[10.264738] (-) TimerEvent: {}
[10.266003] (livox_sdk2) StdoutLine: {'line': b'[ 69%] \x1b[32mBuilding CXX object sdk_core/CMakeFiles/livox_lidar_sdk_shared.dir/debug_point_cloud_handler/debug_point_cloud_manager.cpp.o\x1b[0m\n'}
[10.364858] (-) TimerEvent: {}
[10.465436] (-) TimerEvent: {}
[10.555058] (livox_sdk2) StderrLine: {'line': b'In file included from \x1b[01m\x1b[K/home/slam/r2_ws/lidar_ws/Livox-SDK2/sdk_core/../3rdparty/rapidjson/stream.h:19\x1b[m\x1b[K,\n'}
[10.555840] (livox_sdk2) StderrLine: {'line': b'                 from \x1b[01m\x1b[K/home/slam/r2_ws/lidar_ws/Livox-SDK2/sdk_core/../3rdparty/rapidjson/memorystream.h:22\x1b[m\x1b[K,\n'}
[10.556349] (livox_sdk2) StderrLine: {'line': b'                 from \x1b[01m\x1b[K/home/slam/r2_ws/lidar_ws/Livox-SDK2/sdk_core/../3rdparty/rapidjson/encodedstream.h:22\x1b[m\x1b[K,\n'}
[10.556845] (livox_sdk2) StderrLine: {'line': b'                 from \x1b[01m\x1b[K/home/slam/r2_ws/lidar_ws/Livox-SDK2/sdk_core/../3rdparty/rapidjson/document.h:26\x1b[m\x1b[K,\n'}
[10.557320] (livox_sdk2) StderrLine: {'line': b'                 from \x1b[01m\x1b[K/home/slam/r2_ws/lidar_ws/Livox-SDK2/sdk_core/command_handler/parse_lidar_state_info.h:38\x1b[m\x1b[K,\n'}
[10.557785] (livox_sdk2) StderrLine: {'line': b'                 from \x1b[01m\x1b[K/home/slam/r2_ws/lidar_ws/Livox-SDK2/sdk_core/command_handler/avia2_command_handler.cpp:37\x1b[m\x1b[K:\n'}
[10.558256] (livox_sdk2) StderrLine: {'line': b'\x1b[01m\x1b[K/home/slam/r2_ws/lidar_ws/Livox-SDK2/sdk_core/../3rdparty/rapidjson/rapidjson.h:542:29:\x1b[m\x1b[K \x1b[01;35m\x1b[Kwarning: \x1b[m\x1b[Kunknown option after \xe2\x80\x98\x1b[01m\x1b[K#pragma GCC diagnostic\x1b[m\x1b[K\xe2\x80\x99 kind [\x1b[01;35m\x1b[K\x1b]8;;https://gcc.gnu.org/onlinedocs/gcc/Warning-Options.html#index-Wpragmas\x07-Wpragmas\x1b]8;;\x07\x1b[m\x1b[K]\n'}
[10.558760] (livox_sdk2) StderrLine: {'line': b'  542 | #define RAPIDJSON_PRAGMA(x) \x1b[01;35m\x1b[K_Pragma\x1b[m\x1b[K(RAPIDJSON_STRINGIFY(x))\n'}
[10.559994] (livox_sdk2) StderrLine: {'line': b'      |                             \x1b[01;35m\x1b[K^~~~~~~\x1b[m\x1b[K\n'}
[10.560448] (livox_sdk2) StderrLine: {'line': b'\x1b[01m\x1b[K/home/slam/r2_ws/lidar_ws/Livox-SDK2/sdk_core/../3rdparty/rapidjson/rapidjson.h:543:34:\x1b[m\x1b[K \x1b[01;36m\x1b[Knote: \x1b[m\x1b[Kin expansion of macro \xe2\x80\x98\x1b[01m\x1b[KRAPIDJSON_PRAGMA\x1b[m\x1b[K\xe2\x80\x99\n'}
[10.560902] (livox_sdk2) StderrLine: {'line': b'  543 | #define RAPIDJSON_DIAG_PRAGMA(x) \x1b[01;36m\x1b[KRAPIDJSON_PRAGMA\x1b[m\x1b[K(GCC diagnostic x)\n'}
[10.561330] (livox_sdk2) StderrLine: {'line': b'      |                                  \x1b[01;36m\x1b[K^~~~~~~~~~~~~~~~\x1b[m\x1b[K\n'}
[10.565025] (livox_sdk2) StderrLine: {'line': b'\x1b[01m\x1b[K/home/slam/r2_ws/lidar_ws/Livox-SDK2/sdk_core/../3rdparty/rapidjson/rapidjson.h:545:3:\x1b[m\x1b[K \x1b[01;36m\x1b[Knote: \x1b[m\x1b[Kin expansion of macro \xe2\x80\x98\x1b[01m\x1b[KRAPIDJSON_DIAG_PRAGMA\x1b[m\x1b[K\xe2\x80\x99\n'}
[10.565554] (-) TimerEvent: {}
[10.565853] (livox_sdk2) StderrLine: {'line': b'  545 |   \x1b[01;36m\x1b[KRAPIDJSON_DIAG_PRAGMA\x1b[m\x1b[K(ignored RAPIDJSON_STRINGIFY(RAPIDJSON_JOIN(-W, x)))\n'}
[10.566361] (livox_sdk2) StderrLine: {'line': b'      |   \x1b[01;36m\x1b[K^~~~~~~~~~~~~~~~~~~~~\x1b[m\x1b[K\n'}
[10.566844] (livox_sdk2) StderrLine: {'line': b'\x1b[01m\x1b[K/home/slam/r2_ws/lidar_ws/Livox-SDK2/sdk_core/../3rdparty/rapidjson/internal/dtoa.h:36:1:\x1b[m\x1b[K \x1b[01;36m\x1b[Knote: \x1b[m\x1b[Kin expansion of macro \xe2\x80\x98\x1b[01m\x1b[KRAPIDJSON_DIAG_OFF\x1b[m\x1b[K\xe2\x80\x99\n'}
[10.567303] (livox_sdk2) StderrLine: {'line': b'   36 | \x1b[01;36m\x1b[KRAPIDJSON_DIAG_OFF\x1b[m\x1b[K(array - bounds)  // some gcc versions generate wrong warnings\n'}
[10.567758] (livox_sdk2) StderrLine: {'line': b'      | \x1b[01;36m\x1b[K^~~~~~~~~~~~~~~~~~\x1b[m\x1b[K\n'}
[10.568194] (livox_sdk2) StderrLine: {'line': b'\x1b[01m\x1b[K/home/slam/r2_ws/lidar_ws/Livox-SDK2/sdk_core/../3rdparty/rapidjson/rapidjson.h:542:29:\x1b[m\x1b[K \x1b[01;36m\x1b[Knote: \x1b[m\x1b[Kdid you mean \xe2\x80\x98\x1b[01m\x1b[K-Warray-bounds\x1b[m\x1b[K\xe2\x80\x99?\n'}
[10.568646] (livox_sdk2) StderrLine: {'line': b'  542 | #define RAPIDJSON_PRAGMA(x) \x1b[01;36m\x1b[K_Pragma\x1b[m\x1b[K(RAPIDJSON_STRINGIFY(x))\n'}
[10.569088] (livox_sdk2) StderrLine: {'line': b'      |                             \x1b[01;36m\x1b[K^~~~~~~\x1b[m\x1b[K\n'}
[10.569524] (livox_sdk2) StderrLine: {'line': b'\x1b[01m\x1b[K/home/slam/r2_ws/lidar_ws/Livox-SDK2/sdk_core/../3rdparty/rapidjson/rapidjson.h:543:34:\x1b[m\x1b[K \x1b[01;36m\x1b[Knote: \x1b[m\x1b[Kin expansion of macro \xe2\x80\x98\x1b[01m\x1b[KRAPIDJSON_PRAGMA\x1b[m\x1b[K\xe2\x80\x99\n'}
[10.569983] (livox_sdk2) StderrLine: {'line': b'  543 | #define RAPIDJSON_DIAG_PRAGMA(x) \x1b[01;36m\x1b[KRAPIDJSON_PRAGMA\x1b[m\x1b[K(GCC diagnostic x)\n'}
[10.570416] (livox_sdk2) StderrLine: {'line': b'      |                                  \x1b[01;36m\x1b[K^~~~~~~~~~~~~~~~\x1b[m\x1b[K\n'}
[10.570860] (livox_sdk2) StderrLine: {'line': b'\x1b[01m\x1b[K/home/slam/r2_ws/lidar_ws/Livox-SDK2/sdk_core/../3rdparty/rapidjson/rapidjson.h:545:3:\x1b[m\x1b[K \x1b[01;36m\x1b[Knote: \x1b[m\x1b[Kin expansion of macro \xe2\x80\x98\x1b[01m\x1b[KRAPIDJSON_DIAG_PRAGMA\x1b[m\x1b[K\xe2\x80\x99\n'}
[10.571289] (livox_sdk2) StderrLine: {'line': b'  545 |   \x1b[01;36m\x1b[KRAPIDJSON_DIAG_PRAGMA\x1b[m\x1b[K(ignored RAPIDJSON_STRINGIFY(RAPIDJSON_JOIN(-W, x)))\n'}
[10.571731] (livox_sdk2) StderrLine: {'line': b'      |   \x1b[01;36m\x1b[K^~~~~~~~~~~~~~~~~~~~~\x1b[m\x1b[K\n'}
[10.572168] (livox_sdk2) StderrLine: {'line': b'\x1b[01m\x1b[K/home/slam/r2_ws/lidar_ws/Livox-SDK2/sdk_core/../3rdparty/rapidjson/internal/dtoa.h:36:1:\x1b[m\x1b[K \x1b[01;36m\x1b[Knote: \x1b[m\x1b[Kin expansion of macro \xe2\x80\x98\x1b[01m\x1b[KRAPIDJSON_DIAG_OFF\x1b[m\x1b[K\xe2\x80\x99\n'}
[10.572610] (livox_sdk2) StderrLine: {'line': b'   36 | \x1b[01;36m\x1b[KRAPIDJSON_DIAG_OFF\x1b[m\x1b[K(array - bounds)  // some gcc versions generate wrong warnings\n'}
[10.573048] (livox_sdk2) StderrLine: {'line': b'      | \x1b[01;36m\x1b[K^~~~~~~~~~~~~~~~~~\x1b[m\x1b[K\n'}
[10.667626] (-) TimerEvent: {}
[10.732682] (livox_sdk2) StdoutLine: {'line': b'[ 70%] \x1b[32mBuilding CXX object sdk_core/CMakeFiles/livox_lidar_sdk_static.dir/command_handler/hap_command_handler.cpp.o\x1b[0m\n'}
[10.767751] (-) TimerEvent: {}
[10.868674] (-) TimerEvent: {}
[10.969574] (-) TimerEvent: {}
[11.071741] (-) TimerEvent: {}
[11.172772] (-) TimerEvent: {}
[11.265358] (livox_sdk2) StdoutLine: {'line': b'[ 71%] \x1b[32mBuilding CXX object sdk_core/CMakeFiles/livox_lidar_sdk_shared.dir/debug_point_cloud_handler/debug_point_cloud_handler.cpp.o\x1b[0m\n'}
[11.272899] (-) TimerEvent: {}
[11.373978] (-) TimerEvent: {}
[11.475055] (-) TimerEvent: {}
[11.575627] (-) TimerEvent: {}
[11.583834] (livox_sdk2) StderrLine: {'line': b'In file included from \x1b[01m\x1b[K/home/slam/r2_ws/lidar_ws/Livox-SDK2/sdk_core/../3rdparty/rapidjson/stream.h:19\x1b[m\x1b[K,\n'}
[11.584062] (livox_sdk2) StderrLine: {'line': b'                 from \x1b[01m\x1b[K/home/slam/r2_ws/lidar_ws/Livox-SDK2/sdk_core/../3rdparty/rapidjson/memorystream.h:22\x1b[m\x1b[K,\n'}
[11.584134] (livox_sdk2) StderrLine: {'line': b'                 from \x1b[01m\x1b[K/home/slam/r2_ws/lidar_ws/Livox-SDK2/sdk_core/../3rdparty/rapidjson/encodedstream.h:22\x1b[m\x1b[K,\n'}
[11.584199] (livox_sdk2) StderrLine: {'line': b'                 from \x1b[01m\x1b[K/home/slam/r2_ws/lidar_ws/Livox-SDK2/sdk_core/../3rdparty/rapidjson/document.h:26\x1b[m\x1b[K,\n'}
[11.584263] (livox_sdk2) StderrLine: {'line': b'                 from \x1b[01m\x1b[K/home/slam/r2_ws/lidar_ws/Livox-SDK2/sdk_core/command_handler/parse_lidar_state_info.h:38\x1b[m\x1b[K,\n'}
[11.584324] (livox_sdk2) StderrLine: {'line': b'                 from \x1b[01m\x1b[K/home/slam/r2_ws/lidar_ws/Livox-SDK2/sdk_core/command_handler/hap_command_handler.cpp:37\x1b[m\x1b[K:\n'}
[11.584392] (livox_sdk2) StderrLine: {'line': b'\x1b[01m\x1b[K/home/slam/r2_ws/lidar_ws/Livox-SDK2/sdk_core/../3rdparty/rapidjson/rapidjson.h:542:29:\x1b[m\x1b[K \x1b[01;35m\x1b[Kwarning: \x1b[m\x1b[Kunknown option after \xe2\x80\x98\x1b[01m\x1b[K#pragma GCC diagnostic\x1b[m\x1b[K\xe2\x80\x99 kind [\x1b[01;35m\x1b[K\x1b]8;;https://gcc.gnu.org/onlinedocs/gcc/Warning-Options.html#index-Wpragmas\x07-Wpragmas\x1b]8;;\x07\x1b[m\x1b[K]\n'}
[11.584457] (livox_sdk2) StderrLine: {'line': b'  542 | #define RAPIDJSON_PRAGMA(x) \x1b[01;35m\x1b[K_Pragma\x1b[m\x1b[K(RAPIDJSON_STRINGIFY(x))\n'}
[11.584520] (livox_sdk2) StderrLine: {'line': b'      |                             \x1b[01;35m\x1b[K^~~~~~~\x1b[m\x1b[K\n'}
[11.584594] (livox_sdk2) StderrLine: {'line': b'\x1b[01m\x1b[K/home/slam/r2_ws/lidar_ws/Livox-SDK2/sdk_core/../3rdparty/rapidjson/rapidjson.h:543:34:\x1b[m\x1b[K \x1b[01;36m\x1b[Knote: \x1b[m\x1b[Kin expansion of macro \xe2\x80\x98\x1b[01m\x1b[KRAPIDJSON_PRAGMA\x1b[m\x1b[K\xe2\x80\x99\n'}
[11.584656] (livox_sdk2) StderrLine: {'line': b'  543 | #define RAPIDJSON_DIAG_PRAGMA(x) \x1b[01;36m\x1b[KRAPIDJSON_PRAGMA\x1b[m\x1b[K(GCC diagnostic x)\n'}
[11.584714] (livox_sdk2) StderrLine: {'line': b'      |                                  \x1b[01;36m\x1b[K^~~~~~~~~~~~~~~~\x1b[m\x1b[K\n'}
[11.584773] (livox_sdk2) StderrLine: {'line': b'\x1b[01m\x1b[K/home/slam/r2_ws/lidar_ws/Livox-SDK2/sdk_core/../3rdparty/rapidjson/rapidjson.h:545:3:\x1b[m\x1b[K \x1b[01;36m\x1b[Knote: \x1b[m\x1b[Kin expansion of macro \xe2\x80\x98\x1b[01m\x1b[KRAPIDJSON_DIAG_PRAGMA\x1b[m\x1b[K\xe2\x80\x99\n'}
[11.584833] (livox_sdk2) StderrLine: {'line': b'  545 |   \x1b[01;36m\x1b[KRAPIDJSON_DIAG_PRAGMA\x1b[m\x1b[K(ignored RAPIDJSON_STRINGIFY(RAPIDJSON_JOIN(-W, x)))\n'}
[11.587623] (livox_sdk2) StderrLine: {'line': b'      |   \x1b[01;36m\x1b[K^~~~~~~~~~~~~~~~~~~~~\x1b[m\x1b[K\n'}
[11.587761] (livox_sdk2) StderrLine: {'line': b'\x1b[01m\x1b[K/home/slam/r2_ws/lidar_ws/Livox-SDK2/sdk_core/../3rdparty/rapidjson/internal/dtoa.h:36:1:\x1b[m\x1b[K \x1b[01;36m\x1b[Knote: \x1b[m\x1b[Kin expansion of macro \xe2\x80\x98\x1b[01m\x1b[KRAPIDJSON_DIAG_OFF\x1b[m\x1b[K\xe2\x80\x99\n'}
[11.587806] (livox_sdk2) StderrLine: {'line': b'   36 | \x1b[01;36m\x1b[KRAPIDJSON_DIAG_OFF\x1b[m\x1b[K(array - bounds)  // some gcc versions generate wrong warnings\n'}
[11.587848] (livox_sdk2) StderrLine: {'line': b'      | \x1b[01;36m\x1b[K^~~~~~~~~~~~~~~~~~\x1b[m\x1b[K\n'}
[11.588557] (livox_sdk2) StderrLine: {'line': b'\x1b[01m\x1b[K/home/slam/r2_ws/lidar_ws/Livox-SDK2/sdk_core/../3rdparty/rapidjson/rapidjson.h:542:29:\x1b[m\x1b[K \x1b[01;36m\x1b[Knote: \x1b[m\x1b[Kdid you mean \xe2\x80\x98\x1b[01m\x1b[K-Warray-bounds\x1b[m\x1b[K\xe2\x80\x99?\n'}
[11.588644] (livox_sdk2) StderrLine: {'line': b'  542 | #define RAPIDJSON_PRAGMA(x) \x1b[01;36m\x1b[K_Pragma\x1b[m\x1b[K(RAPIDJSON_STRINGIFY(x))\n'}
[11.588709] (livox_sdk2) StderrLine: {'line': b'      |                             \x1b[01;36m\x1b[K^~~~~~~\x1b[m\x1b[K\n'}
[11.588772] (livox_sdk2) StderrLine: {'line': b'\x1b[01m\x1b[K/home/slam/r2_ws/lidar_ws/Livox-SDK2/sdk_core/../3rdparty/rapidjson/rapidjson.h:543:34:\x1b[m\x1b[K \x1b[01;36m\x1b[Knote: \x1b[m\x1b[Kin expansion of macro \xe2\x80\x98\x1b[01m\x1b[KRAPIDJSON_PRAGMA\x1b[m\x1b[K\xe2\x80\x99\n'}
[11.588839] (livox_sdk2) StderrLine: {'line': b'  543 | #define RAPIDJSON_DIAG_PRAGMA(x) \x1b[01;36m\x1b[KRAPIDJSON_PRAGMA\x1b[m\x1b[K(GCC diagnostic x)\n'}
[11.588900] (livox_sdk2) StderrLine: {'line': b'      |                                  \x1b[01;36m\x1b[K^~~~~~~~~~~~~~~~\x1b[m\x1b[K\n'}
[11.588959] (livox_sdk2) StderrLine: {'line': b'\x1b[01m\x1b[K/home/slam/r2_ws/lidar_ws/Livox-SDK2/sdk_core/../3rdparty/rapidjson/rapidjson.h:545:3:\x1b[m\x1b[K \x1b[01;36m\x1b[Knote: \x1b[m\x1b[Kin expansion of macro \xe2\x80\x98\x1b[01m\x1b[KRAPIDJSON_DIAG_PRAGMA\x1b[m\x1b[K\xe2\x80\x99\n'}
[11.589022] (livox_sdk2) StderrLine: {'line': b'  545 |   \x1b[01;36m\x1b[KRAPIDJSON_DIAG_PRAGMA\x1b[m\x1b[K(ignored RAPIDJSON_STRINGIFY(RAPIDJSON_JOIN(-W, x)))\n'}
[11.589080] (livox_sdk2) StderrLine: {'line': b'      |   \x1b[01;36m\x1b[K^~~~~~~~~~~~~~~~~~~~~\x1b[m\x1b[K\n'}
[11.589137] (livox_sdk2) StderrLine: {'line': b'\x1b[01m\x1b[K/home/slam/r2_ws/lidar_ws/Livox-SDK2/sdk_core/../3rdparty/rapidjson/internal/dtoa.h:36:1:\x1b[m\x1b[K \x1b[01;36m\x1b[Knote: \x1b[m\x1b[Kin expansion of macro \xe2\x80\x98\x1b[01m\x1b[KRAPIDJSON_DIAG_OFF\x1b[m\x1b[K\xe2\x80\x99\n'}
[11.589198] (livox_sdk2) StderrLine: {'line': b'   36 | \x1b[01;36m\x1b[KRAPIDJSON_DIAG_OFF\x1b[m\x1b[K(array - bounds)  // some gcc versions generate wrong warnings\n'}
[11.589257] (livox_sdk2) StderrLine: {'line': b'      | \x1b[01;36m\x1b[K^~~~~~~~~~~~~~~~~~\x1b[m\x1b[K\n'}
[11.590881] (livox_sdk2) StdoutLine: {'line': b'[ 72%] \x1b[32mBuilding CXX object sdk_core/CMakeFiles/livox_lidar_sdk_static.dir/command_handler/mid360_command_handler.cpp.o\x1b[0m\n'}
[11.675732] (-) TimerEvent: {}
[11.776043] (-) TimerEvent: {}
[11.876358] (-) TimerEvent: {}
[11.906682] (livox_sdk2) StdoutLine: {'line': b'[ 73%] \x1b[32mBuilding CXX object sdk_core/CMakeFiles/livox_lidar_sdk_static.dir/command_handler/build_request.cpp.o\x1b[0m\n'}
[11.976464] (-) TimerEvent: {}
[12.076781] (-) TimerEvent: {}
[12.180741] (-) TimerEvent: {}
[12.197651] (livox_sdk2) StdoutLine: {'line': b'[ 74%] \x1b[32mBuilding CXX object sdk_core/CMakeFiles/livox_lidar_sdk_static.dir/command_handler/parse_lidar_state_info.cpp.o\x1b[0m\n'}
[12.197863] (livox_sdk2) StdoutLine: {'line': b'[ 75%] \x1b[32mBuilding CXX object sdk_core/CMakeFiles/livox_lidar_sdk_static.dir/command_handler/mid360s_command_handler.cpp.o\x1b[0m\n'}
[12.280832] (-) TimerEvent: {}
[12.328898] (livox_sdk2) StdoutLine: {'line': b'[ 76%] \x1b[32mBuilding CXX object sdk_core/CMakeFiles/livox_lidar_sdk_static.dir/command_handler/avia2_command_handler.cpp.o\x1b[0m\n'}
[12.380976] (-) TimerEvent: {}
[12.459906] (livox_sdk2) StdoutLine: {'line': b'[ 78%] \x1b[32mBuilding CXX object sdk_core/CMakeFiles/livox_lidar_sdk_static.dir/debug_point_cloud_handler/debug_point_cloud_manager.cpp.o\x1b[0m\n'}
[12.481096] (-) TimerEvent: {}
[12.570343] (livox_sdk2) StderrLine: {'line': b'In file included from \x1b[01m\x1b[K/home/slam/r2_ws/lidar_ws/Livox-SDK2/sdk_core/../3rdparty/rapidjson/stream.h:19\x1b[m\x1b[K,\n'}
[12.570598] (livox_sdk2) StderrLine: {'line': b'                 from \x1b[01m\x1b[K/home/slam/r2_ws/lidar_ws/Livox-SDK2/sdk_core/../3rdparty/rapidjson/memorystream.h:22\x1b[m\x1b[K,\n'}
[12.570652] (livox_sdk2) StderrLine: {'line': b'                 from \x1b[01m\x1b[K/home/slam/r2_ws/lidar_ws/Livox-SDK2/sdk_core/../3rdparty/rapidjson/encodedstream.h:22\x1b[m\x1b[K,\n'}
[12.570688] (livox_sdk2) StderrLine: {'line': b'                 from \x1b[01m\x1b[K/home/slam/r2_ws/lidar_ws/Livox-SDK2/sdk_core/../3rdparty/rapidjson/document.h:26\x1b[m\x1b[K,\n'}
[12.570723] (livox_sdk2) StderrLine: {'line': b'                 from \x1b[01m\x1b[K/home/slam/r2_ws/lidar_ws/Livox-SDK2/sdk_core/command_handler/parse_lidar_state_info.h:38\x1b[m\x1b[K,\n'}
[12.570756] (livox_sdk2) StderrLine: {'line': b'                 from \x1b[01m\x1b[K/home/slam/r2_ws/lidar_ws/Livox-SDK2/sdk_core/command_handler/mid360_command_handler.cpp:37\x1b[m\x1b[K:\n'}
[12.570789] (livox_sdk2) StderrLine: {'line': b'\x1b[01m\x1b[K/home/slam/r2_ws/lidar_ws/Livox-SDK2/sdk_core/../3rdparty/rapidjson/rapidjson.h:542:29:\x1b[m\x1b[K \x1b[01;35m\x1b[Kwarning: \x1b[m\x1b[Kunknown option after \xe2\x80\x98\x1b[01m\x1b[K#pragma GCC diagnostic\x1b[m\x1b[K\xe2\x80\x99 kind [\x1b[01;35m\x1b[K\x1b]8;;https://gcc.gnu.org/onlinedocs/gcc/Warning-Options.html#index-Wpragmas\x07-Wpragmas\x1b]8;;\x07\x1b[m\x1b[K]\n'}
[12.570827] (livox_sdk2) StderrLine: {'line': b'  542 | #define RAPIDJSON_PRAGMA(x) \x1b[01;35m\x1b[K_Pragma\x1b[m\x1b[K(RAPIDJSON_STRINGIFY(x))\n'}
[12.570860] (livox_sdk2) StderrLine: {'line': b'      |                             \x1b[01;35m\x1b[K^~~~~~~\x1b[m\x1b[K\n'}
[12.570892] (livox_sdk2) StderrLine: {'line': b'\x1b[01m\x1b[K/home/slam/r2_ws/lidar_ws/Livox-SDK2/sdk_core/../3rdparty/rapidjson/rapidjson.h:543:34:\x1b[m\x1b[K \x1b[01;36m\x1b[Knote: \x1b[m\x1b[Kin expansion of macro \xe2\x80\x98\x1b[01m\x1b[KRAPIDJSON_PRAGMA\x1b[m\x1b[K\xe2\x80\x99\n'}
[12.570926] (livox_sdk2) StderrLine: {'line': b'  543 | #define RAPIDJSON_DIAG_PRAGMA(x) \x1b[01;36m\x1b[KRAPIDJSON_PRAGMA\x1b[m\x1b[K(GCC diagnostic x)\n'}
[12.570960] (livox_sdk2) StderrLine: {'line': b'      |                                  \x1b[01;36m\x1b[K^~~~~~~~~~~~~~~~\x1b[m\x1b[K\n'}
[12.570991] (livox_sdk2) StderrLine: {'line': b'\x1b[01m\x1b[K/home/slam/r2_ws/lidar_ws/Livox-SDK2/sdk_core/../3rdparty/rapidjson/rapidjson.h:545:3:\x1b[m\x1b[K \x1b[01;36m\x1b[Knote: \x1b[m\x1b[Kin expansion of macro \xe2\x80\x98\x1b[01m\x1b[KRAPIDJSON_DIAG_PRAGMA\x1b[m\x1b[K\xe2\x80\x99\n'}
[12.571022] (livox_sdk2) StderrLine: {'line': b'  545 |   \x1b[01;36m\x1b[KRAPIDJSON_DIAG_PRAGMA\x1b[m\x1b[K(ignored RAPIDJSON_STRINGIFY(RAPIDJSON_JOIN(-W, x)))\n'}
[12.571053] (livox_sdk2) StderrLine: {'line': b'      |   \x1b[01;36m\x1b[K^~~~~~~~~~~~~~~~~~~~~\x1b[m\x1b[K\n'}
[12.571083] (livox_sdk2) StderrLine: {'line': b'\x1b[01m\x1b[K/home/slam/r2_ws/lidar_ws/Livox-SDK2/sdk_core/../3rdparty/rapidjson/internal/dtoa.h:36:1:\x1b[m\x1b[K \x1b[01;36m\x1b[Knote: \x1b[m\x1b[Kin expansion of macro \xe2\x80\x98\x1b[01m\x1b[KRAPIDJSON_DIAG_OFF\x1b[m\x1b[K\xe2\x80\x99\n'}
[12.571115] (livox_sdk2) StderrLine: {'line': b'   36 | \x1b[01;36m\x1b[KRAPIDJSON_DIAG_OFF\x1b[m\x1b[K(array - bounds)  // some gcc versions generate wrong warnings\n'}
[12.571146] (livox_sdk2) StderrLine: {'line': b'      | \x1b[01;36m\x1b[K^~~~~~~~~~~~~~~~~~\x1b[m\x1b[K\n'}
[12.573748] (livox_sdk2) StderrLine: {'line': b'\x1b[01m\x1b[K/home/slam/r2_ws/lidar_ws/Livox-SDK2/sdk_core/../3rdparty/rapidjson/rapidjson.h:542:29:\x1b[m\x1b[K \x1b[01;36m\x1b[Knote: \x1b[m\x1b[Kdid you mean \xe2\x80\x98\x1b[01m\x1b[K-Warray-bounds\x1b[m\x1b[K\xe2\x80\x99?\n'}
[12.573977] (livox_sdk2) StderrLine: {'line': b'  542 | #define RAPIDJSON_PRAGMA(x) \x1b[01;36m\x1b[K_Pragma\x1b[m\x1b[K(RAPIDJSON_STRINGIFY(x))\n'}
[12.574031] (livox_sdk2) StderrLine: {'line': b'      |                             \x1b[01;36m\x1b[K^~~~~~~\x1b[m\x1b[K\n'}
[12.574069] (livox_sdk2) StderrLine: {'line': b'\x1b[01m\x1b[K/home/slam/r2_ws/lidar_ws/Livox-SDK2/sdk_core/../3rdparty/rapidjson/rapidjson.h:543:34:\x1b[m\x1b[K \x1b[01;36m\x1b[Knote: \x1b[m\x1b[Kin expansion of macro \xe2\x80\x98\x1b[01m\x1b[KRAPIDJSON_PRAGMA\x1b[m\x1b[K\xe2\x80\x99\n'}
[12.574110] (livox_sdk2) StderrLine: {'line': b'  543 | #define RAPIDJSON_DIAG_PRAGMA(x) \x1b[01;36m\x1b[KRAPIDJSON_PRAGMA\x1b[m\x1b[K(GCC diagnostic x)\n'}
[12.574144] (livox_sdk2) StderrLine: {'line': b'      |                                  \x1b[01;36m\x1b[K^~~~~~~~~~~~~~~~\x1b[m\x1b[K\n'}
[12.574178] (livox_sdk2) StderrLine: {'line': b'\x1b[01m\x1b[K/home/slam/r2_ws/lidar_ws/Livox-SDK2/sdk_core/../3rdparty/rapidjson/rapidjson.h:545:3:\x1b[m\x1b[K \x1b[01;36m\x1b[Knote: \x1b[m\x1b[Kin expansion of macro \xe2\x80\x98\x1b[01m\x1b[KRAPIDJSON_DIAG_PRAGMA\x1b[m\x1b[K\xe2\x80\x99\n'}
[12.574212] (livox_sdk2) StderrLine: {'line': b'  545 |   \x1b[01;36m\x1b[KRAPIDJSON_DIAG_PRAGMA\x1b[m\x1b[K(ignored RAPIDJSON_STRINGIFY(RAPIDJSON_JOIN(-W, x)))\n'}
[12.574247] (livox_sdk2) StderrLine: {'line': b'      |   \x1b[01;36m\x1b[K^~~~~~~~~~~~~~~~~~~~~\x1b[m\x1b[K\n'}
[12.574279] (livox_sdk2) StderrLine: {'line': b'\x1b[01m\x1b[K/home/slam/r2_ws/lidar_ws/Livox-SDK2/sdk_core/../3rdparty/rapidjson/internal/dtoa.h:36:1:\x1b[m\x1b[K \x1b[01;36m\x1b[Knote: \x1b[m\x1b[Kin expansion of macro \xe2\x80\x98\x1b[01m\x1b[KRAPIDJSON_DIAG_OFF\x1b[m\x1b[K\xe2\x80\x99\n'}
[12.574310] (livox_sdk2) StderrLine: {'line': b'   36 | \x1b[01;36m\x1b[KRAPIDJSON_DIAG_OFF\x1b[m\x1b[K(array - bounds)  // some gcc versions generate wrong warnings\n'}
[12.574341] (livox_sdk2) StderrLine: {'line': b'      | \x1b[01;36m\x1b[K^~~~~~~~~~~~~~~~~~\x1b[m\x1b[K\n'}
[12.581237] (-) TimerEvent: {}
[12.681596] (-) TimerEvent: {}
[12.690610] (livox_sdk2) StdoutLine: {'line': b'[ 79%] \x1b[32mBuilding CXX object sdk_core/CMakeFiles/livox_lidar_sdk_static.dir/debug_point_cloud_handler/debug_point_cloud_handler.cpp.o\x1b[0m\n'}
[12.736197] (livox_sdk2) StderrLine: {'line': b'In file included from \x1b[01m\x1b[K/home/slam/r2_ws/lidar_ws/Livox-SDK2/sdk_core/../3rdparty/rapidjson/stream.h:19\x1b[m\x1b[K,\n'}
[12.736440] (livox_sdk2) StderrLine: {'line': b'                 from \x1b[01m\x1b[K/home/slam/r2_ws/lidar_ws/Livox-SDK2/sdk_core/../3rdparty/rapidjson/memorystream.h:22\x1b[m\x1b[K,\n'}
[12.736491] (livox_sdk2) StderrLine: {'line': b'                 from \x1b[01m\x1b[K/home/slam/r2_ws/lidar_ws/Livox-SDK2/sdk_core/../3rdparty/rapidjson/encodedstream.h:22\x1b[m\x1b[K,\n'}
[12.736528] (livox_sdk2) StderrLine: {'line': b'                 from \x1b[01m\x1b[K/home/slam/r2_ws/lidar_ws/Livox-SDK2/sdk_core/../3rdparty/rapidjson/document.h:26\x1b[m\x1b[K,\n'}
[12.736573] (livox_sdk2) StderrLine: {'line': b'                 from \x1b[01m\x1b[K/home/slam/r2_ws/lidar_ws/Livox-SDK2/sdk_core/command_handler/parse_lidar_state_info.h:38\x1b[m\x1b[K,\n'}
[12.736607] (livox_sdk2) StderrLine: {'line': b'                 from \x1b[01m\x1b[K/home/slam/r2_ws/lidar_ws/Livox-SDK2/sdk_core/command_handler/parse_lidar_state_info.cpp:2\x1b[m\x1b[K:\n'}
[12.736640] (livox_sdk2) StderrLine: {'line': b'\x1b[01m\x1b[K/home/slam/r2_ws/lidar_ws/Livox-SDK2/sdk_core/../3rdparty/rapidjson/rapidjson.h:542:29:\x1b[m\x1b[K \x1b[01;35m\x1b[Kwarning: \x1b[m\x1b[Kunknown option after \xe2\x80\x98\x1b[01m\x1b[K#pragma GCC diagnostic\x1b[m\x1b[K\xe2\x80\x99 kind [\x1b[01;35m\x1b[K\x1b]8;;https://gcc.gnu.org/onlinedocs/gcc/Warning-Options.html#index-Wpragmas\x07-Wpragmas\x1b]8;;\x07\x1b[m\x1b[K]\n'}
[12.736680] (livox_sdk2) StderrLine: {'line': b'  542 | #define RAPIDJSON_PRAGMA(x) \x1b[01;35m\x1b[K_Pragma\x1b[m\x1b[K(RAPIDJSON_STRINGIFY(x))\n'}
[12.736714] (livox_sdk2) StderrLine: {'line': b'      |                             \x1b[01;35m\x1b[K^~~~~~~\x1b[m\x1b[K\n'}
[12.736747] (livox_sdk2) StderrLine: {'line': b'\x1b[01m\x1b[K/home/slam/r2_ws/lidar_ws/Livox-SDK2/sdk_core/../3rdparty/rapidjson/rapidjson.h:543:34:\x1b[m\x1b[K \x1b[01;36m\x1b[Knote: \x1b[m\x1b[Kin expansion of macro \xe2\x80\x98\x1b[01m\x1b[KRAPIDJSON_PRAGMA\x1b[m\x1b[K\xe2\x80\x99\n'}
[12.736781] (livox_sdk2) StderrLine: {'line': b'  543 | #define RAPIDJSON_DIAG_PRAGMA(x) \x1b[01;36m\x1b[KRAPIDJSON_PRAGMA\x1b[m\x1b[K(GCC diagnostic x)\n'}
[12.736818] (livox_sdk2) StderrLine: {'line': b'      |                                  \x1b[01;36m\x1b[K^~~~~~~~~~~~~~~~\x1b[m\x1b[K\n'}
[12.736850] (livox_sdk2) StderrLine: {'line': b'\x1b[01m\x1b[K/home/slam/r2_ws/lidar_ws/Livox-SDK2/sdk_core/../3rdparty/rapidjson/rapidjson.h:545:3:\x1b[m\x1b[K \x1b[01;36m\x1b[Knote: \x1b[m\x1b[Kin expansion of macro \xe2\x80\x98\x1b[01m\x1b[KRAPIDJSON_DIAG_PRAGMA\x1b[m\x1b[K\xe2\x80\x99\n'}
[12.736882] (livox_sdk2) StderrLine: {'line': b'  545 |   \x1b[01;36m\x1b[KRAPIDJSON_DIAG_PRAGMA\x1b[m\x1b[K(ignored RAPIDJSON_STRINGIFY(RAPIDJSON_JOIN(-W, x)))\n'}
[12.736913] (livox_sdk2) StderrLine: {'line': b'      |   \x1b[01;36m\x1b[K^~~~~~~~~~~~~~~~~~~~~\x1b[m\x1b[K\n'}
[12.736945] (livox_sdk2) StderrLine: {'line': b'\x1b[01m\x1b[K/home/slam/r2_ws/lidar_ws/Livox-SDK2/sdk_core/../3rdparty/rapidjson/internal/dtoa.h:36:1:\x1b[m\x1b[K \x1b[01;36m\x1b[Knote: \x1b[m\x1b[Kin expansion of macro \xe2\x80\x98\x1b[01m\x1b[KRAPIDJSON_DIAG_OFF\x1b[m\x1b[K\xe2\x80\x99\n'}
[12.736977] (livox_sdk2) StderrLine: {'line': b'   36 | \x1b[01;36m\x1b[KRAPIDJSON_DIAG_OFF\x1b[m\x1b[K(array - bounds)  // some gcc versions generate wrong warnings\n'}
[12.737009] (livox_sdk2) StderrLine: {'line': b'      | \x1b[01;36m\x1b[K^~~~~~~~~~~~~~~~~~\x1b[m\x1b[K\n'}
[12.741342] (livox_sdk2) StderrLine: {'line': b'\x1b[01m\x1b[K/home/slam/r2_ws/lidar_ws/Livox-SDK2/sdk_core/../3rdparty/rapidjson/rapidjson.h:542:29:\x1b[m\x1b[K \x1b[01;36m\x1b[Knote: \x1b[m\x1b[Kdid you mean \xe2\x80\x98\x1b[01m\x1b[K-Warray-bounds\x1b[m\x1b[K\xe2\x80\x99?\n'}
[12.741646] (livox_sdk2) StderrLine: {'line': b'  542 | #define RAPIDJSON_PRAGMA(x) \x1b[01;36m\x1b[K_Pragma\x1b[m\x1b[K(RAPIDJSON_STRINGIFY(x))\n'}
[12.741708] (livox_sdk2) StderrLine: {'line': b'      |                             \x1b[01;36m\x1b[K^~~~~~~\x1b[m\x1b[K\n'}
[12.741745] (livox_sdk2) StderrLine: {'line': b'\x1b[01m\x1b[K/home/slam/r2_ws/lidar_ws/Livox-SDK2/sdk_core/../3rdparty/rapidjson/rapidjson.h:543:34:\x1b[m\x1b[K \x1b[01;36m\x1b[Knote: \x1b[m\x1b[Kin expansion of macro \xe2\x80\x98\x1b[01m\x1b[KRAPIDJSON_PRAGMA\x1b[m\x1b[K\xe2\x80\x99\n'}
[12.741781] (livox_sdk2) StderrLine: {'line': b'  543 | #define RAPIDJSON_DIAG_PRAGMA(x) \x1b[01;36m\x1b[KRAPIDJSON_PRAGMA\x1b[m\x1b[K(GCC diagnostic x)\n'}
[12.741821] (livox_sdk2) StderrLine: {'line': b'      |                                  \x1b[01;36m\x1b[K^~~~~~~~~~~~~~~~\x1b[m\x1b[K\n'}
[12.741854] (livox_sdk2) StderrLine: {'line': b'\x1b[01m\x1b[K/home/slam/r2_ws/lidar_ws/Livox-SDK2/sdk_core/../3rdparty/rapidjson/rapidjson.h:545:3:\x1b[m\x1b[K \x1b[01;36m\x1b[Knote: \x1b[m\x1b[Kin expansion of macro \xe2\x80\x98\x1b[01m\x1b[KRAPIDJSON_DIAG_PRAGMA\x1b[m\x1b[K\xe2\x80\x99\n'}
[12.741887] (livox_sdk2) StderrLine: {'line': b'  545 |   \x1b[01;36m\x1b[KRAPIDJSON_DIAG_PRAGMA\x1b[m\x1b[K(ignored RAPIDJSON_STRINGIFY(RAPIDJSON_JOIN(-W, x)))\n'}
[12.741920] (livox_sdk2) StderrLine: {'line': b'      |   \x1b[01;36m\x1b[K^~~~~~~~~~~~~~~~~~~~~\x1b[m\x1b[K\n'}
[12.741952] (livox_sdk2) StderrLine: {'line': b'\x1b[01m\x1b[K/home/slam/r2_ws/lidar_ws/Livox-SDK2/sdk_core/../3rdparty/rapidjson/internal/dtoa.h:36:1:\x1b[m\x1b[K \x1b[01;36m\x1b[Knote: \x1b[m\x1b[Kin expansion of macro \xe2\x80\x98\x1b[01m\x1b[KRAPIDJSON_DIAG_OFF\x1b[m\x1b[K\xe2\x80\x99\n'}
[12.741986] (livox_sdk2) StderrLine: {'line': b'   36 | \x1b[01;36m\x1b[KRAPIDJSON_DIAG_OFF\x1b[m\x1b[K(array - bounds)  // some gcc versions generate wrong warnings\n'}
[12.742018] (livox_sdk2) StderrLine: {'line': b'      | \x1b[01;36m\x1b[K^~~~~~~~~~~~~~~~~~\x1b[m\x1b[K\n'}
[12.782623] (-) TimerEvent: {}
[12.882938] (-) TimerEvent: {}
[12.983306] (-) TimerEvent: {}
[13.085592] (-) TimerEvent: {}
[13.086463] (livox_sdk2) StderrLine: {'line': b'In file included from \x1b[01m\x1b[K/home/slam/r2_ws/lidar_ws/Livox-SDK2/sdk_core/../3rdparty/rapidjson/stream.h:19\x1b[m\x1b[K,\n'}
[13.087107] (livox_sdk2) StderrLine: {'line': b'                 from \x1b[01m\x1b[K/home/slam/r2_ws/lidar_ws/Livox-SDK2/sdk_core/../3rdparty/rapidjson/memorystream.h:22\x1b[m\x1b[K,\n'}
[13.087612] (livox_sdk2) StderrLine: {'line': b'                 from \x1b[01m\x1b[K/home/slam/r2_ws/lidar_ws/Livox-SDK2/sdk_core/../3rdparty/rapidjson/encodedstream.h:22\x1b[m\x1b[K,\n'}
[13.088102] (livox_sdk2) StderrLine: {'line': b'                 from \x1b[01m\x1b[K/home/slam/r2_ws/lidar_ws/Livox-SDK2/sdk_core/../3rdparty/rapidjson/document.h:26\x1b[m\x1b[K,\n'}
[13.088565] (livox_sdk2) StderrLine: {'line': b'                 from \x1b[01m\x1b[K/home/slam/r2_ws/lidar_ws/Livox-SDK2/sdk_core/command_handler/parse_lidar_state_info.h:38\x1b[m\x1b[K,\n'}
[13.089025] (livox_sdk2) StderrLine: {'line': b'                 from \x1b[01m\x1b[K/home/slam/r2_ws/lidar_ws/Livox-SDK2/sdk_core/command_handler/mid360s_command_handler.cpp:37\x1b[m\x1b[K:\n'}
[13.089472] (livox_sdk2) StderrLine: {'line': b'\x1b[01m\x1b[K/home/slam/r2_ws/lidar_ws/Livox-SDK2/sdk_core/../3rdparty/rapidjson/rapidjson.h:542:29:\x1b[m\x1b[K \x1b[01;35m\x1b[Kwarning: \x1b[m\x1b[Kunknown option after \xe2\x80\x98\x1b[01m\x1b[K#pragma GCC diagnostic\x1b[m\x1b[K\xe2\x80\x99 kind [\x1b[01;35m\x1b[K\x1b]8;;https://gcc.gnu.org/onlinedocs/gcc/Warning-Options.html#index-Wpragmas\x07-Wpragmas\x1b]8;;\x07\x1b[m\x1b[K]\n'}
[13.089852] (livox_sdk2) StderrLine: {'line': b'  542 | #define RAPIDJSON_PRAGMA(x) \x1b[01;35m\x1b[K_Pragma\x1b[m\x1b[K(RAPIDJSON_STRINGIFY(x))\n'}
[13.089949] (livox_sdk2) StderrLine: {'line': b'      |                             \x1b[01;35m\x1b[K^~~~~~~\x1b[m\x1b[K\n'}
[13.090036] (livox_sdk2) StderrLine: {'line': b'\x1b[01m\x1b[K/home/slam/r2_ws/lidar_ws/Livox-SDK2/sdk_core/../3rdparty/rapidjson/rapidjson.h:543:34:\x1b[m\x1b[K \x1b[01;36m\x1b[Knote: \x1b[m\x1b[Kin expansion of macro \xe2\x80\x98\x1b[01m\x1b[KRAPIDJSON_PRAGMA\x1b[m\x1b[K\xe2\x80\x99\n'}
[13.090121] (livox_sdk2) StderrLine: {'line': b'  543 | #define RAPIDJSON_DIAG_PRAGMA(x) \x1b[01;36m\x1b[KRAPIDJSON_PRAGMA\x1b[m\x1b[K(GCC diagnostic x)\n'}
[13.090203] (livox_sdk2) StderrLine: {'line': b'      |                                  \x1b[01;36m\x1b[K^~~~~~~~~~~~~~~~\x1b[m\x1b[K\n'}
[13.090281] (livox_sdk2) StderrLine: {'line': b'\x1b[01m\x1b[K/home/slam/r2_ws/lidar_ws/Livox-SDK2/sdk_core/../3rdparty/rapidjson/rapidjson.h:545:3:\x1b[m\x1b[K \x1b[01;36m\x1b[Knote: \x1b[m\x1b[Kin expansion of macro \xe2\x80\x98\x1b[01m\x1b[KRAPIDJSON_DIAG_PRAGMA\x1b[m\x1b[K\xe2\x80\x99\n'}
[13.090363] (livox_sdk2) StderrLine: {'line': b'  545 |   \x1b[01;36m\x1b[KRAPIDJSON_DIAG_PRAGMA\x1b[m\x1b[K(ignored RAPIDJSON_STRINGIFY(RAPIDJSON_JOIN(-W, x)))\n'}
[13.090442] (livox_sdk2) StderrLine: {'line': b'      |   \x1b[01;36m\x1b[K^~~~~~~~~~~~~~~~~~~~~\x1b[m\x1b[K\n'}
[13.090520] (livox_sdk2) StderrLine: {'line': b'\x1b[01m\x1b[K/home/slam/r2_ws/lidar_ws/Livox-SDK2/sdk_core/../3rdparty/rapidjson/internal/dtoa.h:36:1:\x1b[m\x1b[K \x1b[01;36m\x1b[Knote: \x1b[m\x1b[Kin expansion of macro \xe2\x80\x98\x1b[01m\x1b[KRAPIDJSON_DIAG_OFF\x1b[m\x1b[K\xe2\x80\x99\n'}
[13.090614] (livox_sdk2) StderrLine: {'line': b'   36 | \x1b[01;36m\x1b[KRAPIDJSON_DIAG_OFF\x1b[m\x1b[K(array - bounds)  // some gcc versions generate wrong warnings\n'}
[13.090697] (livox_sdk2) StderrLine: {'line': b'      | \x1b[01;36m\x1b[K^~~~~~~~~~~~~~~~~~\x1b[m\x1b[K\n'}
[13.090777] (livox_sdk2) StderrLine: {'line': b'\x1b[01m\x1b[K/home/slam/r2_ws/lidar_ws/Livox-SDK2/sdk_core/../3rdparty/rapidjson/rapidjson.h:542:29:\x1b[m\x1b[K \x1b[01;36m\x1b[Knote: \x1b[m\x1b[Kdid you mean \xe2\x80\x98\x1b[01m\x1b[K-Warray-bounds\x1b[m\x1b[K\xe2\x80\x99?\n'}
[13.090857] (livox_sdk2) StderrLine: {'line': b'  542 | #define RAPIDJSON_PRAGMA(x) \x1b[01;36m\x1b[K_Pragma\x1b[m\x1b[K(RAPIDJSON_STRINGIFY(x))\n'}
[13.090933] (livox_sdk2) StderrLine: {'line': b'      |                             \x1b[01;36m\x1b[K^~~~~~~\x1b[m\x1b[K\n'}
[13.091011] (livox_sdk2) StderrLine: {'line': b'\x1b[01m\x1b[K/home/slam/r2_ws/lidar_ws/Livox-SDK2/sdk_core/../3rdparty/rapidjson/rapidjson.h:543:34:\x1b[m\x1b[K \x1b[01;36m\x1b[Knote: \x1b[m\x1b[Kin expansion of macro \xe2\x80\x98\x1b[01m\x1b[KRAPIDJSON_PRAGMA\x1b[m\x1b[K\xe2\x80\x99\n'}
[13.091091] (livox_sdk2) StderrLine: {'line': b'  543 | #define RAPIDJSON_DIAG_PRAGMA(x) \x1b[01;36m\x1b[KRAPIDJSON_PRAGMA\x1b[m\x1b[K(GCC diagnostic x)\n'}
[13.091179] (livox_sdk2) StderrLine: {'line': b'      |                                  \x1b[01;36m\x1b[K^~~~~~~~~~~~~~~~\x1b[m\x1b[K\n'}
[13.091255] (livox_sdk2) StderrLine: {'line': b'\x1b[01m\x1b[K/home/slam/r2_ws/lidar_ws/Livox-SDK2/sdk_core/../3rdparty/rapidjson/rapidjson.h:545:3:\x1b[m\x1b[K \x1b[01;36m\x1b[Knote: \x1b[m\x1b[Kin expansion of macro \xe2\x80\x98\x1b[01m\x1b[KRAPIDJSON_DIAG_PRAGMA\x1b[m\x1b[K\xe2\x80\x99\n'}
[13.091334] (livox_sdk2) StderrLine: {'line': b'  545 |   \x1b[01;36m\x1b[KRAPIDJSON_DIAG_PRAGMA\x1b[m\x1b[K(ignored RAPIDJSON_STRINGIFY(RAPIDJSON_JOIN(-W, x)))\n'}
[13.091411] (livox_sdk2) StderrLine: {'line': b'      |   \x1b[01;36m\x1b[K^~~~~~~~~~~~~~~~~~~~~\x1b[m\x1b[K\n'}
[13.101097] (livox_sdk2) StderrLine: {'line': b'\x1b[01m\x1b[K/home/slam/r2_ws/lidar_ws/Livox-SDK2/sdk_core/../3rdparty/rapidjson/internal/dtoa.h:36:1:\x1b[m\x1b[K \x1b[01;36m\x1b[Knote: \x1b[m\x1b[Kin expansion of macro \xe2\x80\x98\x1b[01m\x1b[KRAPIDJSON_DIAG_OFF\x1b[m\x1b[K\xe2\x80\x99\n'}
[13.101667] (livox_sdk2) StderrLine: {'line': b'   36 | \x1b[01;36m\x1b[KRAPIDJSON_DIAG_OFF\x1b[m\x1b[K(array - bounds)  // some gcc versions generate wrong warnings\n'}
[13.102162] (livox_sdk2) StderrLine: {'line': b'      | \x1b[01;36m\x1b[K^~~~~~~~~~~~~~~~~~\x1b[m\x1b[K\n'}
[13.185727] (-) TimerEvent: {}
[13.286325] (-) TimerEvent: {}
[13.291837] (livox_sdk2) StderrLine: {'line': b'In file included from \x1b[01m\x1b[K/home/slam/r2_ws/lidar_ws/Livox-SDK2/sdk_core/../3rdparty/rapidjson/stream.h:19\x1b[m\x1b[K,\n'}
[13.292667] (livox_sdk2) StderrLine: {'line': b'                 from \x1b[01m\x1b[K/home/slam/r2_ws/lidar_ws/Livox-SDK2/sdk_core/../3rdparty/rapidjson/memorystream.h:22\x1b[m\x1b[K,\n'}
[13.293221] (livox_sdk2) StderrLine: {'line': b'                 from \x1b[01m\x1b[K/home/slam/r2_ws/lidar_ws/Livox-SDK2/sdk_core/../3rdparty/rapidjson/encodedstream.h:22\x1b[m\x1b[K,\n'}
[13.293880] (livox_sdk2) StderrLine: {'line': b'                 from \x1b[01m\x1b[K/home/slam/r2_ws/lidar_ws/Livox-SDK2/sdk_core/../3rdparty/rapidjson/document.h:26\x1b[m\x1b[K,\n'}
[13.294359] (livox_sdk2) StderrLine: {'line': b'                 from \x1b[01m\x1b[K/home/slam/r2_ws/lidar_ws/Livox-SDK2/sdk_core/command_handler/parse_lidar_state_info.h:38\x1b[m\x1b[K,\n'}
[13.294788] (livox_sdk2) StderrLine: {'line': b'                 from \x1b[01m\x1b[K/home/slam/r2_ws/lidar_ws/Livox-SDK2/sdk_core/command_handler/avia2_command_handler.cpp:37\x1b[m\x1b[K:\n'}
[13.295341] (livox_sdk2) StderrLine: {'line': b'\x1b[01m\x1b[K/home/slam/r2_ws/lidar_ws/Livox-SDK2/sdk_core/../3rdparty/rapidjson/rapidjson.h:542:29:\x1b[m\x1b[K \x1b[01;35m\x1b[Kwarning: \x1b[m\x1b[Kunknown option after \xe2\x80\x98\x1b[01m\x1b[K#pragma GCC diagnostic\x1b[m\x1b[K\xe2\x80\x99 kind [\x1b[01;35m\x1b[K\x1b]8;;https://gcc.gnu.org/onlinedocs/gcc/Warning-Options.html#index-Wpragmas\x07-Wpragmas\x1b]8;;\x07\x1b[m\x1b[K]\n'}
[13.295793] (livox_sdk2) StderrLine: {'line': b'  542 | #define RAPIDJSON_PRAGMA(x) \x1b[01;35m\x1b[K_Pragma\x1b[m\x1b[K(RAPIDJSON_STRINGIFY(x))\n'}
[13.296217] (livox_sdk2) StderrLine: {'line': b'      |                             \x1b[01;35m\x1b[K^~~~~~~\x1b[m\x1b[K\n'}
[13.296652] (livox_sdk2) StderrLine: {'line': b'\x1b[01m\x1b[K/home/slam/r2_ws/lidar_ws/Livox-SDK2/sdk_core/../3rdparty/rapidjson/rapidjson.h:543:34:\x1b[m\x1b[K \x1b[01;36m\x1b[Knote: \x1b[m\x1b[Kin expansion of macro \xe2\x80\x98\x1b[01m\x1b[KRAPIDJSON_PRAGMA\x1b[m\x1b[K\xe2\x80\x99\n'}
[13.297164] (livox_sdk2) StderrLine: {'line': b'  543 | #define RAPIDJSON_DIAG_PRAGMA(x) \x1b[01;36m\x1b[KRAPIDJSON_PRAGMA\x1b[m\x1b[K(GCC diagnostic x)\n'}
[13.298833] (livox_sdk2) StderrLine: {'line': b'      |                                  \x1b[01;36m\x1b[K^~~~~~~~~~~~~~~~\x1b[m\x1b[K\n'}
[13.299400] (livox_sdk2) StderrLine: {'line': b'\x1b[01m\x1b[K/home/slam/r2_ws/lidar_ws/Livox-SDK2/sdk_core/../3rdparty/rapidjson/rapidjson.h:545:3:\x1b[m\x1b[K \x1b[01;36m\x1b[Knote: \x1b[m\x1b[Kin expansion of macro \xe2\x80\x98\x1b[01m\x1b[KRAPIDJSON_DIAG_PRAGMA\x1b[m\x1b[K\xe2\x80\x99\n'}
[13.299973] (livox_sdk2) StderrLine: {'line': b'  545 |   \x1b[01;36m\x1b[KRAPIDJSON_DIAG_PRAGMA\x1b[m\x1b[K(ignored RAPIDJSON_STRINGIFY(RAPIDJSON_JOIN(-W, x)))\n'}
[13.300500] (livox_sdk2) StderrLine: {'line': b'      |   \x1b[01;36m\x1b[K^~~~~~~~~~~~~~~~~~~~~\x1b[m\x1b[K\n'}
[13.301032] (livox_sdk2) StderrLine: {'line': b'\x1b[01m\x1b[K/home/slam/r2_ws/lidar_ws/Livox-SDK2/sdk_core/../3rdparty/rapidjson/internal/dtoa.h:36:1:\x1b[m\x1b[K \x1b[01;36m\x1b[Knote: \x1b[m\x1b[Kin expansion of macro \xe2\x80\x98\x1b[01m\x1b[KRAPIDJSON_DIAG_OFF\x1b[m\x1b[K\xe2\x80\x99\n'}
[13.301469] (livox_sdk2) StderrLine: {'line': b'   36 | \x1b[01;36m\x1b[KRAPIDJSON_DIAG_OFF\x1b[m\x1b[K(array - bounds)  // some gcc versions generate wrong warnings\n'}
[13.301899] (livox_sdk2) StderrLine: {'line': b'      | \x1b[01;36m\x1b[K^~~~~~~~~~~~~~~~~~\x1b[m\x1b[K\n'}
[13.303071] (livox_sdk2) StderrLine: {'line': b'\x1b[01m\x1b[K/home/slam/r2_ws/lidar_ws/Livox-SDK2/sdk_core/../3rdparty/rapidjson/rapidjson.h:542:29:\x1b[m\x1b[K \x1b[01;36m\x1b[Knote: \x1b[m\x1b[Kdid you mean \xe2\x80\x98\x1b[01m\x1b[K-Warray-bounds\x1b[m\x1b[K\xe2\x80\x99?\n'}
[13.303508] (livox_sdk2) StderrLine: {'line': b'  542 | #define RAPIDJSON_PRAGMA(x) \x1b[01;36m\x1b[K_Pragma\x1b[m\x1b[K(RAPIDJSON_STRINGIFY(x))\n'}
[13.303942] (livox_sdk2) StderrLine: {'line': b'      |                             \x1b[01;36m\x1b[K^~~~~~~\x1b[m\x1b[K\n'}
[13.304359] (livox_sdk2) StderrLine: {'line': b'\x1b[01m\x1b[K/home/slam/r2_ws/lidar_ws/Livox-SDK2/sdk_core/../3rdparty/rapidjson/rapidjson.h:543:34:\x1b[m\x1b[K \x1b[01;36m\x1b[Knote: \x1b[m\x1b[Kin expansion of macro \xe2\x80\x98\x1b[01m\x1b[KRAPIDJSON_PRAGMA\x1b[m\x1b[K\xe2\x80\x99\n'}
[13.304790] (livox_sdk2) StderrLine: {'line': b'  543 | #define RAPIDJSON_DIAG_PRAGMA(x) \x1b[01;36m\x1b[KRAPIDJSON_PRAGMA\x1b[m\x1b[K(GCC diagnostic x)\n'}
[13.305221] (livox_sdk2) StderrLine: {'line': b'      |                                  \x1b[01;36m\x1b[K^~~~~~~~~~~~~~~~\x1b[m\x1b[K\n'}
[13.305660] (livox_sdk2) StderrLine: {'line': b'\x1b[01m\x1b[K/home/slam/r2_ws/lidar_ws/Livox-SDK2/sdk_core/../3rdparty/rapidjson/rapidjson.h:545:3:\x1b[m\x1b[K \x1b[01;36m\x1b[Knote: \x1b[m\x1b[Kin expansion of macro \xe2\x80\x98\x1b[01m\x1b[KRAPIDJSON_DIAG_PRAGMA\x1b[m\x1b[K\xe2\x80\x99\n'}
[13.306090] (livox_sdk2) StderrLine: {'line': b'  545 |   \x1b[01;36m\x1b[KRAPIDJSON_DIAG_PRAGMA\x1b[m\x1b[K(ignored RAPIDJSON_STRINGIFY(RAPIDJSON_JOIN(-W, x)))\n'}
[13.306510] (livox_sdk2) StderrLine: {'line': b'      |   \x1b[01;36m\x1b[K^~~~~~~~~~~~~~~~~~~~~\x1b[m\x1b[K\n'}
[13.306951] (livox_sdk2) StderrLine: {'line': b'\x1b[01m\x1b[K/home/slam/r2_ws/lidar_ws/Livox-SDK2/sdk_core/../3rdparty/rapidjson/internal/dtoa.h:36:1:\x1b[m\x1b[K \x1b[01;36m\x1b[Knote: \x1b[m\x1b[Kin expansion of macro \xe2\x80\x98\x1b[01m\x1b[KRAPIDJSON_DIAG_OFF\x1b[m\x1b[K\xe2\x80\x99\n'}
[13.307370] (livox_sdk2) StderrLine: {'line': b'   36 | \x1b[01;36m\x1b[KRAPIDJSON_DIAG_OFF\x1b[m\x1b[K(array - bounds)  // some gcc versions generate wrong warnings\n'}
[13.307811] (livox_sdk2) StderrLine: {'line': b'      | \x1b[01;36m\x1b[K^~~~~~~~~~~~~~~~~~\x1b[m\x1b[K\n'}
[13.386518] (-) TimerEvent: {}
[13.487586] (-) TimerEvent: {}
[13.538981] (livox_sdk2) StdoutLine: {'line': b'[ 80%] \x1b[32m\x1b[1mLinking CXX shared library liblivox_lidar_sdk_shared.so\x1b[0m\n'}
[13.587697] (-) TimerEvent: {}
[13.690264] (-) TimerEvent: {}
[13.791520] (-) TimerEvent: {}
[13.892558] (-) TimerEvent: {}
[13.993599] (-) TimerEvent: {}
[14.096191] (-) TimerEvent: {}
[14.197657] (-) TimerEvent: {}
[14.298587] (-) TimerEvent: {}
[14.399874] (-) TimerEvent: {}
[14.501551] (-) TimerEvent: {}
[14.504328] (livox_sdk2) StdoutLine: {'line': b'[ 80%] Built target livox_lidar_sdk_shared\n'}
[14.601718] (-) TimerEvent: {}
[14.702048] (-) TimerEvent: {}
[14.802484] (-) TimerEvent: {}
[14.818576] (basic) StdoutLine: {'line': b'[100%] \x1b[32m\x1b[1mLinking CXX shared library libbasic.so\x1b[0m\n'}
[14.902714] (-) TimerEvent: {}
[15.003086] (-) TimerEvent: {}
[15.064977] (livox_sdk2) StdoutLine: {'line': b'[ 81%] \x1b[32m\x1b[1mLinking CXX static library liblivox_lidar_sdk_static.a\x1b[0m\n'}
[15.103312] (-) TimerEvent: {}
[15.203720] (-) TimerEvent: {}
[15.251902] (livox_sdk2) StdoutLine: {'line': b'[ 81%] Built target livox_lidar_sdk_static\n'}
[15.267746] (livox_sdk2) StdoutLine: {'line': b'[ 83%] \x1b[32mBuilding CXX object samples/logger/CMakeFiles/logger.dir/main.cpp.o\x1b[0m\n'}
[15.268116] (livox_sdk2) StdoutLine: {'line': b'[ 83%] \x1b[32mBuilding CXX object samples/lidar_cmd_observer/CMakeFiles/lidar_cmd_observer.dir/main.cpp.o\x1b[0m\n'}
[15.272153] (livox_sdk2) StdoutLine: {'line': b'[ 84%] \x1b[32mBuilding CXX object samples/livox_lidar_rmc_time_sync/CMakeFiles/livox_lidar_rmc_time_sync.dir/main.cpp.o\x1b[0m\n'}
[15.272431] (livox_sdk2) StdoutLine: {'line': b'[ 85%] \x1b[32mBuilding CXX object samples/debug_point_cloud/CMakeFiles/debug_point_cloud.dir/main.cpp.o\x1b[0m\n'}
[15.273249] (livox_sdk2) StdoutLine: {'line': b'[ 86%] \x1b[32mBuilding CXX object samples/livox_lidar_rmc_time_sync/CMakeFiles/livox_lidar_rmc_time_sync.dir/linux/synchro.cpp.o\x1b[0m\n'}
[15.274207] (livox_sdk2) StdoutLine: {'line': b'[ 87%] \x1b[32mBuilding CXX object samples/livox_lidar_quick_start/CMakeFiles/livox_lidar_quick_start.dir/main.cpp.o\x1b[0m\n'}
[15.274371] (livox_sdk2) StdoutLine: {'line': b'[ 89%] \x1b[32mBuilding CXX object samples/multi_lidars_upgrade/CMakeFiles/multi_lidars_upgrade.dir/main.cpp.o\x1b[0m\n'}
[15.277288] (livox_sdk2) StdoutLine: {'line': b'[ 90%] \x1b[32mBuilding CXX object samples/livox_lidar_ip_set/CMakeFiles/livox_lidar_ip_set.dir/main.cpp.o\x1b[0m\n'}
[15.284279] (livox_sdk2) StdoutLine: {'line': b'[ 91%] \x1b[32mBuilding CXX object samples/livox_lidar_info_get/CMakeFiles/livox_lidar_info_get.dir/main.cpp.o\x1b[0m\n'}
[15.304615] (-) TimerEvent: {}
[15.404977] (-) TimerEvent: {}
[15.479869] (livox_sdk2) StdoutLine: {'line': b'[ 92%] \x1b[32m\x1b[1mLinking CXX executable lidar_cmd_observer\x1b[0m\n'}
[15.506660] (-) TimerEvent: {}
[15.560701] (livox_sdk2) StdoutLine: {'line': b'[ 93%] \x1b[32m\x1b[1mLinking CXX executable livox_lidar_ip_set\x1b[0m\n'}
[15.574937] (livox_sdk2) StdoutLine: {'line': b'[ 94%] \x1b[32m\x1b[1mLinking CXX executable multi_lidars_upgrade\x1b[0m\n'}
[15.580912] (livox_sdk2) StdoutLine: {'line': b'[ 95%] \x1b[32m\x1b[1mLinking CXX executable livox_lidar_quick_start\x1b[0m\n'}
[15.606832] (-) TimerEvent: {}
[15.669764] (livox_sdk2) StdoutLine: {'line': b'[ 96%] \x1b[32m\x1b[1mLinking CXX executable livox_lidar_info_get\x1b[0m\n'}
[15.707077] (-) TimerEvent: {}
[15.719894] (livox_sdk2) StdoutLine: {'line': b'[ 97%] \x1b[32m\x1b[1mLinking CXX executable livox_lidar_rmc_time_sync\x1b[0m\n'}
[15.785085] (livox_sdk2) StdoutLine: {'line': b'[ 98%] \x1b[32m\x1b[1mLinking CXX executable logger\x1b[0m\n'}
[15.807303] (-) TimerEvent: {}
[15.874823] (livox_sdk2) StdoutLine: {'line': b'[100%] \x1b[32m\x1b[1mLinking CXX executable debug_point_cloud\x1b[0m\n'}
[15.884315] (basic) StdoutLine: {'line': b'[100%] Built target basic\n'}
[15.903245] (basic) JobEnded: {'identifier': 'basic', 'rc': 'SIGINT'}
[15.907454] (-) TimerEvent: {}
[16.008019] (-) TimerEvent: {}
[16.109039] (-) TimerEvent: {}
[16.210480] (-) TimerEvent: {}
[16.311452] (-) TimerEvent: {}
[16.412137] (-) TimerEvent: {}
[16.512784] (-) TimerEvent: {}
[16.613501] (-) TimerEvent: {}
[16.714227] (-) TimerEvent: {}
[16.737313] (livox_sdk2) StdoutLine: {'line': b'[100%] Built target lidar_cmd_observer\n'}
[16.752406] (livox_sdk2) StdoutLine: {'line': b'[100%] Built target multi_lidars_upgrade\n'}
[16.780299] (livox_sdk2) StdoutLine: {'line': b'[100%] Built target livox_lidar_ip_set\n'}
[16.814506] (-) TimerEvent: {}
[16.832691] (livox_sdk2) StdoutLine: {'line': b'[100%] Built target livox_lidar_quick_start\n'}
[16.888023] (livox_sdk2) StdoutLine: {'line': b'[100%] Built target livox_lidar_rmc_time_sync\n'}
[16.892693] (livox_sdk2) StdoutLine: {'line': b'[100%] Built target livox_lidar_info_get\n'}
[16.914695] (-) TimerEvent: {}
[16.924238] (livox_sdk2) StdoutLine: {'line': b'[100%] Built target logger\n'}
[16.965517] (livox_sdk2) StdoutLine: {'line': b'[100%] Built target debug_point_cloud\n'}
[16.975939] (livox_sdk2) JobEnded: {'identifier': 'livox_sdk2', 'rc': 'SIGINT'}
[16.986541] (super_lio) JobSkipped: {'identifier': 'super_lio'}
[16.986632] (-) EventReactorShutdown: {}
