[0.000000] (-) TimerEvent: {}
[0.000309] (basic) JobQueued: {'identifier': 'basic', 'dependencies': OrderedDict()}
[0.000475] (livox_ros_driver2) JobQueued: {'identifier': 'livox_ros_driver2', 'dependencies': OrderedDict()}
[0.000559] (livox_sdk2) JobQueued: {'identifier': 'livox_sdk2', 'dependencies': OrderedDict()}
[0.000628] (super_lio) JobQueued: {'identifier': 'super_lio', 'dependencies': OrderedDict([('basic', '/home/slam/r2_ws/lidar_ws/install/basic'), ('livox_ros_driver2', '/home/slam/r2_ws/lidar_ws/install/livox_ros_driver2')])}
[0.000662] (basic) JobStarted: {'identifier': 'basic'}
[0.004272] (livox_ros_driver2) JobStarted: {'identifier': 'livox_ros_driver2'}
[0.006162] (livox_sdk2) JobStarted: {'identifier': 'livox_sdk2'}
[0.008592] (basic) JobProgress: {'identifier': 'basic', 'progress': 'cmake'}
[0.008899] (basic) Command: {'cmd': ['/usr/bin/cmake', '/home/slam/r2_ws/lidar_ws/src/Super-LIO/src/basic', '-DROS_EDITION=ROS2', '-DDISTRO_ROS=humble', '-DCMAKE_INSTALL_PREFIX=/home/slam/r2_ws/lidar_ws/install/basic'], 'cwd': '/home/slam/r2_ws/lidar_ws/build/basic', 'env': OrderedDict([('LESSOPEN', '| /usr/bin/lesspipe %s'), ('LANGUAGE', 'zh_CN:en'), ('USER', 'slam'), ('SSH_CLIENT', '10.88.122.74 36234 22'), ('LC_TIME', 'en_US.UTF-8'), ('XDG_SESSION_TYPE', 'tty'), ('SHLVL', '2'), ('LIBGL_ALWAYS_SOFTWARE', '1'), ('LD_LIBRARY_PATH', '/home/slam/r2_ws/lidar_ws/install/super_lio/lib:/home/slam/r2_ws/lidar_ws/install/livox_sdk2/lib:/home/slam/r2_ws/lidar_ws/install/livox_ros_driver2/lib:/home/slam/r2_ws/lidar_ws/install/basic/lib:/opt/ros/humble/opt/rviz_ogre_vendor/lib:/opt/ros/humble/lib/x86_64-linux-gnu:/opt/ros/humble/lib'), ('MOTD_SHOWN', 'pam'), ('HOME', '/home/slam'), ('OLDPWD', '/home/slam/r2_ws/lidar_ws/src/livox_ros_driver2'), ('SSH_TTY', '/dev/pts/0'), ('ROS_PYTHON_VERSION', '3'), ('LC_MONETARY', 'en_US.UTF-8'), ('DBUS_SESSION_BUS_ADDRESS', 'unix:path=/run/user/1000/bus'), ('COLCON_PREFIX_PATH', '/home/slam/r2_ws/lidar_ws/install'), ('ROS_DISTRO', 'humble'), ('LOGNAME', 'slam'), ('_', '/home/slam/.local/bin/colcon'), ('ROS_VERSION', 'ROS2'), ('XDG_SESSION_CLASS', 'user'), ('TERM', 'xterm-256color'), ('XDG_SESSION_ID', '4'), ('ROS_LOCALHOST_ONLY', '0'), ('PATH', '/home/slam/.local/bin:/opt/ros/humble/bin:/usr/local/sbin:/usr/local/bin:/usr/sbin:/usr/bin:/sbin:/bin:/usr/games:/usr/local/games:/snap/bin'), ('PAPERSIZE', 'letter'), ('LC_ADDRESS', 'en_US.UTF-8'), ('XDG_RUNTIME_DIR', '/run/user/1000'), ('DISPLAY', 'localhost:10.0'), ('LANG', 'zh_CN.UTF-8'), ('LC_TELEPHONE', 'en_US.UTF-8'), ('LS_COLORS', 'rs=0:di=01;34:ln=01;36:mh=00:pi=40;33:so=01;35:do=01;35:bd=40;33;01:cd=40;33;01:or=40;31;01:mi=00:su=37;41:sg=30;43:ca=30;41:tw=30;42:ow=34;42:st=37;44:ex=01;32:*.tar=01;31:*.tgz=01;31:*.arc=01;31:*.arj=01;31:*.taz=01;31:*.lha=01;31:*.lz4=01;31:*.lzh=01;31:*.lzma=01;31:*.tlz=01;31:*.txz=01;31:*.tzo=01;31:*.t7z=01;31:*.zip=01;31:*.z=01;31:*.dz=01;31:*.gz=01;31:*.lrz=01;31:*.lz=01;31:*.lzo=01;31:*.xz=01;31:*.zst=01;31:*.tzst=01;31:*.bz2=01;31:*.bz=01;31:*.tbz=01;31:*.tbz2=01;31:*.tz=01;31:*.deb=01;31:*.rpm=01;31:*.jar=01;31:*.war=01;31:*.ear=01;31:*.sar=01;31:*.rar=01;31:*.alz=01;31:*.ace=01;31:*.zoo=01;31:*.cpio=01;31:*.7z=01;31:*.rz=01;31:*.cab=01;31:*.wim=01;31:*.swm=01;31:*.dwm=01;31:*.esd=01;31:*.jpg=01;35:*.jpeg=01;35:*.mjpg=01;35:*.mjpeg=01;35:*.gif=01;35:*.bmp=01;35:*.pbm=01;35:*.pgm=01;35:*.ppm=01;35:*.tga=01;35:*.xbm=01;35:*.xpm=01;35:*.tif=01;35:*.tiff=01;35:*.png=01;35:*.svg=01;35:*.svgz=01;35:*.mng=01;35:*.pcx=01;35:*.mov=01;35:*.mpg=01;35:*.mpeg=01;35:*.m2v=01;35:*.mkv=01;35:*.webm=01;35:*.webp=01;35:*.ogm=01;35:*.mp4=01;35:*.m4v=01;35:*.mp4v=01;35:*.vob=01;35:*.qt=01;35:*.nuv=01;35:*.wmv=01;35:*.asf=01;35:*.rm=01;35:*.rmvb=01;35:*.flc=01;35:*.avi=01;35:*.fli=01;35:*.flv=01;35:*.gl=01;35:*.dl=01;35:*.xcf=01;35:*.xwd=01;35:*.yuv=01;35:*.cgm=01;35:*.emf=01;35:*.ogv=01;35:*.ogx=01;35:*.aac=00;36:*.au=00;36:*.flac=00;36:*.m4a=00;36:*.mid=00;36:*.midi=00;36:*.mka=00;36:*.mp3=00;36:*.mpc=00;36:*.ogg=00;36:*.ra=00;36:*.wav=00;36:*.oga=00;36:*.opus=00;36:*.spx=00;36:*.xspf=00;36:'), ('AMENT_PREFIX_PATH', '/home/slam/r2_ws/lidar_ws/install/super_lio:/home/slam/r2_ws/lidar_ws/install/livox_ros_driver2:/home/slam/r2_ws/lidar_ws/install/basic:/opt/ros/humble'), ('SHELL', '/bin/bash'), ('LC_NAME', 'en_US.UTF-8'), ('LESSCLOSE', '/usr/bin/lesspipe %s %s'), ('LC_MEASUREMENT', 'en_US.UTF-8'), ('LC_IDENTIFICATION', 'en_US.UTF-8'), ('PWD', '/home/slam/r2_ws/lidar_ws/build/basic'), ('QT_QPA_PLATFORM', 'xcb'), ('LC_ALL', 'en_US.UTF-8'), ('SSH_CONNECTION', '10.88.122.74 36234 10.88.122.14 22'), ('XDG_DATA_DIRS', '/usr/share/gnome:/usr/local/share:/usr/share:/var/lib/snapd/desktop'), ('PYTHONPATH', '/home/slam/r2_ws/lidar_ws/install/super_lio/local/lib/python3.10/dist-packages:/home/slam/r2_ws/lidar_ws/install/livox_ros_driver2/local/lib/python3.10/dist-packages:/opt/ros/humble/lib/python3.10/site-packages:/opt/ros/humble/local/lib/python3.10/dist-packages'), ('LC_NUMERIC', 'en_US.UTF-8'), ('LC_PAPER', 'en_US.UTF-8'), ('COLCON', '1'), ('CMAKE_PREFIX_PATH', '/home/slam/r2_ws/lidar_ws/install/super_lio:/home/slam/r2_ws/lidar_ws/install/livox_ros_driver2:/home/slam/r2_ws/lidar_ws/install/basic:/opt/ros/humble')]), 'shell': False}
[0.010492] (livox_ros_driver2) JobProgress: {'identifier': 'livox_ros_driver2', 'progress': 'cmake'}
[0.010642] (livox_ros_driver2) Command: {'cmd': ['/usr/bin/cmake', '/home/slam/r2_ws/lidar_ws/src/livox_ros_driver2', '-DROS_EDITION=ROS2', '-DDISTRO_ROS=humble', '-DCMAKE_INSTALL_PREFIX=/home/slam/r2_ws/lidar_ws/install/livox_ros_driver2'], 'cwd': '/home/slam/r2_ws/lidar_ws/build/livox_ros_driver2', 'env': OrderedDict([('LESSOPEN', '| /usr/bin/lesspipe %s'), ('LANGUAGE', 'zh_CN:en'), ('USER', 'slam'), ('SSH_CLIENT', '10.88.122.74 36234 22'), ('LC_TIME', 'en_US.UTF-8'), ('XDG_SESSION_TYPE', 'tty'), ('SHLVL', '2'), ('LIBGL_ALWAYS_SOFTWARE', '1'), ('LD_LIBRARY_PATH', '/home/slam/r2_ws/lidar_ws/install/super_lio/lib:/home/slam/r2_ws/lidar_ws/install/livox_sdk2/lib:/home/slam/r2_ws/lidar_ws/install/livox_ros_driver2/lib:/home/slam/r2_ws/lidar_ws/install/basic/lib:/opt/ros/humble/opt/rviz_ogre_vendor/lib:/opt/ros/humble/lib/x86_64-linux-gnu:/opt/ros/humble/lib'), ('MOTD_SHOWN', 'pam'), ('HOME', '/home/slam'), ('OLDPWD', '/home/slam/r2_ws/lidar_ws/src/livox_ros_driver2'), ('SSH_TTY', '/dev/pts/0'), ('ROS_PYTHON_VERSION', '3'), ('LC_MONETARY', 'en_US.UTF-8'), ('DBUS_SESSION_BUS_ADDRESS', 'unix:path=/run/user/1000/bus'), ('COLCON_PREFIX_PATH', '/home/slam/r2_ws/lidar_ws/install'), ('ROS_DISTRO', 'humble'), ('LOGNAME', 'slam'), ('_', '/home/slam/.local/bin/colcon'), ('ROS_VERSION', 'ROS2'), ('XDG_SESSION_CLASS', 'user'), ('TERM', 'xterm-256color'), ('XDG_SESSION_ID', '4'), ('ROS_LOCALHOST_ONLY', '0'), ('PATH', '/home/slam/.local/bin:/opt/ros/humble/bin:/usr/local/sbin:/usr/local/bin:/usr/sbin:/usr/bin:/sbin:/bin:/usr/games:/usr/local/games:/snap/bin'), ('PAPERSIZE', 'letter'), ('LC_ADDRESS', 'en_US.UTF-8'), ('XDG_RUNTIME_DIR', '/run/user/1000'), ('DISPLAY', 'localhost:10.0'), ('LANG', 'zh_CN.UTF-8'), ('LC_TELEPHONE', 'en_US.UTF-8'), ('LS_COLORS', 'rs=0:di=01;34:ln=01;36:mh=00:pi=40;33:so=01;35:do=01;35:bd=40;33;01:cd=40;33;01:or=40;31;01:mi=00:su=37;41:sg=30;43:ca=30;41:tw=30;42:ow=34;42:st=37;44:ex=01;32:*.tar=01;31:*.tgz=01;31:*.arc=01;31:*.arj=01;31:*.taz=01;31:*.lha=01;31:*.lz4=01;31:*.lzh=01;31:*.lzma=01;31:*.tlz=01;31:*.txz=01;31:*.tzo=01;31:*.t7z=01;31:*.zip=01;31:*.z=01;31:*.dz=01;31:*.gz=01;31:*.lrz=01;31:*.lz=01;31:*.lzo=01;31:*.xz=01;31:*.zst=01;31:*.tzst=01;31:*.bz2=01;31:*.bz=01;31:*.tbz=01;31:*.tbz2=01;31:*.tz=01;31:*.deb=01;31:*.rpm=01;31:*.jar=01;31:*.war=01;31:*.ear=01;31:*.sar=01;31:*.rar=01;31:*.alz=01;31:*.ace=01;31:*.zoo=01;31:*.cpio=01;31:*.7z=01;31:*.rz=01;31:*.cab=01;31:*.wim=01;31:*.swm=01;31:*.dwm=01;31:*.esd=01;31:*.jpg=01;35:*.jpeg=01;35:*.mjpg=01;35:*.mjpeg=01;35:*.gif=01;35:*.bmp=01;35:*.pbm=01;35:*.pgm=01;35:*.ppm=01;35:*.tga=01;35:*.xbm=01;35:*.xpm=01;35:*.tif=01;35:*.tiff=01;35:*.png=01;35:*.svg=01;35:*.svgz=01;35:*.mng=01;35:*.pcx=01;35:*.mov=01;35:*.mpg=01;35:*.mpeg=01;35:*.m2v=01;35:*.mkv=01;35:*.webm=01;35:*.webp=01;35:*.ogm=01;35:*.mp4=01;35:*.m4v=01;35:*.mp4v=01;35:*.vob=01;35:*.qt=01;35:*.nuv=01;35:*.wmv=01;35:*.asf=01;35:*.rm=01;35:*.rmvb=01;35:*.flc=01;35:*.avi=01;35:*.fli=01;35:*.flv=01;35:*.gl=01;35:*.dl=01;35:*.xcf=01;35:*.xwd=01;35:*.yuv=01;35:*.cgm=01;35:*.emf=01;35:*.ogv=01;35:*.ogx=01;35:*.aac=00;36:*.au=00;36:*.flac=00;36:*.m4a=00;36:*.mid=00;36:*.midi=00;36:*.mka=00;36:*.mp3=00;36:*.mpc=00;36:*.ogg=00;36:*.ra=00;36:*.wav=00;36:*.oga=00;36:*.opus=00;36:*.spx=00;36:*.xspf=00;36:'), ('AMENT_PREFIX_PATH', '/home/slam/r2_ws/lidar_ws/install/super_lio:/home/slam/r2_ws/lidar_ws/install/livox_ros_driver2:/home/slam/r2_ws/lidar_ws/install/basic:/opt/ros/humble'), ('SHELL', '/bin/bash'), ('LC_NAME', 'en_US.UTF-8'), ('LESSCLOSE', '/usr/bin/lesspipe %s %s'), ('LC_MEASUREMENT', 'en_US.UTF-8'), ('LC_IDENTIFICATION', 'en_US.UTF-8'), ('PWD', '/home/slam/r2_ws/lidar_ws/build/livox_ros_driver2'), ('QT_QPA_PLATFORM', 'xcb'), ('LC_ALL', 'en_US.UTF-8'), ('SSH_CONNECTION', '10.88.122.74 36234 10.88.122.14 22'), ('XDG_DATA_DIRS', '/usr/share/gnome:/usr/local/share:/usr/share:/var/lib/snapd/desktop'), ('PYTHONPATH', '/home/slam/r2_ws/lidar_ws/install/super_lio/local/lib/python3.10/dist-packages:/home/slam/r2_ws/lidar_ws/install/livox_ros_driver2/local/lib/python3.10/dist-packages:/opt/ros/humble/lib/python3.10/site-packages:/opt/ros/humble/local/lib/python3.10/dist-packages'), ('LC_NUMERIC', 'en_US.UTF-8'), ('LC_PAPER', 'en_US.UTF-8'), ('COLCON', '1'), ('CMAKE_PREFIX_PATH', '/home/slam/r2_ws/lidar_ws/install/super_lio:/home/slam/r2_ws/lidar_ws/install/livox_ros_driver2:/home/slam/r2_ws/lidar_ws/install/basic:/opt/ros/humble')]), 'shell': False}
[0.012825] (livox_sdk2) JobProgress: {'identifier': 'livox_sdk2', 'progress': 'cmake'}
[0.013116] (livox_sdk2) Command: {'cmd': ['/usr/bin/cmake', '/home/slam/r2_ws/lidar_ws/Livox-SDK2', '-DROS_EDITION=ROS2', '-DDISTRO_ROS=humble', '-DCMAKE_INSTALL_PREFIX=/home/slam/r2_ws/lidar_ws/install/livox_sdk2'], 'cwd': '/home/slam/r2_ws/lidar_ws/build/livox_sdk2', 'env': OrderedDict([('LESSOPEN', '| /usr/bin/lesspipe %s'), ('LANGUAGE', 'zh_CN:en'), ('USER', 'slam'), ('SSH_CLIENT', '10.88.122.74 36234 22'), ('LC_TIME', 'en_US.UTF-8'), ('XDG_SESSION_TYPE', 'tty'), ('SHLVL', '2'), ('LIBGL_ALWAYS_SOFTWARE', '1'), ('LD_LIBRARY_PATH', '/home/slam/r2_ws/lidar_ws/install/super_lio/lib:/home/slam/r2_ws/lidar_ws/install/livox_sdk2/lib:/home/slam/r2_ws/lidar_ws/install/livox_ros_driver2/lib:/home/slam/r2_ws/lidar_ws/install/basic/lib:/opt/ros/humble/opt/rviz_ogre_vendor/lib:/opt/ros/humble/lib/x86_64-linux-gnu:/opt/ros/humble/lib'), ('MOTD_SHOWN', 'pam'), ('HOME', '/home/slam'), ('OLDPWD', '/home/slam/r2_ws/lidar_ws/src/livox_ros_driver2'), ('SSH_TTY', '/dev/pts/0'), ('ROS_PYTHON_VERSION', '3'), ('LC_MONETARY', 'en_US.UTF-8'), ('DBUS_SESSION_BUS_ADDRESS', 'unix:path=/run/user/1000/bus'), ('COLCON_PREFIX_PATH', '/home/slam/r2_ws/lidar_ws/install'), ('ROS_DISTRO', 'humble'), ('LOGNAME', 'slam'), ('_', '/home/slam/.local/bin/colcon'), ('ROS_VERSION', 'ROS2'), ('XDG_SESSION_CLASS', 'user'), ('TERM', 'xterm-256color'), ('XDG_SESSION_ID', '4'), ('ROS_LOCALHOST_ONLY', '0'), ('PATH', '/home/slam/.local/bin:/opt/ros/humble/bin:/usr/local/sbin:/usr/local/bin:/usr/sbin:/usr/bin:/sbin:/bin:/usr/games:/usr/local/games:/snap/bin'), ('PAPERSIZE', 'letter'), ('LC_ADDRESS', 'en_US.UTF-8'), ('XDG_RUNTIME_DIR', '/run/user/1000'), ('DISPLAY', 'localhost:10.0'), ('LANG', 'zh_CN.UTF-8'), ('LC_TELEPHONE', 'en_US.UTF-8'), ('LS_COLORS', 'rs=0:di=01;34:ln=01;36:mh=00:pi=40;33:so=01;35:do=01;35:bd=40;33;01:cd=40;33;01:or=40;31;01:mi=00:su=37;41:sg=30;43:ca=30;41:tw=30;42:ow=34;42:st=37;44:ex=01;32:*.tar=01;31:*.tgz=01;31:*.arc=01;31:*.arj=01;31:*.taz=01;31:*.lha=01;31:*.lz4=01;31:*.lzh=01;31:*.lzma=01;31:*.tlz=01;31:*.txz=01;31:*.tzo=01;31:*.t7z=01;31:*.zip=01;31:*.z=01;31:*.dz=01;31:*.gz=01;31:*.lrz=01;31:*.lz=01;31:*.lzo=01;31:*.xz=01;31:*.zst=01;31:*.tzst=01;31:*.bz2=01;31:*.bz=01;31:*.tbz=01;31:*.tbz2=01;31:*.tz=01;31:*.deb=01;31:*.rpm=01;31:*.jar=01;31:*.war=01;31:*.ear=01;31:*.sar=01;31:*.rar=01;31:*.alz=01;31:*.ace=01;31:*.zoo=01;31:*.cpio=01;31:*.7z=01;31:*.rz=01;31:*.cab=01;31:*.wim=01;31:*.swm=01;31:*.dwm=01;31:*.esd=01;31:*.jpg=01;35:*.jpeg=01;35:*.mjpg=01;35:*.mjpeg=01;35:*.gif=01;35:*.bmp=01;35:*.pbm=01;35:*.pgm=01;35:*.ppm=01;35:*.tga=01;35:*.xbm=01;35:*.xpm=01;35:*.tif=01;35:*.tiff=01;35:*.png=01;35:*.svg=01;35:*.svgz=01;35:*.mng=01;35:*.pcx=01;35:*.mov=01;35:*.mpg=01;35:*.mpeg=01;35:*.m2v=01;35:*.mkv=01;35:*.webm=01;35:*.webp=01;35:*.ogm=01;35:*.mp4=01;35:*.m4v=01;35:*.mp4v=01;35:*.vob=01;35:*.qt=01;35:*.nuv=01;35:*.wmv=01;35:*.asf=01;35:*.rm=01;35:*.rmvb=01;35:*.flc=01;35:*.avi=01;35:*.fli=01;35:*.flv=01;35:*.gl=01;35:*.dl=01;35:*.xcf=01;35:*.xwd=01;35:*.yuv=01;35:*.cgm=01;35:*.emf=01;35:*.ogv=01;35:*.ogx=01;35:*.aac=00;36:*.au=00;36:*.flac=00;36:*.m4a=00;36:*.mid=00;36:*.midi=00;36:*.mka=00;36:*.mp3=00;36:*.mpc=00;36:*.ogg=00;36:*.ra=00;36:*.wav=00;36:*.oga=00;36:*.opus=00;36:*.spx=00;36:*.xspf=00;36:'), ('AMENT_PREFIX_PATH', '/home/slam/r2_ws/lidar_ws/install/super_lio:/home/slam/r2_ws/lidar_ws/install/livox_ros_driver2:/home/slam/r2_ws/lidar_ws/install/basic:/opt/ros/humble'), ('SHELL', '/bin/bash'), ('LC_NAME', 'en_US.UTF-8'), ('LESSCLOSE', '/usr/bin/lesspipe %s %s'), ('LC_MEASUREMENT', 'en_US.UTF-8'), ('LC_IDENTIFICATION', 'en_US.UTF-8'), ('PWD', '/home/slam/r2_ws/lidar_ws/build/livox_sdk2'), ('QT_QPA_PLATFORM', 'xcb'), ('LC_ALL', 'en_US.UTF-8'), ('SSH_CONNECTION', '10.88.122.74 36234 10.88.122.14 22'), ('XDG_DATA_DIRS', '/usr/share/gnome:/usr/local/share:/usr/share:/var/lib/snapd/desktop'), ('PYTHONPATH', '/home/slam/r2_ws/lidar_ws/install/super_lio/local/lib/python3.10/dist-packages:/home/slam/r2_ws/lidar_ws/install/livox_ros_driver2/local/lib/python3.10/dist-packages:/opt/ros/humble/lib/python3.10/site-packages:/opt/ros/humble/local/lib/python3.10/dist-packages'), ('LC_NUMERIC', 'en_US.UTF-8'), ('LC_PAPER', 'en_US.UTF-8'), ('COLCON', '1'), ('CMAKE_PREFIX_PATH', '/home/slam/r2_ws/lidar_ws/install/super_lio:/home/slam/r2_ws/lidar_ws/install/livox_ros_driver2:/home/slam/r2_ws/lidar_ws/install/basic')]), 'shell': False}
[0.058905] (livox_ros_driver2) StdoutLine: {'line': b'-- The C compiler identification is GNU 11.4.0\n'}
[0.059098] (livox_sdk2) StdoutLine: {'line': b'-- The C compiler identification is GNU 11.4.0\n'}
[0.068566] (basic) StdoutLine: {'line': b'-- The CXX compiler identification is GNU 11.4.0\n'}
[0.099811] (-) TimerEvent: {}
[0.101589] (livox_ros_driver2) StdoutLine: {'line': b'-- The CXX compiler identification is GNU 11.4.0\n'}
[0.102267] (basic) StdoutLine: {'line': b'-- The C compiler identification is GNU 11.4.0\n'}
[0.104710] (livox_sdk2) StdoutLine: {'line': b'-- The CXX compiler identification is GNU 11.4.0\n'}
[0.106876] (livox_ros_driver2) StdoutLine: {'line': b'-- Detecting C compiler ABI info\n'}
[0.107662] (basic) StdoutLine: {'line': b'-- Detecting CXX compiler ABI info\n'}
[0.110932] (livox_sdk2) StdoutLine: {'line': b'-- Detecting C compiler ABI info\n'}
[0.161436] (livox_ros_driver2) StdoutLine: {'line': b'-- Detecting C compiler ABI info - done\n'}
[0.163948] (livox_sdk2) StdoutLine: {'line': b'-- Detecting C compiler ABI info - done\n'}
[0.166631] (livox_ros_driver2) StdoutLine: {'line': b'-- Check for working C compiler: /usr/bin/cc - skipped\n'}
[0.166920] (livox_ros_driver2) StdoutLine: {'line': b'-- Detecting C compile features\n'}
[0.167225] (livox_ros_driver2) StdoutLine: {'line': b'-- Detecting C compile features - done\n'}
[0.168794] (basic) StdoutLine: {'line': b'-- Detecting CXX compiler ABI info - done\n'}
[0.169280] (livox_ros_driver2) StdoutLine: {'line': b'-- Detecting CXX compiler ABI info\n'}
[0.169872] (livox_sdk2) StdoutLine: {'line': b'-- Check for working C compiler: /usr/bin/cc - skipped\n'}
[0.170077] (livox_sdk2) StdoutLine: {'line': b'-- Detecting C compile features\n'}
[0.170397] (livox_sdk2) StdoutLine: {'line': b'-- Detecting C compile features - done\n'}
[0.172780] (livox_sdk2) StdoutLine: {'line': b'-- Detecting CXX compiler ABI info\n'}
[0.174009] (basic) StdoutLine: {'line': b'-- Check for working CXX compiler: /usr/bin/c++ - skipped\n'}
[0.174178] (basic) StdoutLine: {'line': b'-- Detecting CXX compile features\n'}
[0.174592] (basic) StdoutLine: {'line': b'-- Detecting CXX compile features - done\n'}
[0.176691] (basic) StdoutLine: {'line': b'-- Detecting C compiler ABI info\n'}
[0.199993] (-) TimerEvent: {}
[0.232624] (livox_ros_driver2) StdoutLine: {'line': b'-- Detecting CXX compiler ABI info - done\n'}
[0.237416] (basic) StdoutLine: {'line': b'-- Detecting C compiler ABI info - done\n'}
[0.237839] (livox_ros_driver2) StdoutLine: {'line': b'-- Check for working CXX compiler: /usr/bin/c++ - skipped\n'}
[0.237969] (livox_ros_driver2) StdoutLine: {'line': b'-- Detecting CXX compile features\n'}
[0.238358] (livox_ros_driver2) StdoutLine: {'line': b'-- Detecting CXX compile features - done\n'}
[0.238807] (livox_ros_driver2) StdoutLine: {'line': b'-- livox_ros_driver2 version: 1.2.7\n'}
[0.239590] (livox_ros_driver2) StdoutLine: {'line': b'-- Found ament_cmake_auto: 1.3.14 (/opt/ros/humble/share/ament_cmake_auto/cmake)\n'}
[0.241093] (livox_sdk2) StdoutLine: {'line': b'-- Detecting CXX compiler ABI info - done\n'}
[0.243455] (basic) StdoutLine: {'line': b'-- Check for working C compiler: /usr/bin/cc - skipped\n'}
[0.243671] (basic) StdoutLine: {'line': b'-- Detecting C compile features\n'}
[0.243946] (basic) StdoutLine: {'line': b'-- Detecting C compile features - done\n'}
[0.245175] (basic) StdoutLine: {'line': b'-- Found ament_cmake: 1.3.14 (/opt/ros/humble/share/ament_cmake/cmake)\n'}
[0.250430] (livox_sdk2) StdoutLine: {'line': b'-- Check for working CXX compiler: /usr/bin/c++ - skipped\n'}
[0.250629] (livox_sdk2) StdoutLine: {'line': b'-- Detecting CXX compile features\n'}
[0.250999] (livox_sdk2) StdoutLine: {'line': b'-- Detecting CXX compile features - done\n'}
[0.251459] (livox_sdk2) StdoutLine: {'line': b'-- main project dir: /home/slam/r2_ws/lidar_ws/Livox-SDK2\n'}
[0.252330] (livox_sdk2) StdoutLine: {'line': b'-- main project dir: /home/slam/r2_ws/lidar_ws/Livox-SDK2/samples\n'}
[0.254264] (livox_sdk2) StdoutLine: {'line': b'-- Configuring done\n'}
[0.269631] (livox_sdk2) StdoutLine: {'line': b'-- Generating done\n'}
[0.270552] (livox_sdk2) StderrLine: {'line': b'\x1b[33mCMake Warning:\n'}
[0.270696] (livox_sdk2) StderrLine: {'line': b'  Manually-specified variables were not used by the project:\n'}
[0.270785] (livox_sdk2) StderrLine: {'line': b'\n'}
[0.270867] (livox_sdk2) StderrLine: {'line': b'    DISTRO_ROS\n'}
[0.270957] (livox_sdk2) StderrLine: {'line': b'    ROS_EDITION\n'}
[0.271035] (livox_sdk2) StderrLine: {'line': b'\n'}
[0.271109] (livox_sdk2) StderrLine: {'line': b'\x1b[0m\n'}
[0.272832] (livox_sdk2) StdoutLine: {'line': b'-- Build files have been written to: /home/slam/r2_ws/lidar_ws/build/livox_sdk2\n'}
[0.275299] (livox_sdk2) CommandEnded: {'returncode': 0}
[0.275800] (livox_sdk2) JobProgress: {'identifier': 'livox_sdk2', 'progress': 'build'}
[0.276838] (livox_sdk2) Command: {'cmd': ['/usr/bin/cmake', '--build', '/home/slam/r2_ws/lidar_ws/build/livox_sdk2', '--', '-j10', '-l10'], 'cwd': '/home/slam/r2_ws/lidar_ws/build/livox_sdk2', 'env': OrderedDict([('LESSOPEN', '| /usr/bin/lesspipe %s'), ('LANGUAGE', 'zh_CN:en'), ('USER', 'slam'), ('SSH_CLIENT', '10.88.122.74 36234 22'), ('LC_TIME', 'en_US.UTF-8'), ('XDG_SESSION_TYPE', 'tty'), ('SHLVL', '2'), ('LIBGL_ALWAYS_SOFTWARE', '1'), ('LD_LIBRARY_PATH', '/home/slam/r2_ws/lidar_ws/install/super_lio/lib:/home/slam/r2_ws/lidar_ws/install/livox_sdk2/lib:/home/slam/r2_ws/lidar_ws/install/livox_ros_driver2/lib:/home/slam/r2_ws/lidar_ws/install/basic/lib:/opt/ros/humble/opt/rviz_ogre_vendor/lib:/opt/ros/humble/lib/x86_64-linux-gnu:/opt/ros/humble/lib'), ('MOTD_SHOWN', 'pam'), ('HOME', '/home/slam'), ('OLDPWD', '/home/slam/r2_ws/lidar_ws/src/livox_ros_driver2'), ('SSH_TTY', '/dev/pts/0'), ('ROS_PYTHON_VERSION', '3'), ('LC_MONETARY', 'en_US.UTF-8'), ('DBUS_SESSION_BUS_ADDRESS', 'unix:path=/run/user/1000/bus'), ('COLCON_PREFIX_PATH', '/home/slam/r2_ws/lidar_ws/install'), ('ROS_DISTRO', 'humble'), ('LOGNAME', 'slam'), ('_', '/home/slam/.local/bin/colcon'), ('ROS_VERSION', 'ROS2'), ('XDG_SESSION_CLASS', 'user'), ('TERM', 'xterm-256color'), ('XDG_SESSION_ID', '4'), ('ROS_LOCALHOST_ONLY', '0'), ('PATH', '/home/slam/.local/bin:/opt/ros/humble/bin:/usr/local/sbin:/usr/local/bin:/usr/sbin:/usr/bin:/sbin:/bin:/usr/games:/usr/local/games:/snap/bin'), ('PAPERSIZE', 'letter'), ('LC_ADDRESS', 'en_US.UTF-8'), ('XDG_RUNTIME_DIR', '/run/user/1000'), ('DISPLAY', 'localhost:10.0'), ('LANG', 'zh_CN.UTF-8'), ('LC_TELEPHONE', 'en_US.UTF-8'), ('LS_COLORS', 'rs=0:di=01;34:ln=01;36:mh=00:pi=40;33:so=01;35:do=01;35:bd=40;33;01:cd=40;33;01:or=40;31;01:mi=00:su=37;41:sg=30;43:ca=30;41:tw=30;42:ow=34;42:st=37;44:ex=01;32:*.tar=01;31:*.tgz=01;31:*.arc=01;31:*.arj=01;31:*.taz=01;31:*.lha=01;31:*.lz4=01;31:*.lzh=01;31:*.lzma=01;31:*.tlz=01;31:*.txz=01;31:*.tzo=01;31:*.t7z=01;31:*.zip=01;31:*.z=01;31:*.dz=01;31:*.gz=01;31:*.lrz=01;31:*.lz=01;31:*.lzo=01;31:*.xz=01;31:*.zst=01;31:*.tzst=01;31:*.bz2=01;31:*.bz=01;31:*.tbz=01;31:*.tbz2=01;31:*.tz=01;31:*.deb=01;31:*.rpm=01;31:*.jar=01;31:*.war=01;31:*.ear=01;31:*.sar=01;31:*.rar=01;31:*.alz=01;31:*.ace=01;31:*.zoo=01;31:*.cpio=01;31:*.7z=01;31:*.rz=01;31:*.cab=01;31:*.wim=01;31:*.swm=01;31:*.dwm=01;31:*.esd=01;31:*.jpg=01;35:*.jpeg=01;35:*.mjpg=01;35:*.mjpeg=01;35:*.gif=01;35:*.bmp=01;35:*.pbm=01;35:*.pgm=01;35:*.ppm=01;35:*.tga=01;35:*.xbm=01;35:*.xpm=01;35:*.tif=01;35:*.tiff=01;35:*.png=01;35:*.svg=01;35:*.svgz=01;35:*.mng=01;35:*.pcx=01;35:*.mov=01;35:*.mpg=01;35:*.mpeg=01;35:*.m2v=01;35:*.mkv=01;35:*.webm=01;35:*.webp=01;35:*.ogm=01;35:*.mp4=01;35:*.m4v=01;35:*.mp4v=01;35:*.vob=01;35:*.qt=01;35:*.nuv=01;35:*.wmv=01;35:*.asf=01;35:*.rm=01;35:*.rmvb=01;35:*.flc=01;35:*.avi=01;35:*.fli=01;35:*.flv=01;35:*.gl=01;35:*.dl=01;35:*.xcf=01;35:*.xwd=01;35:*.yuv=01;35:*.cgm=01;35:*.emf=01;35:*.ogv=01;35:*.ogx=01;35:*.aac=00;36:*.au=00;36:*.flac=00;36:*.m4a=00;36:*.mid=00;36:*.midi=00;36:*.mka=00;36:*.mp3=00;36:*.mpc=00;36:*.ogg=00;36:*.ra=00;36:*.wav=00;36:*.oga=00;36:*.opus=00;36:*.spx=00;36:*.xspf=00;36:'), ('AMENT_PREFIX_PATH', '/home/slam/r2_ws/lidar_ws/install/super_lio:/home/slam/r2_ws/lidar_ws/install/livox_ros_driver2:/home/slam/r2_ws/lidar_ws/install/basic:/opt/ros/humble'), ('SHELL', '/bin/bash'), ('LC_NAME', 'en_US.UTF-8'), ('LESSCLOSE', '/usr/bin/lesspipe %s %s'), ('LC_MEASUREMENT', 'en_US.UTF-8'), ('LC_IDENTIFICATION', 'en_US.UTF-8'), ('PWD', '/home/slam/r2_ws/lidar_ws/build/livox_sdk2'), ('QT_QPA_PLATFORM', 'xcb'), ('LC_ALL', 'en_US.UTF-8'), ('SSH_CONNECTION', '10.88.122.74 36234 10.88.122.14 22'), ('XDG_DATA_DIRS', '/usr/share/gnome:/usr/local/share:/usr/share:/var/lib/snapd/desktop'), ('PYTHONPATH', '/home/slam/r2_ws/lidar_ws/install/super_lio/local/lib/python3.10/dist-packages:/home/slam/r2_ws/lidar_ws/install/livox_ros_driver2/local/lib/python3.10/dist-packages:/opt/ros/humble/lib/python3.10/site-packages:/opt/ros/humble/local/lib/python3.10/dist-packages'), ('LC_NUMERIC', 'en_US.UTF-8'), ('LC_PAPER', 'en_US.UTF-8'), ('COLCON', '1'), ('CMAKE_PREFIX_PATH', '/home/slam/r2_ws/lidar_ws/install/super_lio:/home/slam/r2_ws/lidar_ws/install/livox_ros_driver2:/home/slam/r2_ws/lidar_ws/install/basic')]), 'shell': False}
[0.300062] (-) TimerEvent: {}
[0.316050] (livox_sdk2) StdoutLine: {'line': b'[  2%] \x1b[32mBuilding CXX object sdk_core/CMakeFiles/livox_lidar_sdk_static.dir/device_manager.cpp.o\x1b[0m\n'}
[0.316599] (livox_sdk2) StdoutLine: {'line': b'[  2%] \x1b[32mBuilding CXX object sdk_core/CMakeFiles/livox_lidar_sdk_static.dir/livox_lidar_sdk.cpp.o\x1b[0m\n'}
[0.316785] (livox_sdk2) StdoutLine: {'line': b'[  3%] \x1b[32mBuilding CXX object sdk_core/CMakeFiles/livox_lidar_sdk_static.dir/parse_cfg_file.cpp.o\x1b[0m\n'}
[0.317020] (livox_sdk2) StdoutLine: {'line': b'[  4%] \x1b[32mBuilding CXX object sdk_core/CMakeFiles/livox_lidar_sdk_shared.dir/__/3rdparty/FastCRC/FastCRCsw.cpp.o\x1b[0m\n'}
[0.317202] (livox_sdk2) StdoutLine: {'line': b'[  5%] \x1b[32mBuilding CXX object sdk_core/CMakeFiles/livox_lidar_sdk_static.dir/upgrade_manager.cpp.o\x1b[0m\n'}
[0.319289] (livox_sdk2) StdoutLine: {'line': b'[  6%] \x1b[32mBuilding CXX object sdk_core/CMakeFiles/livox_lidar_sdk_static.dir/__/3rdparty/FastCRC/FastCRCsw.cpp.o\x1b[0m\n'}
[0.321810] (livox_sdk2) StdoutLine: {'line': b'[  7%] \x1b[32mBuilding CXX object sdk_core/CMakeFiles/livox_lidar_sdk_static.dir/params_check.cpp.o\x1b[0m\n'}
[0.324149] (livox_sdk2) StdoutLine: {'line': b'[  8%] \x1b[32mBuilding CXX object sdk_core/CMakeFiles/livox_lidar_sdk_shared.dir/device_manager.cpp.o\x1b[0m\n'}
[0.333313] (livox_sdk2) StdoutLine: {'line': b'[  9%] \x1b[32mBuilding CXX object sdk_core/CMakeFiles/livox_lidar_sdk_static.dir/base/io_loop.cpp.o\x1b[0m\n'}
[0.335942] (livox_sdk2) StdoutLine: {'line': b'[ 10%] \x1b[32mBuilding CXX object sdk_core/CMakeFiles/livox_lidar_sdk_shared.dir/livox_lidar_sdk.cpp.o\x1b[0m\n'}
[0.402025] (-) TimerEvent: {}
[0.408991] (livox_sdk2) StdoutLine: {'line': b'[ 12%] \x1b[32mBuilding CXX object sdk_core/CMakeFiles/livox_lidar_sdk_static.dir/base/thread_base.cpp.o\x1b[0m\n'}
[0.409942] (basic) StdoutLine: {'line': b'-- Found Python3: /usr/bin/python3 (found version "3.10.12") found components: Interpreter \n'}
[0.437960] (livox_ros_driver2) StdoutLine: {'line': b'-- Found Python3: /usr/bin/python3 (found version "3.10.12") found components: Interpreter \n'}
[0.502075] (-) TimerEvent: {}
[0.527898] (basic) StdoutLine: {'line': b'-- Found rclcpp: 16.0.21 (/opt/ros/humble/share/rclcpp/cmake)\n'}
[0.577333] (basic) StdoutLine: {'line': b'-- Found rosidl_generator_c: 3.1.9 (/opt/ros/humble/share/rosidl_generator_c/cmake)\n'}
[0.583972] (basic) StdoutLine: {'line': b'-- Found rosidl_adapter: 3.1.9 (/opt/ros/humble/share/rosidl_adapter/cmake)\n'}
[0.595073] (basic) StdoutLine: {'line': b'-- Found rosidl_generator_cpp: 3.1.9 (/opt/ros/humble/share/rosidl_generator_cpp/cmake)\n'}
[0.603846] (-) TimerEvent: {}
[0.614069] (basic) StdoutLine: {'line': b'-- Using all available rosidl_typesupport_c: rosidl_typesupport_fastrtps_c;rosidl_typesupport_introspection_c\n'}
[0.623468] (livox_sdk2) StdoutLine: {'line': b'[ 13%] \x1b[32mBuilding CXX object sdk_core/CMakeFiles/livox_lidar_sdk_shared.dir/params_check.cpp.o\x1b[0m\n'}
[0.637651] (basic) StdoutLine: {'line': b'-- Using all available rosidl_typesupport_cpp: rosidl_typesupport_fastrtps_cpp;rosidl_typesupport_introspection_cpp\n'}
[0.677056] (livox_ros_driver2) StdoutLine: {'line': b'-- Using all available rosidl_typesupport_c: rosidl_typesupport_fastrtps_c;rosidl_typesupport_introspection_c\n'}
[0.678461] (livox_sdk2) StdoutLine: {'line': b'[ 14%] \x1b[32mBuilding CXX object sdk_core/CMakeFiles/livox_lidar_sdk_shared.dir/parse_cfg_file.cpp.o\x1b[0m\n'}
[0.683398] (livox_ros_driver2) StdoutLine: {'line': b'-- Found rosidl_adapter: 3.1.9 (/opt/ros/humble/share/rosidl_adapter/cmake)\n'}
[0.694332] (basic) StdoutLine: {'line': b'-- Found rmw_implementation_cmake: 6.1.4 (/opt/ros/humble/share/rmw_implementation_cmake/cmake)\n'}
[0.697212] (basic) StdoutLine: {'line': b'-- Found rmw_fastrtps_cpp: 6.2.10 (/opt/ros/humble/share/rmw_fastrtps_cpp/cmake)\n'}
[0.705021] (-) TimerEvent: {}
[0.708725] (livox_sdk2) StdoutLine: {'line': b'[ 15%] \x1b[32mBuilding CXX object sdk_core/CMakeFiles/livox_lidar_sdk_static.dir/base/io_thread.cpp.o\x1b[0m\n'}
[0.722602] (livox_ros_driver2) StdoutLine: {'line': b'-- Using all available rosidl_typesupport_cpp: rosidl_typesupport_fastrtps_cpp;rosidl_typesupport_introspection_cpp\n'}
[0.785131] (livox_ros_driver2) StdoutLine: {'line': b'-- Found rmw_implementation_cmake: 6.1.4 (/opt/ros/humble/share/rmw_implementation_cmake/cmake)\n'}
[0.786785] (livox_ros_driver2) StdoutLine: {'line': b'-- Found rmw_fastrtps_cpp: 6.2.10 (/opt/ros/humble/share/rmw_fastrtps_cpp/cmake)\n'}
[0.805138] (-) TimerEvent: {}
[0.832401] (basic) StdoutLine: {'line': b'-- Found OpenSSL: /usr/lib/x86_64-linux-gnu/libcrypto.so (found version "3.0.2")  \n'}
[0.850800] (livox_ros_driver2) StdoutLine: {'line': b'-- Found OpenSSL: /usr/lib/x86_64-linux-gnu/libcrypto.so (found version "3.0.2")  \n'}
[0.874565] (livox_ros_driver2) StdoutLine: {'line': b'-- Found FastRTPS: /opt/ros/humble/include  \n'}
[0.889435] (basic) StdoutLine: {'line': b'-- Found FastRTPS: /opt/ros/humble/include  \n'}
[0.905255] (-) TimerEvent: {}
[0.912006] (livox_ros_driver2) StdoutLine: {'line': b"-- Using RMW implementation 'rmw_fastrtps_cpp' as default\n"}
[0.916495] (livox_ros_driver2) StdoutLine: {'line': b'-- Looking for pthread.h\n'}
[1.005364] (-) TimerEvent: {}
[1.015902] (livox_ros_driver2) StdoutLine: {'line': b'-- Looking for pthread.h - found\n'}
[1.017021] (basic) StdoutLine: {'line': b"-- Using RMW implementation 'rmw_fastrtps_cpp' as default\n"}
[1.019997] (livox_ros_driver2) StdoutLine: {'line': b'-- Performing Test CMAKE_HAVE_LIBC_PTHREAD\n'}
[1.042345] (basic) StdoutLine: {'line': b'-- Looking for pthread.h\n'}
[1.105502] (-) TimerEvent: {}
[1.169415] (basic) StdoutLine: {'line': b'-- Looking for pthread.h - found\n'}
[1.170164] (basic) StdoutLine: {'line': b'-- Performing Test CMAKE_HAVE_LIBC_PTHREAD\n'}
[1.177930] (livox_ros_driver2) StdoutLine: {'line': b'-- Performing Test CMAKE_HAVE_LIBC_PTHREAD - Success\n'}
[1.178133] (livox_ros_driver2) StdoutLine: {'line': b'-- Found Threads: TRUE  \n'}
[1.207979] (-) TimerEvent: {}
[1.310952] (-) TimerEvent: {}
[1.346936] (basic) StdoutLine: {'line': b'-- Performing Test CMAKE_HAVE_LIBC_PTHREAD - Success\n'}
[1.347847] (basic) StdoutLine: {'line': b'-- Found Threads: TRUE  \n'}
[1.411052] (-) TimerEvent: {}
[1.473742] (basic) StdoutLine: {'line': b"-- Checking for module 'eigen3'\n"}
[1.504386] (basic) StdoutLine: {'line': b'--   Found eigen3, version 3.4.0\n'}
[1.504793] (livox_ros_driver2) StdoutLine: {'line': b"-- Checking for module 'eigen3'\n"}
[1.509526] (livox_sdk2) StdoutLine: {'line': b'[ 16%] \x1b[32mBuilding CXX object sdk_core/CMakeFiles/livox_lidar_sdk_shared.dir/upgrade_manager.cpp.o\x1b[0m\n'}
[1.511130] (-) TimerEvent: {}
[1.540546] (livox_ros_driver2) StdoutLine: {'line': b'--   Found eigen3, version 3.4.0\n'}
[1.565636] (basic) StdoutLine: {'line': b'-- Found Eigen: /usr/include/eigen3 (Required is at least version "3.1") \n'}
[1.570022] (basic) StdoutLine: {'line': b'-- Eigen found (include: /usr/include/eigen3, version: 3.4.0)\n'}
[1.595928] (basic) StdoutLine: {'line': b'-- Found Boost: /usr/lib/x86_64-linux-gnu/cmake/Boost-1.74.0/BoostConfig.cmake (found suitable version "1.74.0", minimum required is "1.65.0") found components: system filesystem date_time iostreams serialization \n'}
[1.604531] (livox_ros_driver2) StdoutLine: {'line': b'-- Found Eigen: /usr/include/eigen3 (Required is at least version "3.1") \n'}
[1.605955] (livox_ros_driver2) StdoutLine: {'line': b'-- Eigen found (include: /usr/include/eigen3, version: 3.4.0)\n'}
[1.611264] (-) TimerEvent: {}
[1.620992] (basic) StdoutLine: {'line': b"-- Checking for module 'flann'\n"}
[1.644431] (basic) StdoutLine: {'line': b'--   Found flann, version 1.9.1\n'}
[1.662743] (livox_ros_driver2) StdoutLine: {'line': b"-- Checking for module 'flann'\n"}
[1.684481] (livox_ros_driver2) StdoutLine: {'line': b'--   Found flann, version 1.9.1\n'}
[1.708206] (basic) StdoutLine: {'line': b'-- Found FLANN: /usr/lib/x86_64-linux-gnu/libflann_cpp.so  \n'}
[1.711355] (-) TimerEvent: {}
[1.711996] (basic) StdoutLine: {'line': b'-- FLANN found (include: /usr/include, lib: /usr/lib/x86_64-linux-gnu/libflann_cpp.so)\n'}
[1.749015] (livox_ros_driver2) StdoutLine: {'line': b'-- Found FLANN: /usr/lib/x86_64-linux-gnu/libflann_cpp.so  \n'}
[1.752139] (livox_ros_driver2) StdoutLine: {'line': b'-- FLANN found (include: /usr/include, lib: /usr/lib/x86_64-linux-gnu/libflann_cpp.so)\n'}
[1.774009] (basic) StdoutLine: {'line': b'-- Found GLEW: /usr/lib/x86_64-linux-gnu/libGLEW.so  \n'}
[1.783112] (basic) StdoutLine: {'line': b'-- Found OpenGL: /usr/lib/x86_64-linux-gnu/libOpenGL.so  found components: OpenGL GLX \n'}
[1.811459] (-) TimerEvent: {}
[1.911916] (-) TimerEvent: {}
[2.012499] (-) TimerEvent: {}
[2.062642] (basic) StdoutLine: {'line': b'-- Found MPI_C: /usr/lib/x86_64-linux-gnu/libmpi.so (found version "3.1") \n'}
[2.062862] (basic) StdoutLine: {'line': b'-- Found MPI: TRUE (found version "3.1") found components: C \n'}
[2.066308] (basic) StdoutLine: {'line': b'-- Found JsonCpp: /usr/lib/x86_64-linux-gnu/libjsoncpp.so (found suitable version "1.9.5", minimum required is "0.7.0") \n'}
[2.086369] (basic) StdoutLine: {'line': b'-- Found ZLIB: /usr/lib/x86_64-linux-gnu/libz.so (found version "1.2.11") \n'}
[2.112614] (-) TimerEvent: {}
[2.146358] (basic) StdoutLine: {'line': b'-- Found PNG: /usr/lib/x86_64-linux-gnu/libpng.so (found version "1.6.37") \n'}
[2.187987] (basic) StdoutLine: {'line': b'-- Found Eigen3: /usr/include/eigen3 (found version "3.4.0") \n'}
[2.212717] (-) TimerEvent: {}
[2.287359] (livox_sdk2) StdoutLine: {'line': b'[ 17%] \x1b[32mBuilding CXX object sdk_core/CMakeFiles/livox_lidar_sdk_shared.dir/base/io_loop.cpp.o\x1b[0m\n'}
[2.312818] (-) TimerEvent: {}
[2.366246] (basic) StdoutLine: {'line': b'-- Found X11: /usr/include   \n'}
[2.366681] (basic) StdoutLine: {'line': b'-- Looking for XOpenDisplay in /usr/lib/x86_64-linux-gnu/libX11.so;/usr/lib/x86_64-linux-gnu/libXext.so\n'}
[2.413027] (-) TimerEvent: {}
[2.505595] (basic) StdoutLine: {'line': b'-- Looking for XOpenDisplay in /usr/lib/x86_64-linux-gnu/libX11.so;/usr/lib/x86_64-linux-gnu/libXext.so - found\n'}
[2.506205] (basic) StdoutLine: {'line': b'-- Looking for gethostbyname\n'}
[2.518886] (-) TimerEvent: {}
[2.621960] (-) TimerEvent: {}
[2.630085] (basic) StdoutLine: {'line': b'-- Looking for gethostbyname - found\n'}
[2.630310] (basic) StdoutLine: {'line': b'-- Looking for connect\n'}
[2.656792] (livox_sdk2) StdoutLine: {'line': b'[ 18%] \x1b[32mBuilding CXX object sdk_core/CMakeFiles/livox_lidar_sdk_shared.dir/base/thread_base.cpp.o\x1b[0m\n'}
[2.724989] (-) TimerEvent: {}
[2.739838] (livox_sdk2) StdoutLine: {'line': b'[ 19%] \x1b[32mBuilding CXX object sdk_core/CMakeFiles/livox_lidar_sdk_shared.dir/base/io_thread.cpp.o\x1b[0m\n'}
[2.751208] (basic) StdoutLine: {'line': b'-- Looking for connect - found\n'}
[2.751406] (basic) StdoutLine: {'line': b'-- Looking for remove\n'}
[2.825088] (-) TimerEvent: {}
[2.890785] (basic) StdoutLine: {'line': b'-- Looking for remove - found\n'}
[2.891072] (basic) StdoutLine: {'line': b'-- Looking for shmat\n'}
[2.908342] (livox_sdk2) StdoutLine: {'line': b'[ 20%] \x1b[32mBuilding CXX object sdk_core/CMakeFiles/livox_lidar_sdk_static.dir/base/logging.cpp.o\x1b[0m\n'}
[2.926611] (-) TimerEvent: {}
[3.027167] (-) TimerEvent: {}
[3.033011] (basic) StdoutLine: {'line': b'-- Looking for shmat - found\n'}
[3.033299] (basic) StdoutLine: {'line': b'-- Looking for IceConnectionNumber in ICE\n'}
[3.080281] (livox_sdk2) StdoutLine: {'line': b'[ 21%] \x1b[32mBuilding CXX object sdk_core/CMakeFiles/livox_lidar_sdk_static.dir/base/network/unix/network_util.cpp.o\x1b[0m\n'}
[3.094695] (livox_sdk2) StdoutLine: {'line': b'[ 23%] \x1b[32mBuilding CXX object sdk_core/CMakeFiles/livox_lidar_sdk_static.dir/base/multiple_io/multiple_io_base.cpp.o\x1b[0m\n'}
[3.129973] (-) TimerEvent: {}
[3.158130] (livox_sdk2) StdoutLine: {'line': b'[ 24%] \x1b[32mBuilding CXX object sdk_core/CMakeFiles/livox_lidar_sdk_shared.dir/base/logging.cpp.o\x1b[0m\n'}
[3.168095] (basic) StdoutLine: {'line': b'-- Looking for IceConnectionNumber in ICE - found\n'}
[3.230074] (-) TimerEvent: {}
[3.287815] (livox_sdk2) StdoutLine: {'line': b'[ 25%] \x1b[32mBuilding CXX object sdk_core/CMakeFiles/livox_lidar_sdk_static.dir/base/multiple_io/multiple_io_epoll.cpp.o\x1b[0m\n'}
[3.312822] (basic) StdoutLine: {'line': b'-- Found EXPAT: /usr/lib/x86_64-linux-gnu/libexpat.so (found version "2.4.7") \n'}
[3.315182] (basic) StdoutLine: {'line': b'-- Found double-conversion: /usr/lib/x86_64-linux-gnu/libdouble-conversion.so  \n'}
[3.317702] (basic) StdoutLine: {'line': b'-- Found LZ4: /usr/lib/x86_64-linux-gnu/liblz4.so (found version "1.9.3") \n'}
[3.319776] (basic) StdoutLine: {'line': b'-- Found LZMA: /usr/lib/x86_64-linux-gnu/liblzma.so (found version "5.2.5") \n'}
[3.322794] (livox_sdk2) StdoutLine: {'line': b'[ 26%] \x1b[32mBuilding CXX object sdk_core/CMakeFiles/livox_lidar_sdk_static.dir/base/multiple_io/multiple_io_poll.cpp.o\x1b[0m\n'}
[3.330171] (-) TimerEvent: {}
[3.330876] (basic) StdoutLine: {'line': b'-- Found JPEG: /usr/lib/x86_64-linux-gnu/libjpeg.so (found version "80") \n'}
[3.345022] (basic) StdoutLine: {'line': b'-- Found TIFF: /usr/lib/x86_64-linux-gnu/libtiff.so (found version "4.3.0")  \n'}
[3.349952] (livox_ros_driver2) StdoutLine: {'line': b"-- Checking for module 'libusb-1.0'\n"}
[3.350248] (basic) StdoutLine: {'line': b'-- Found Freetype: /usr/lib/x86_64-linux-gnu/libfreetype.so (found version "2.11.1") \n'}
[3.359226] (basic) StdoutLine: {'line': b'-- Found utf8cpp: /usr/include/utf8cpp  \n'}
[3.385693] (livox_ros_driver2) StdoutLine: {'line': b'--   Found libusb-1.0, version 1.0.25\n'}
[3.430299] (-) TimerEvent: {}
[3.482033] (livox_ros_driver2) StdoutLine: {'line': b'-- Found libusb: /usr/lib/x86_64-linux-gnu/libusb-1.0.so  \n'}
[3.496864] (livox_ros_driver2) StdoutLine: {'line': b'-- OpenNI found (version: 1.5.4.0, include: /usr/include/ni, lib: /usr/lib/libOpenNI.so;libusb::libusb)\n'}
[3.504810] (livox_sdk2) StdoutLine: {'line': b'[ 27%] \x1b[32mBuilding CXX object sdk_core/CMakeFiles/livox_lidar_sdk_shared.dir/base/network/unix/network_util.cpp.o\x1b[0m\n'}
[3.526966] (basic) StdoutLine: {'line': b"-- Checking for module 'libusb-1.0'\n"}
[3.533960] (-) TimerEvent: {}
[3.549985] (basic) StdoutLine: {'line': b'--   Found libusb-1.0, version 1.0.25\n'}
[3.583656] (livox_sdk2) StdoutLine: {'line': b'[ 28%] \x1b[32mBuilding CXX object sdk_core/CMakeFiles/livox_lidar_sdk_static.dir/base/multiple_io/multiple_io_select.cpp.o\x1b[0m\n'}
[3.601082] (basic) StdoutLine: {'line': b'-- Found libusb: /usr/lib/x86_64-linux-gnu/libusb-1.0.so  \n'}
[3.606068] (basic) StdoutLine: {'line': b'-- Found OpenNI: /usr/lib/libOpenNI.so;libusb::libusb (found version "1.5.4.0") \n'}
[3.610050] (livox_ros_driver2) StdoutLine: {'line': b'-- OpenNI2 found (version: 2.2.0.33, include: /usr/include/openni2, lib: /usr/lib/x86_64-linux-gnu/libOpenNI2.so;libusb::libusb)\n'}
[3.610646] (basic) StdoutLine: {'line': b'-- OpenNI found (version: 1.5.4.0, include: /usr/include/ni, lib: /usr/lib/libOpenNI.so;libusb::libusb)\n'}
[3.620946] (livox_sdk2) StdoutLine: {'line': b'[ 29%] \x1b[32mBuilding CXX object sdk_core/CMakeFiles/livox_lidar_sdk_shared.dir/base/multiple_io/multiple_io_base.cpp.o\x1b[0m\n'}
[3.634054] (-) TimerEvent: {}
[3.643002] (livox_sdk2) StdoutLine: {'line': b'[ 30%] \x1b[32mBuilding CXX object sdk_core/CMakeFiles/livox_lidar_sdk_static.dir/base/multiple_io/multiple_io_kqueue.cpp.o\x1b[0m\n'}
[3.706550] (basic) StdoutLine: {'line': b'-- Found OpenNI2: /usr/lib/x86_64-linux-gnu/libOpenNI2.so;libusb::libusb (found version "2.2.0.33") \n'}
[3.710002] (basic) StdoutLine: {'line': b'-- OpenNI2 found (version: 2.2.0.33, include: /usr/include/openni2, lib: /usr/lib/x86_64-linux-gnu/libOpenNI2.so;libusb::libusb)\n'}
[3.714018] (basic) StderrLine: {'line': b'\x1b[0m** WARNING ** io features related to pcap will be disabled\x1b[0m\n'}
[3.728015] (livox_sdk2) StdoutLine: {'line': b'[ 31%] \x1b[32mBuilding CXX object sdk_core/CMakeFiles/livox_lidar_sdk_shared.dir/base/multiple_io/multiple_io_epoll.cpp.o\x1b[0m\n'}
[3.734166] (-) TimerEvent: {}
[3.817445] (livox_sdk2) StdoutLine: {'line': b'[ 32%] \x1b[32mBuilding CXX object sdk_core/CMakeFiles/livox_lidar_sdk_static.dir/base/wake_up/unix/wake_up_pipe.cpp.o\x1b[0m\n'}
[3.827956] (livox_sdk2) StdoutLine: {'line': b'[ 34%] \x1b[32mBuilding CXX object sdk_core/CMakeFiles/livox_lidar_sdk_shared.dir/base/multiple_io/multiple_io_poll.cpp.o\x1b[0m\n'}
[3.834291] (-) TimerEvent: {}
[3.852030] (livox_sdk2) StdoutLine: {'line': b'[ 35%] \x1b[32mBuilding CXX object sdk_core/CMakeFiles/livox_lidar_sdk_static.dir/comm/comm_port.cpp.o\x1b[0m\n'}
[3.934389] (-) TimerEvent: {}
[3.994521] (livox_ros_driver2) StdoutLine: {'line': b'-- Eigen found (include: /usr/include/eigen3, version: 3.4.0)\n'}
[4.000726] (livox_ros_driver2) StdoutLine: {'line': b'-- OpenNI found (version: 1.5.4.0, include: /usr/include/ni, lib: /usr/lib/libOpenNI.so;libusb::libusb)\n'}
[4.003339] (livox_sdk2) StdoutLine: {'line': b'[ 37%] \x1b[32mBuilding CXX object sdk_core/CMakeFiles/livox_lidar_sdk_shared.dir/base/multiple_io/multiple_io_select.cpp.o\x1b[0m\n'}
[4.003681] (livox_sdk2) StdoutLine: {'line': b'[ 37%] \x1b[32mBuilding CXX object sdk_core/CMakeFiles/livox_lidar_sdk_static.dir/comm/sdk_protocol.cpp.o\x1b[0m\n'}
[4.009283] (livox_ros_driver2) StdoutLine: {'line': b'-- OpenNI2 found (version: 2.2.0.33, include: /usr/include/openni2, lib: /usr/lib/x86_64-linux-gnu/libOpenNI2.so;libusb::libusb)\n'}
[4.027221] (livox_sdk2) StdoutLine: {'line': b'[ 38%] \x1b[32mBuilding CXX object sdk_core/CMakeFiles/livox_lidar_sdk_shared.dir/base/multiple_io/multiple_io_kqueue.cpp.o\x1b[0m\n'}
[4.034493] (-) TimerEvent: {}
[4.040429] (livox_sdk2) StdoutLine: {'line': b'[ 39%] \x1b[32mBuilding CXX object sdk_core/CMakeFiles/livox_lidar_sdk_static.dir/comm/generate_seq.cpp.o\x1b[0m\n'}
[4.134598] (-) TimerEvent: {}
[4.154928] (livox_ros_driver2) StdoutLine: {'line': b'-- Found Qhull version 8.0.2\n'}
[4.161784] (basic) StdoutLine: {'line': b'-- Eigen found (include: /usr/include/eigen3, version: 3.4.0)\n'}
[4.181437] (livox_sdk2) StdoutLine: {'line': b'[ 40%] \x1b[32mBuilding CXX object sdk_core/CMakeFiles/livox_lidar_sdk_shared.dir/base/wake_up/unix/wake_up_pipe.cpp.o\x1b[0m\n'}
[4.181823] (basic) StdoutLine: {'line': b'-- OpenNI found (version: 1.5.4.0, include: /usr/include/ni, lib: /usr/lib/libOpenNI.so;libusb::libusb)\n'}
[4.198002] (basic) StdoutLine: {'line': b'-- OpenNI2 found (version: 2.2.0.33, include: /usr/include/openni2, lib: /usr/lib/x86_64-linux-gnu/libOpenNI2.so;libusb::libusb)\n'}
[4.233966] (livox_sdk2) StdoutLine: {'line': b'[ 41%] \x1b[32mBuilding CXX object sdk_core/CMakeFiles/livox_lidar_sdk_shared.dir/comm/comm_port.cpp.o\x1b[0m\n'}
[4.234494] (livox_sdk2) StdoutLine: {'line': b'[ 42%] \x1b[32mBuilding CXX object sdk_core/CMakeFiles/livox_lidar_sdk_static.dir/upgrade/firmware.cpp.o\x1b[0m\n'}
[4.234750] (-) TimerEvent: {}
[4.251002] (livox_sdk2) StdoutLine: {'line': b'[ 43%] \x1b[32mBuilding CXX object sdk_core/CMakeFiles/livox_lidar_sdk_shared.dir/comm/generate_seq.cpp.o\x1b[0m\n'}
[4.260034] (livox_sdk2) StdoutLine: {'line': b'[ 45%] \x1b[32mBuilding CXX object sdk_core/CMakeFiles/livox_lidar_sdk_shared.dir/comm/sdk_protocol.cpp.o\x1b[0m\n'}
[4.297033] (livox_ros_driver2) StdoutLine: {'line': b'-- OpenNI found (version: 1.5.4.0, include: /usr/include/ni, lib: /usr/lib/libOpenNI.so;libusb::libusb)\n'}
[4.299301] (livox_sdk2) StdoutLine: {'line': b'[ 46%] \x1b[32mBuilding CXX object sdk_core/CMakeFiles/livox_lidar_sdk_static.dir/upgrade/livox_lidar_upgrader.cpp.o\x1b[0m\n'}
[4.313650] (livox_sdk2) StdoutLine: {'line': b'[ 47%] \x1b[32mBuilding CXX object sdk_core/CMakeFiles/livox_lidar_sdk_static.dir/logger_handler/logger_manager.cpp.o\x1b[0m\n'}
[4.336071] (-) TimerEvent: {}
[4.339970] (livox_sdk2) StdoutLine: {'line': b'[ 48%] \x1b[32mBuilding CXX object sdk_core/CMakeFiles/livox_lidar_sdk_shared.dir/upgrade/firmware.cpp.o\x1b[0m\n'}
[4.376054] (livox_sdk2) StdoutLine: {'line': b'[ 49%] \x1b[32mBuilding CXX object sdk_core/CMakeFiles/livox_lidar_sdk_shared.dir/upgrade/livox_lidar_upgrader.cpp.o\x1b[0m\n'}
[4.407171] (livox_sdk2) StdoutLine: {'line': b'[ 50%] \x1b[32mBuilding CXX object sdk_core/CMakeFiles/livox_lidar_sdk_shared.dir/logger_handler/logger_manager.cpp.o\x1b[0m\n'}
[4.424933] (livox_sdk2) StdoutLine: {'line': b'[ 51%] \x1b[32mBuilding CXX object sdk_core/CMakeFiles/livox_lidar_sdk_shared.dir/logger_handler/logger_handler.cpp.o\x1b[0m\n'}
[4.436176] (-) TimerEvent: {}
[4.440331] (livox_ros_driver2) StdoutLine: {'line': b'-- Found PCL_COMMON: /usr/lib/x86_64-linux-gnu/libpcl_common.so  \n'}
[4.444310] (livox_ros_driver2) StdoutLine: {'line': b'-- Found PCL_KDTREE: /usr/lib/x86_64-linux-gnu/libpcl_kdtree.so  \n'}
[4.445277] (livox_ros_driver2) StdoutLine: {'line': b'-- Found PCL_OCTREE: /usr/lib/x86_64-linux-gnu/libpcl_octree.so  \n'}
[4.446722] (livox_ros_driver2) StdoutLine: {'line': b'-- Found PCL_SEARCH: /usr/lib/x86_64-linux-gnu/libpcl_search.so  \n'}
[4.447092] (livox_ros_driver2) StdoutLine: {'line': b'-- Found PCL_SAMPLE_CONSENSUS: /usr/lib/x86_64-linux-gnu/libpcl_sample_consensus.so  \n'}
[4.450778] (livox_ros_driver2) StdoutLine: {'line': b'-- Found PCL_FILTERS: /usr/lib/x86_64-linux-gnu/libpcl_filters.so  \n'}
[4.451213] (livox_ros_driver2) StdoutLine: {'line': b'-- Found PCL_2D: /usr/include/pcl-1.12  \n'}
[4.454993] (livox_ros_driver2) StdoutLine: {'line': b'-- Found PCL_GEOMETRY: /usr/include/pcl-1.12  \n'}
[4.455947] (livox_ros_driver2) StdoutLine: {'line': b'-- Found PCL_IO: /usr/lib/x86_64-linux-gnu/libpcl_io.so  \n'}
[4.456811] (livox_ros_driver2) StdoutLine: {'line': b'-- Found PCL_FEATURES: /usr/lib/x86_64-linux-gnu/libpcl_features.so  \n'}
[4.457580] (livox_ros_driver2) StdoutLine: {'line': b'-- Found PCL_ML: /usr/lib/x86_64-linux-gnu/libpcl_ml.so  \n'}
[4.458283] (livox_ros_driver2) StdoutLine: {'line': b'-- Found PCL_SEGMENTATION: /usr/lib/x86_64-linux-gnu/libpcl_segmentation.so  \n'}
[4.463983] (livox_ros_driver2) StdoutLine: {'line': b'-- Found PCL_VISUALIZATION: /usr/lib/x86_64-linux-gnu/libpcl_visualization.so  \n'}
[4.464381] (livox_ros_driver2) StdoutLine: {'line': b'-- Found PCL_SURFACE: /usr/lib/x86_64-linux-gnu/libpcl_surface.so  \n'}
[4.464635] (livox_ros_driver2) StdoutLine: {'line': b'-- Found PCL_REGISTRATION: /usr/lib/x86_64-linux-gnu/libpcl_registration.so  \n'}
[4.467980] (livox_ros_driver2) StdoutLine: {'line': b'-- Found PCL_KEYPOINTS: /usr/lib/x86_64-linux-gnu/libpcl_keypoints.so  \n'}
[4.469042] (livox_ros_driver2) StdoutLine: {'line': b'-- Found PCL_TRACKING: /usr/lib/x86_64-linux-gnu/libpcl_tracking.so  \n'}
[4.469857] (livox_ros_driver2) StdoutLine: {'line': b'-- Found PCL_RECOGNITION: /usr/lib/x86_64-linux-gnu/libpcl_recognition.so  \n'}
[4.470959] (livox_ros_driver2) StdoutLine: {'line': b'-- Found PCL_STEREO: /usr/lib/x86_64-linux-gnu/libpcl_stereo.so  \n'}
[4.475025] (livox_ros_driver2) StdoutLine: {'line': b'-- Found PCL_APPS: /usr/lib/x86_64-linux-gnu/libpcl_apps.so  \n'}
[4.475895] (livox_ros_driver2) StdoutLine: {'line': b'-- Found PCL_IN_HAND_SCANNER: /usr/include/pcl-1.12  \n'}
[4.476228] (livox_ros_driver2) StdoutLine: {'line': b'-- Found PCL_MODELER: /usr/include/pcl-1.12  \n'}
[4.476495] (livox_ros_driver2) StdoutLine: {'line': b'-- Found PCL_POINT_CLOUD_EDITOR: /usr/include/pcl-1.12  \n'}
[4.484010] (livox_ros_driver2) StdoutLine: {'line': b'-- Found PCL_OUTOFCORE: /usr/lib/x86_64-linux-gnu/libpcl_outofcore.so  \n'}
[4.484445] (livox_ros_driver2) StdoutLine: {'line': b'-- Found PCL_PEOPLE: /usr/lib/x86_64-linux-gnu/libpcl_people.so  \n'}
[4.536284] (-) TimerEvent: {}
[4.536665] (basic) StdoutLine: {'line': b'-- Found Qhull version 8.0.2\n'}
[4.540989] (livox_sdk2) StdoutLine: {'line': b'[ 52%] \x1b[32mBuilding CXX object sdk_core/CMakeFiles/livox_lidar_sdk_static.dir/logger_handler/logger_handler.cpp.o\x1b[0m\n'}
[4.551332] (livox_ros_driver2) StdoutLine: {'line': b'-- Found PkgConfig: /usr/bin/pkg-config (found version "0.29.2") \n'}
[4.552229] (livox_ros_driver2) StdoutLine: {'line': b"-- Checking for module 'apr-1'\n"}
[4.558568] (livox_ros_driver2) StdoutLine: {'line': b"--   No package 'apr-1' found\n"}
[4.636396] (-) TimerEvent: {}
[4.731540] (livox_sdk2) StdoutLine: {'line': b'[ 53%] \x1b[32mBuilding CXX object sdk_core/CMakeFiles/livox_lidar_sdk_static.dir/logger_handler/file_manager.cpp.o\x1b[0m\n'}
[4.736502] (-) TimerEvent: {}
[4.836899] (-) TimerEvent: {}
[4.843943] (livox_ros_driver2) StdoutLine: {'line': b'-- Found ament_cmake_ros: 0.10.1 (/opt/ros/humble/share/ament_cmake_ros/cmake)\n'}
[4.889529] (livox_sdk2) StdoutLine: {'line': b'[ 54%] \x1b[32mBuilding CXX object sdk_core/CMakeFiles/livox_lidar_sdk_static.dir/data_handler/data_handler.cpp.o\x1b[0m\n'}
[4.937012] (-) TimerEvent: {}
[4.975634] (basic) StdoutLine: {'line': b'-- OpenNI found (version: 1.5.4.0, include: /usr/include/ni, lib: /usr/lib/libOpenNI.so;libusb::libusb)\n'}
[5.022218] (livox_sdk2) StdoutLine: {'line': b'[ 56%] \x1b[32mBuilding CXX object sdk_core/CMakeFiles/livox_lidar_sdk_shared.dir/logger_handler/file_manager.cpp.o\x1b[0m\n'}
[5.037124] (-) TimerEvent: {}
[5.059134] (livox_ros_driver2) StdoutLine: {'line': b'-- Using all available rosidl_typesupport_c: rosidl_typesupport_fastrtps_c;rosidl_typesupport_introspection_c\n'}
[5.137229] (-) TimerEvent: {}
[5.237507] (-) TimerEvent: {}
[5.318496] (basic) StdoutLine: {'line': b'-- looking for PCL_COMMON\n'}
[5.320228] (basic) StdoutLine: {'line': b'-- Found PCL_COMMON: /usr/lib/x86_64-linux-gnu/libpcl_common.so  \n'}
[5.320626] (basic) StdoutLine: {'line': b'-- looking for PCL_KDTREE\n'}
[5.321756] (livox_ros_driver2) StdoutLine: {'line': b'-- Using all available rosidl_typesupport_cpp: rosidl_typesupport_fastrtps_cpp;rosidl_typesupport_introspection_cpp\n'}
[5.322035] (basic) StdoutLine: {'line': b'-- Found PCL_KDTREE: /usr/lib/x86_64-linux-gnu/libpcl_kdtree.so  \n'}
[5.322345] (basic) StdoutLine: {'line': b'-- looking for PCL_OCTREE\n'}
[5.326942] (basic) StdoutLine: {'line': b'-- Found PCL_OCTREE: /usr/lib/x86_64-linux-gnu/libpcl_octree.so  \n'}
[5.327296] (basic) StdoutLine: {'line': b'-- looking for PCL_SEARCH\n'}
[5.327526] (basic) StdoutLine: {'line': b'-- Found PCL_SEARCH: /usr/lib/x86_64-linux-gnu/libpcl_search.so  \n'}
[5.327743] (basic) StdoutLine: {'line': b'-- looking for PCL_SAMPLE_CONSENSUS\n'}
[5.327965] (basic) StdoutLine: {'line': b'-- Found PCL_SAMPLE_CONSENSUS: /usr/lib/x86_64-linux-gnu/libpcl_sample_consensus.so  \n'}
[5.328262] (basic) StdoutLine: {'line': b'-- looking for PCL_FILTERS\n'}
[5.328407] (basic) StdoutLine: {'line': b'-- Found PCL_FILTERS: /usr/lib/x86_64-linux-gnu/libpcl_filters.so  \n'}
[5.328946] (basic) StdoutLine: {'line': b'-- looking for PCL_2D\n'}
[5.329498] (basic) StdoutLine: {'line': b'-- Found PCL_2D: /usr/include/pcl-1.12  \n'}
[5.330290] (basic) StdoutLine: {'line': b'-- looking for PCL_GEOMETRY\n'}
[5.330507] (basic) StdoutLine: {'line': b'-- Found PCL_GEOMETRY: /usr/include/pcl-1.12  \n'}
[5.330910] (basic) StdoutLine: {'line': b'-- looking for PCL_IO\n'}
[5.332364] (basic) StdoutLine: {'line': b'-- Found PCL_IO: /usr/lib/x86_64-linux-gnu/libpcl_io.so  \n'}
[5.332980] (basic) StdoutLine: {'line': b'-- looking for PCL_FEATURES\n'}
[5.334399] (basic) StdoutLine: {'line': b'-- Found PCL_FEATURES: /usr/lib/x86_64-linux-gnu/libpcl_features.so  \n'}
[5.336152] (basic) StdoutLine: {'line': b'-- looking for PCL_ML\n'}
[5.336373] (basic) StdoutLine: {'line': b'-- Found PCL_ML: /usr/lib/x86_64-linux-gnu/libpcl_ml.so  \n'}
[5.336821] (basic) StdoutLine: {'line': b'-- looking for PCL_SEGMENTATION\n'}
[5.337581] (-) TimerEvent: {}
[5.338590] (basic) StdoutLine: {'line': b'-- Found PCL_SEGMENTATION: /usr/lib/x86_64-linux-gnu/libpcl_segmentation.so  \n'}
[5.339290] (basic) StdoutLine: {'line': b'-- looking for PCL_VISUALIZATION\n'}
[5.341137] (basic) StdoutLine: {'line': b'-- Found PCL_VISUALIZATION: /usr/lib/x86_64-linux-gnu/libpcl_visualization.so  \n'}
[5.341377] (basic) StdoutLine: {'line': b'-- looking for PCL_SURFACE\n'}
[5.342670] (livox_ros_driver2) StdoutLine: {'line': b'-- Found PythonInterp: /usr/bin/python3 (found suitable version "3.10.12", minimum required is "3.6") \n'}
[5.342780] (basic) StdoutLine: {'line': b'-- Found PCL_SURFACE: /usr/lib/x86_64-linux-gnu/libpcl_surface.so  \n'}
[5.342978] (basic) StdoutLine: {'line': b'-- looking for PCL_REGISTRATION\n'}
[5.343464] (livox_ros_driver2) StdoutLine: {'line': b'-- Found python_cmake_module: 0.10.0 (/opt/ros/humble/share/python_cmake_module/cmake)\n'}
[5.344100] (basic) StdoutLine: {'line': b'-- Found PCL_REGISTRATION: /usr/lib/x86_64-linux-gnu/libpcl_registration.so  \n'}
[5.344872] (basic) StdoutLine: {'line': b'-- looking for PCL_KEYPOINTS\n'}
[5.345572] (basic) StdoutLine: {'line': b'-- Found PCL_KEYPOINTS: /usr/lib/x86_64-linux-gnu/libpcl_keypoints.so  \n'}
[5.347935] (basic) StdoutLine: {'line': b'-- looking for PCL_TRACKING\n'}
[5.348063] (basic) StdoutLine: {'line': b'-- Found PCL_TRACKING: /usr/lib/x86_64-linux-gnu/libpcl_tracking.so  \n'}
[5.348108] (basic) StdoutLine: {'line': b'-- looking for PCL_RECOGNITION\n'}
[5.348604] (basic) StdoutLine: {'line': b'-- Found PCL_RECOGNITION: /usr/lib/x86_64-linux-gnu/libpcl_recognition.so  \n'}
[5.349104] (basic) StdoutLine: {'line': b'-- looking for PCL_STEREO\n'}
[5.350274] (basic) StdoutLine: {'line': b'-- Found PCL_STEREO: /usr/lib/x86_64-linux-gnu/libpcl_stereo.so  \n'}
[5.350597] (basic) StdoutLine: {'line': b'-- looking for PCL_APPS\n'}
[5.351795] (basic) StdoutLine: {'line': b'-- Found PCL_APPS: /usr/lib/x86_64-linux-gnu/libpcl_apps.so  \n'}
[5.352721] (basic) StdoutLine: {'line': b'-- looking for PCL_IN_HAND_SCANNER\n'}
[5.353119] (basic) StdoutLine: {'line': b'-- Found PCL_IN_HAND_SCANNER: /usr/include/pcl-1.12  \n'}
[5.353344] (basic) StdoutLine: {'line': b'-- looking for PCL_MODELER\n'}
[5.353722] (basic) StdoutLine: {'line': b'-- Found PCL_MODELER: /usr/include/pcl-1.12  \n'}
[5.353949] (basic) StdoutLine: {'line': b'-- looking for PCL_POINT_CLOUD_EDITOR\n'}
[5.354356] (basic) StdoutLine: {'line': b'-- Found PCL_POINT_CLOUD_EDITOR: /usr/include/pcl-1.12  \n'}
[5.354574] (basic) StdoutLine: {'line': b'-- looking for PCL_OUTOFCORE\n'}
[5.358918] (basic) StdoutLine: {'line': b'-- Found PCL_OUTOFCORE: /usr/lib/x86_64-linux-gnu/libpcl_outofcore.so  \n'}
[5.359071] (basic) StdoutLine: {'line': b'-- looking for PCL_PEOPLE\n'}
[5.359123] (basic) StdoutLine: {'line': b'-- Found PCL_PEOPLE: /usr/lib/x86_64-linux-gnu/libpcl_people.so  \n'}
[5.359162] (basic) StdoutLine: {'line': b'-- Found PCL: pcl_common;pcl_kdtree;pcl_octree;pcl_search;pcl_sample_consensus;pcl_filters;pcl_io;pcl_features;pcl_ml;pcl_segmentation;pcl_visualization;pcl_surface;pcl_registration;pcl_keypoints;pcl_tracking;pcl_recognition;pcl_stereo;pcl_apps;pcl_outofcore;pcl_people;Boost::system;Boost::filesystem;Boost::date_time;Boost::iostreams;Boost::serialization;/usr/lib/libOpenNI.so;libusb::libusb;/usr/lib/x86_64-linux-gnu/libOpenNI2.so;libusb::libusb;VTK::ChartsCore;VTK::CommonColor;VTK::CommonComputationalGeometry;VTK::CommonCore;VTK::CommonDataModel;VTK::CommonExecutionModel;VTK::CommonMath;VTK::CommonMisc;VTK::CommonTransforms;VTK::FiltersCore;VTK::FiltersExtraction;VTK::FiltersGeneral;VTK::FiltersGeometry;VTK::FiltersModeling;VTK::FiltersSources;VTK::ImagingCore;VTK::ImagingSources;VTK::InteractionImage;VTK::InteractionStyle;VTK::InteractionWidgets;VTK::IOCore;VTK::IOGeometry;VTK::IOImage;VTK::IOLegacy;VTK::IOPLY;VTK::RenderingAnnotation;VTK::RenderingCore;VTK::RenderingContext2D;VTK::RenderingLOD;VTK::RenderingFreeType;VTK::ViewsCore;VTK::ViewsContext2D;VTK::RenderingOpenGL2;VTK::GUISupportQt;FLANN::FLANN;QHULL::QHULL  \n'}
[5.370817] (livox_ros_driver2) StdoutLine: {'line': b'-- Found PythonLibs: /usr/lib/x86_64-linux-gnu/libpython3.10.so (found suitable version "3.10.12", minimum required is "3.5") \n'}
[5.374829] (livox_ros_driver2) StdoutLine: {'line': b'-- Using PYTHON_EXECUTABLE: /usr/bin/python3\n'}
[5.375025] (livox_ros_driver2) StdoutLine: {'line': b'-- Using PYTHON_INCLUDE_DIRS: /usr/include/python3.10\n'}
[5.375071] (livox_ros_driver2) StdoutLine: {'line': b'-- Using PYTHON_LIBRARIES: /usr/lib/x86_64-linux-gnu/libpython3.10.so\n'}
[5.412117] (livox_ros_driver2) StdoutLine: {'line': b'-- Found PythonExtra: .so  \n'}
[5.437677] (-) TimerEvent: {}
[5.470057] (basic) StdoutLine: {'line': b'-- Configuring done\n'}
[5.537784] (-) TimerEvent: {}
[5.540284] (basic) StdoutLine: {'line': b'-- Generating done\n'}
[5.542256] (basic) StderrLine: {'line': b'\x1b[33mCMake Warning:\n'}
[5.542399] (basic) StderrLine: {'line': b'  Manually-specified variables were not used by the project:\n'}
[5.542443] (basic) StderrLine: {'line': b'\n'}
[5.542478] (basic) StderrLine: {'line': b'    DISTRO_ROS\n'}
[5.542514] (basic) StderrLine: {'line': b'    ROS_EDITION\n'}
[5.542549] (basic) StderrLine: {'line': b'\n'}
[5.542581] (basic) StderrLine: {'line': b'\x1b[0m\n'}
[5.567978] (basic) StdoutLine: {'line': b'-- Build files have been written to: /home/slam/r2_ws/lidar_ws/build/basic\n'}
[5.568218] (livox_ros_driver2) StdoutLine: {'line': b'-- Found ament_lint_auto: 0.12.15 (/opt/ros/humble/share/ament_lint_auto/cmake)\n'}
[5.591461] (livox_ros_driver2) StdoutLine: {'line': b"-- Added test 'copyright' to check source files copyright and LICENSE\n"}
[5.597080] (livox_ros_driver2) StdoutLine: {'line': b"-- Added test 'cppcheck' to perform static code analysis on C / C++ code\n"}
[5.597269] (livox_ros_driver2) StdoutLine: {'line': b'-- Configured cppcheck include dirs: /home/slam/r2_ws/lidar_ws/src/livox_ros_driver2/3rdparty;/home/slam/r2_ws/lidar_ws/src/livox_ros_driver2/src\n'}
[5.597315] (livox_ros_driver2) StdoutLine: {'line': b'-- Configured cppcheck exclude dirs and/or files: \n'}
[5.601529] (livox_ros_driver2) StdoutLine: {'line': b"-- Added test 'cpplint' to check C / C++ code against the Google style\n"}
[5.601717] (livox_ros_driver2) StdoutLine: {'line': b'-- Configured cpplint exclude dirs and/or files: \n'}
[5.602867] (livox_ros_driver2) StdoutLine: {'line': b"-- Added test 'flake8' to check Python code syntax and style conventions\n"}
[5.604501] (livox_ros_driver2) StdoutLine: {'line': b"-- Added test 'lint_cmake' to check CMake code style\n"}
[5.605567] (livox_ros_driver2) StdoutLine: {'line': b"-- Added test 'pep257' to check Python code against some of the docstring style conventions in PEP 257\n"}
[5.614266] (basic) CommandEnded: {'returncode': 0}
[5.614817] (basic) JobProgress: {'identifier': 'basic', 'progress': 'build'}
[5.614869] (basic) Command: {'cmd': ['/usr/bin/cmake', '--build', '/home/slam/r2_ws/lidar_ws/build/basic', '--', '-j10', '-l10'], 'cwd': '/home/slam/r2_ws/lidar_ws/build/basic', 'env': OrderedDict([('LESSOPEN', '| /usr/bin/lesspipe %s'), ('LANGUAGE', 'zh_CN:en'), ('USER', 'slam'), ('SSH_CLIENT', '10.88.122.74 36234 22'), ('LC_TIME', 'en_US.UTF-8'), ('XDG_SESSION_TYPE', 'tty'), ('SHLVL', '2'), ('LIBGL_ALWAYS_SOFTWARE', '1'), ('LD_LIBRARY_PATH', '/home/slam/r2_ws/lidar_ws/install/super_lio/lib:/home/slam/r2_ws/lidar_ws/install/livox_sdk2/lib:/home/slam/r2_ws/lidar_ws/install/livox_ros_driver2/lib:/home/slam/r2_ws/lidar_ws/install/basic/lib:/opt/ros/humble/opt/rviz_ogre_vendor/lib:/opt/ros/humble/lib/x86_64-linux-gnu:/opt/ros/humble/lib'), ('MOTD_SHOWN', 'pam'), ('HOME', '/home/slam'), ('OLDPWD', '/home/slam/r2_ws/lidar_ws/src/livox_ros_driver2'), ('SSH_TTY', '/dev/pts/0'), ('ROS_PYTHON_VERSION', '3'), ('LC_MONETARY', 'en_US.UTF-8'), ('DBUS_SESSION_BUS_ADDRESS', 'unix:path=/run/user/1000/bus'), ('COLCON_PREFIX_PATH', '/home/slam/r2_ws/lidar_ws/install'), ('ROS_DISTRO', 'humble'), ('LOGNAME', 'slam'), ('_', '/home/slam/.local/bin/colcon'), ('ROS_VERSION', 'ROS2'), ('XDG_SESSION_CLASS', 'user'), ('TERM', 'xterm-256color'), ('XDG_SESSION_ID', '4'), ('ROS_LOCALHOST_ONLY', '0'), ('PATH', '/home/slam/.local/bin:/opt/ros/humble/bin:/usr/local/sbin:/usr/local/bin:/usr/sbin:/usr/bin:/sbin:/bin:/usr/games:/usr/local/games:/snap/bin'), ('PAPERSIZE', 'letter'), ('LC_ADDRESS', 'en_US.UTF-8'), ('XDG_RUNTIME_DIR', '/run/user/1000'), ('DISPLAY', 'localhost:10.0'), ('LANG', 'zh_CN.UTF-8'), ('LC_TELEPHONE', 'en_US.UTF-8'), ('LS_COLORS', 'rs=0:di=01;34:ln=01;36:mh=00:pi=40;33:so=01;35:do=01;35:bd=40;33;01:cd=40;33;01:or=40;31;01:mi=00:su=37;41:sg=30;43:ca=30;41:tw=30;42:ow=34;42:st=37;44:ex=01;32:*.tar=01;31:*.tgz=01;31:*.arc=01;31:*.arj=01;31:*.taz=01;31:*.lha=01;31:*.lz4=01;31:*.lzh=01;31:*.lzma=01;31:*.tlz=01;31:*.txz=01;31:*.tzo=01;31:*.t7z=01;31:*.zip=01;31:*.z=01;31:*.dz=01;31:*.gz=01;31:*.lrz=01;31:*.lz=01;31:*.lzo=01;31:*.xz=01;31:*.zst=01;31:*.tzst=01;31:*.bz2=01;31:*.bz=01;31:*.tbz=01;31:*.tbz2=01;31:*.tz=01;31:*.deb=01;31:*.rpm=01;31:*.jar=01;31:*.war=01;31:*.ear=01;31:*.sar=01;31:*.rar=01;31:*.alz=01;31:*.ace=01;31:*.zoo=01;31:*.cpio=01;31:*.7z=01;31:*.rz=01;31:*.cab=01;31:*.wim=01;31:*.swm=01;31:*.dwm=01;31:*.esd=01;31:*.jpg=01;35:*.jpeg=01;35:*.mjpg=01;35:*.mjpeg=01;35:*.gif=01;35:*.bmp=01;35:*.pbm=01;35:*.pgm=01;35:*.ppm=01;35:*.tga=01;35:*.xbm=01;35:*.xpm=01;35:*.tif=01;35:*.tiff=01;35:*.png=01;35:*.svg=01;35:*.svgz=01;35:*.mng=01;35:*.pcx=01;35:*.mov=01;35:*.mpg=01;35:*.mpeg=01;35:*.m2v=01;35:*.mkv=01;35:*.webm=01;35:*.webp=01;35:*.ogm=01;35:*.mp4=01;35:*.m4v=01;35:*.mp4v=01;35:*.vob=01;35:*.qt=01;35:*.nuv=01;35:*.wmv=01;35:*.asf=01;35:*.rm=01;35:*.rmvb=01;35:*.flc=01;35:*.avi=01;35:*.fli=01;35:*.flv=01;35:*.gl=01;35:*.dl=01;35:*.xcf=01;35:*.xwd=01;35:*.yuv=01;35:*.cgm=01;35:*.emf=01;35:*.ogv=01;35:*.ogx=01;35:*.aac=00;36:*.au=00;36:*.flac=00;36:*.m4a=00;36:*.mid=00;36:*.midi=00;36:*.mka=00;36:*.mp3=00;36:*.mpc=00;36:*.ogg=00;36:*.ra=00;36:*.wav=00;36:*.oga=00;36:*.opus=00;36:*.spx=00;36:*.xspf=00;36:'), ('AMENT_PREFIX_PATH', '/home/slam/r2_ws/lidar_ws/install/super_lio:/home/slam/r2_ws/lidar_ws/install/livox_ros_driver2:/home/slam/r2_ws/lidar_ws/install/basic:/opt/ros/humble'), ('SHELL', '/bin/bash'), ('LC_NAME', 'en_US.UTF-8'), ('LESSCLOSE', '/usr/bin/lesspipe %s %s'), ('LC_MEASUREMENT', 'en_US.UTF-8'), ('LC_IDENTIFICATION', 'en_US.UTF-8'), ('PWD', '/home/slam/r2_ws/lidar_ws/build/basic'), ('QT_QPA_PLATFORM', 'xcb'), ('LC_ALL', 'en_US.UTF-8'), ('SSH_CONNECTION', '10.88.122.74 36234 10.88.122.14 22'), ('XDG_DATA_DIRS', '/usr/share/gnome:/usr/local/share:/usr/share:/var/lib/snapd/desktop'), ('PYTHONPATH', '/home/slam/r2_ws/lidar_ws/install/super_lio/local/lib/python3.10/dist-packages:/home/slam/r2_ws/lidar_ws/install/livox_ros_driver2/local/lib/python3.10/dist-packages:/opt/ros/humble/lib/python3.10/site-packages:/opt/ros/humble/local/lib/python3.10/dist-packages'), ('LC_NUMERIC', 'en_US.UTF-8'), ('LC_PAPER', 'en_US.UTF-8'), ('COLCON', '1'), ('CMAKE_PREFIX_PATH', '/home/slam/r2_ws/lidar_ws/install/super_lio:/home/slam/r2_ws/lidar_ws/install/livox_ros_driver2:/home/slam/r2_ws/lidar_ws/install/basic:/opt/ros/humble')]), 'shell': False}
[5.615274] (livox_ros_driver2) StdoutLine: {'line': b"-- Added test 'uncrustify' to check C / C++ code style\n"}
[5.615411] (livox_ros_driver2) StdoutLine: {'line': b'-- Configured uncrustify additional arguments: \n'}
[5.615514] (livox_ros_driver2) StdoutLine: {'line': b"-- Added test 'xmllint' to check XML markup files\n"}
[5.615605] (livox_ros_driver2) StdoutLine: {'line': b'-- Configuring done\n'}
[5.639085] (-) TimerEvent: {}
[5.655491] (livox_sdk2) StdoutLine: {'line': b'[ 57%] \x1b[32mBuilding CXX object sdk_core/CMakeFiles/livox_lidar_sdk_shared.dir/data_handler/data_handler.cpp.o\x1b[0m\n'}
[5.702988] (basic) StdoutLine: {'line': b'[ 33%] \x1b[32mBuilding CXX object CMakeFiles/basic.dir/src/logs.cpp.o\x1b[0m\n'}
[5.708978] (basic) StdoutLine: {'line': b'[ 66%] \x1b[32mBuilding CXX object CMakeFiles/basic.dir/src/Manifold.cpp.o\x1b[0m\n'}
[5.724190] (livox_ros_driver2) StdoutLine: {'line': b'-- Generating done\n'}
[5.739219] (-) TimerEvent: {}
[5.751052] (livox_ros_driver2) StdoutLine: {'line': b'-- Build files have been written to: /home/slam/r2_ws/lidar_ws/build/livox_ros_driver2\n'}
[5.777982] (livox_ros_driver2) CommandEnded: {'returncode': 0}
[5.790027] (livox_ros_driver2) JobProgress: {'identifier': 'livox_ros_driver2', 'progress': 'build'}
[5.790227] (livox_ros_driver2) Command: {'cmd': ['/usr/bin/cmake', '--build', '/home/slam/r2_ws/lidar_ws/build/livox_ros_driver2', '--', '-j10', '-l10'], 'cwd': '/home/slam/r2_ws/lidar_ws/build/livox_ros_driver2', 'env': OrderedDict([('LESSOPEN', '| /usr/bin/lesspipe %s'), ('LANGUAGE', 'zh_CN:en'), ('USER', 'slam'), ('SSH_CLIENT', '10.88.122.74 36234 22'), ('LC_TIME', 'en_US.UTF-8'), ('XDG_SESSION_TYPE', 'tty'), ('SHLVL', '2'), ('LIBGL_ALWAYS_SOFTWARE', '1'), ('LD_LIBRARY_PATH', '/home/slam/r2_ws/lidar_ws/install/super_lio/lib:/home/slam/r2_ws/lidar_ws/install/livox_sdk2/lib:/home/slam/r2_ws/lidar_ws/install/livox_ros_driver2/lib:/home/slam/r2_ws/lidar_ws/install/basic/lib:/opt/ros/humble/opt/rviz_ogre_vendor/lib:/opt/ros/humble/lib/x86_64-linux-gnu:/opt/ros/humble/lib'), ('MOTD_SHOWN', 'pam'), ('HOME', '/home/slam'), ('OLDPWD', '/home/slam/r2_ws/lidar_ws/src/livox_ros_driver2'), ('SSH_TTY', '/dev/pts/0'), ('ROS_PYTHON_VERSION', '3'), ('LC_MONETARY', 'en_US.UTF-8'), ('DBUS_SESSION_BUS_ADDRESS', 'unix:path=/run/user/1000/bus'), ('COLCON_PREFIX_PATH', '/home/slam/r2_ws/lidar_ws/install'), ('ROS_DISTRO', 'humble'), ('LOGNAME', 'slam'), ('_', '/home/slam/.local/bin/colcon'), ('ROS_VERSION', 'ROS2'), ('XDG_SESSION_CLASS', 'user'), ('TERM', 'xterm-256color'), ('XDG_SESSION_ID', '4'), ('ROS_LOCALHOST_ONLY', '0'), ('PATH', '/home/slam/.local/bin:/opt/ros/humble/bin:/usr/local/sbin:/usr/local/bin:/usr/sbin:/usr/bin:/sbin:/bin:/usr/games:/usr/local/games:/snap/bin'), ('PAPERSIZE', 'letter'), ('LC_ADDRESS', 'en_US.UTF-8'), ('XDG_RUNTIME_DIR', '/run/user/1000'), ('DISPLAY', 'localhost:10.0'), ('LANG', 'zh_CN.UTF-8'), ('LC_TELEPHONE', 'en_US.UTF-8'), ('LS_COLORS', 'rs=0:di=01;34:ln=01;36:mh=00:pi=40;33:so=01;35:do=01;35:bd=40;33;01:cd=40;33;01:or=40;31;01:mi=00:su=37;41:sg=30;43:ca=30;41:tw=30;42:ow=34;42:st=37;44:ex=01;32:*.tar=01;31:*.tgz=01;31:*.arc=01;31:*.arj=01;31:*.taz=01;31:*.lha=01;31:*.lz4=01;31:*.lzh=01;31:*.lzma=01;31:*.tlz=01;31:*.txz=01;31:*.tzo=01;31:*.t7z=01;31:*.zip=01;31:*.z=01;31:*.dz=01;31:*.gz=01;31:*.lrz=01;31:*.lz=01;31:*.lzo=01;31:*.xz=01;31:*.zst=01;31:*.tzst=01;31:*.bz2=01;31:*.bz=01;31:*.tbz=01;31:*.tbz2=01;31:*.tz=01;31:*.deb=01;31:*.rpm=01;31:*.jar=01;31:*.war=01;31:*.ear=01;31:*.sar=01;31:*.rar=01;31:*.alz=01;31:*.ace=01;31:*.zoo=01;31:*.cpio=01;31:*.7z=01;31:*.rz=01;31:*.cab=01;31:*.wim=01;31:*.swm=01;31:*.dwm=01;31:*.esd=01;31:*.jpg=01;35:*.jpeg=01;35:*.mjpg=01;35:*.mjpeg=01;35:*.gif=01;35:*.bmp=01;35:*.pbm=01;35:*.pgm=01;35:*.ppm=01;35:*.tga=01;35:*.xbm=01;35:*.xpm=01;35:*.tif=01;35:*.tiff=01;35:*.png=01;35:*.svg=01;35:*.svgz=01;35:*.mng=01;35:*.pcx=01;35:*.mov=01;35:*.mpg=01;35:*.mpeg=01;35:*.m2v=01;35:*.mkv=01;35:*.webm=01;35:*.webp=01;35:*.ogm=01;35:*.mp4=01;35:*.m4v=01;35:*.mp4v=01;35:*.vob=01;35:*.qt=01;35:*.nuv=01;35:*.wmv=01;35:*.asf=01;35:*.rm=01;35:*.rmvb=01;35:*.flc=01;35:*.avi=01;35:*.fli=01;35:*.flv=01;35:*.gl=01;35:*.dl=01;35:*.xcf=01;35:*.xwd=01;35:*.yuv=01;35:*.cgm=01;35:*.emf=01;35:*.ogv=01;35:*.ogx=01;35:*.aac=00;36:*.au=00;36:*.flac=00;36:*.m4a=00;36:*.mid=00;36:*.midi=00;36:*.mka=00;36:*.mp3=00;36:*.mpc=00;36:*.ogg=00;36:*.ra=00;36:*.wav=00;36:*.oga=00;36:*.opus=00;36:*.spx=00;36:*.xspf=00;36:'), ('AMENT_PREFIX_PATH', '/home/slam/r2_ws/lidar_ws/install/super_lio:/home/slam/r2_ws/lidar_ws/install/livox_ros_driver2:/home/slam/r2_ws/lidar_ws/install/basic:/opt/ros/humble'), ('SHELL', '/bin/bash'), ('LC_NAME', 'en_US.UTF-8'), ('LESSCLOSE', '/usr/bin/lesspipe %s %s'), ('LC_MEASUREMENT', 'en_US.UTF-8'), ('LC_IDENTIFICATION', 'en_US.UTF-8'), ('PWD', '/home/slam/r2_ws/lidar_ws/build/livox_ros_driver2'), ('QT_QPA_PLATFORM', 'xcb'), ('LC_ALL', 'en_US.UTF-8'), ('SSH_CONNECTION', '10.88.122.74 36234 10.88.122.14 22'), ('XDG_DATA_DIRS', '/usr/share/gnome:/usr/local/share:/usr/share:/var/lib/snapd/desktop'), ('PYTHONPATH', '/home/slam/r2_ws/lidar_ws/install/super_lio/local/lib/python3.10/dist-packages:/home/slam/r2_ws/lidar_ws/install/livox_ros_driver2/local/lib/python3.10/dist-packages:/opt/ros/humble/lib/python3.10/site-packages:/opt/ros/humble/local/lib/python3.10/dist-packages'), ('LC_NUMERIC', 'en_US.UTF-8'), ('LC_PAPER', 'en_US.UTF-8'), ('COLCON', '1'), ('CMAKE_PREFIX_PATH', '/home/slam/r2_ws/lidar_ws/install/super_lio:/home/slam/r2_ws/lidar_ws/install/livox_ros_driver2:/home/slam/r2_ws/lidar_ws/install/basic:/opt/ros/humble')]), 'shell': False}
[5.839342] (-) TimerEvent: {}
[5.856515] (livox_ros_driver2) StdoutLine: {'line': b'[  1%] \x1b[34m\x1b[1mGenerating C code for ROS interfaces\x1b[0m\n'}
[5.878981] (livox_ros_driver2) StdoutLine: {'line': b'[  3%] \x1b[34m\x1b[1mGenerating C++ code for ROS interfaces\x1b[0m\n'}
[5.880935] (livox_ros_driver2) StdoutLine: {'line': b'[  5%] \x1b[34m\x1b[1mGenerating Rust code for ROS interfaces\x1b[0m\n'}
[5.888035] (livox_ros_driver2) StdoutLine: {'line': b'[  6%] \x1b[32mBuilding CXX object CMakeFiles/livox_ros_driver2_node.dir/rclcpp_components/node_main_livox_ros_driver2_node.cpp.o\x1b[0m\n'}
[5.896602] (livox_ros_driver2) StdoutLine: {'line': b'[  6%] Built target ament_cmake_python_copy_livox_ros_driver2\n'}
[5.940960] (-) TimerEvent: {}
[6.043967] (-) TimerEvent: {}
[6.100571] (livox_ros_driver2) StdoutLine: {'line': b'running egg_info\n'}
[6.101939] (livox_ros_driver2) StdoutLine: {'line': b'creating livox_ros_driver2.egg-info\n'}
[6.102748] (livox_ros_driver2) StdoutLine: {'line': b'writing livox_ros_driver2.egg-info/PKG-INFO\n'}
[6.103422] (livox_ros_driver2) StdoutLine: {'line': b'writing dependency_links to livox_ros_driver2.egg-info/dependency_links.txt\n'}
[6.104048] (livox_ros_driver2) StdoutLine: {'line': b'writing top-level names to livox_ros_driver2.egg-info/top_level.txt\n'}
[6.105339] (livox_ros_driver2) StdoutLine: {'line': b"writing manifest file 'livox_ros_driver2.egg-info/SOURCES.txt'\n"}
[6.107478] (livox_ros_driver2) StdoutLine: {'line': b"reading manifest file 'livox_ros_driver2.egg-info/SOURCES.txt'\n"}
[6.107853] (livox_ros_driver2) StdoutLine: {'line': b"writing manifest file 'livox_ros_driver2.egg-info/SOURCES.txt'\n"}
[6.131674] (livox_ros_driver2) StdoutLine: {'line': b'[  6%] Built target ament_cmake_python_build_livox_ros_driver2_egg\n'}
[6.144096] (-) TimerEvent: {}
[6.245943] (-) TimerEvent: {}
[6.349976] (-) TimerEvent: {}
[6.415989] (livox_ros_driver2) StdoutLine: {'line': b'[  6%] Built target livox_interfaces2__cpp\n'}
[6.430018] (livox_ros_driver2) StdoutLine: {'line': b'[  8%] \x1b[34m\x1b[1mGenerating C++ type support for eProsima Fast-RTPS\x1b[0m\n'}
[6.430265] (livox_ros_driver2) StdoutLine: {'line': b'[ 10%] \x1b[34m\x1b[1mGenerating C++ introspection for ROS interfaces\x1b[0m\n'}
[6.435265] (livox_ros_driver2) StdoutLine: {'line': b'[ 12%] \x1b[34m\x1b[1mGenerating C++ type support dispatch for ROS interfaces\x1b[0m\n'}
[6.452962] (-) TimerEvent: {}
[6.527427] (livox_ros_driver2) StdoutLine: {'line': b'[ 12%] Built target livox_interfaces2__rs\n'}
[6.553067] (-) TimerEvent: {}
[6.626036] (livox_ros_driver2) StdoutLine: {'line': b'[ 13%] \x1b[32mBuilding C object CMakeFiles/livox_interfaces2__rosidl_generator_c.dir/rosidl_generator_c/livox_ros_driver2/msg/detail/custom_point__functions.c.o\x1b[0m\n'}
[6.630936] (livox_ros_driver2) StdoutLine: {'line': b'[ 15%] \x1b[32mBuilding C object CMakeFiles/livox_interfaces2__rosidl_generator_c.dir/rosidl_generator_c/livox_ros_driver2/msg/detail/custom_msg__functions.c.o\x1b[0m\n'}
[6.653165] (-) TimerEvent: {}
[6.711962] (livox_ros_driver2) StdoutLine: {'line': b'[ 17%] \x1b[32m\x1b[1mLinking C shared library liblivox_ros_driver2__rosidl_generator_c.so\x1b[0m\n'}
[6.753292] (-) TimerEvent: {}
[6.775087] (livox_ros_driver2) StdoutLine: {'line': b'[ 17%] Built target livox_interfaces2__rosidl_generator_c\n'}
[6.791034] (livox_ros_driver2) StdoutLine: {'line': b'[ 18%] \x1b[34m\x1b[1mGenerating C type support for eProsima Fast-RTPS\x1b[0m\n'}
[6.792905] (livox_ros_driver2) StdoutLine: {'line': b'[ 20%] \x1b[34m\x1b[1mGenerating C type support dispatch for ROS interfaces\x1b[0m\n'}
[6.799015] (livox_ros_driver2) StdoutLine: {'line': b'[ 22%] \x1b[34m\x1b[1mGenerating C introspection for ROS interfaces\x1b[0m\n'}
[6.853380] (-) TimerEvent: {}
[6.955932] (-) TimerEvent: {}
[7.029003] (livox_ros_driver2) StdoutLine: {'line': b'[ 24%] \x1b[32mBuilding CXX object CMakeFiles/livox_interfaces2__rosidl_typesupport_introspection_cpp.dir/rosidl_typesupport_introspection_cpp/livox_ros_driver2/msg/detail/custom_point__type_support.cpp.o\x1b[0m\n'}
[7.036021] (livox_ros_driver2) StdoutLine: {'line': b'[ 25%] \x1b[32mBuilding CXX object CMakeFiles/livox_interfaces2__rosidl_typesupport_introspection_cpp.dir/rosidl_typesupport_introspection_cpp/livox_ros_driver2/msg/detail/custom_msg__type_support.cpp.o\x1b[0m\n'}
[7.056047] (-) TimerEvent: {}
[7.075472] (livox_ros_driver2) StdoutLine: {'line': b'[ 29%] \x1b[32mBuilding CXX object CMakeFiles/livox_interfaces2__rosidl_typesupport_cpp.dir/rosidl_typesupport_cpp/livox_ros_driver2/msg/custom_msg__type_support.cpp.o\x1b[0m\n'}
[7.075661] (livox_ros_driver2) StdoutLine: {'line': b'[ 29%] \x1b[32mBuilding CXX object CMakeFiles/livox_interfaces2__rosidl_typesupport_cpp.dir/rosidl_typesupport_cpp/livox_ros_driver2/msg/custom_point__type_support.cpp.o\x1b[0m\n'}
[7.156138] (-) TimerEvent: {}
[7.161290] (livox_ros_driver2) StdoutLine: {'line': b'[ 31%] \x1b[32mBuilding CXX object CMakeFiles/livox_interfaces2__rosidl_typesupport_fastrtps_cpp.dir/rosidl_typesupport_fastrtps_cpp/livox_ros_driver2/msg/detail/dds_fastrtps/custom_point__type_support.cpp.o\x1b[0m\n'}
[7.161678] (livox_ros_driver2) StdoutLine: {'line': b'[ 32%] \x1b[32mBuilding CXX object CMakeFiles/livox_interfaces2__rosidl_typesupport_fastrtps_cpp.dir/rosidl_typesupport_fastrtps_cpp/livox_ros_driver2/msg/detail/dds_fastrtps/custom_msg__type_support.cpp.o\x1b[0m\n'}
[7.256245] (-) TimerEvent: {}
[7.356621] (-) TimerEvent: {}
[7.457085] (-) TimerEvent: {}
[7.484835] (livox_ros_driver2) StdoutLine: {'line': b'[ 34%] \x1b[32m\x1b[1mLinking CXX shared library liblivox_ros_driver2__rosidl_typesupport_cpp.so\x1b[0m\n'}
[7.517392] (livox_ros_driver2) StdoutLine: {'line': b'[ 36%] \x1b[32mBuilding C object CMakeFiles/livox_interfaces2__rosidl_typesupport_introspection_c.dir/rosidl_typesupport_introspection_c/livox_ros_driver2/msg/detail/custom_point__type_support.c.o\x1b[0m\n'}
[7.532546] (livox_ros_driver2) StdoutLine: {'line': b'[ 37%] \x1b[32mBuilding C object CMakeFiles/livox_interfaces2__rosidl_typesupport_introspection_c.dir/rosidl_typesupport_introspection_c/livox_ros_driver2/msg/detail/custom_msg__type_support.c.o\x1b[0m\n'}
[7.557192] (-) TimerEvent: {}
[7.557651] (livox_ros_driver2) StdoutLine: {'line': b'[ 39%] \x1b[32mBuilding CXX object CMakeFiles/livox_interfaces2__rosidl_typesupport_c.dir/rosidl_typesupport_c/livox_ros_driver2/msg/custom_point__type_support.cpp.o\x1b[0m\n'}
[7.565021] (livox_ros_driver2) StdoutLine: {'line': b'[ 39%] Built target livox_interfaces2__rosidl_typesupport_cpp\n'}
[7.578229] (livox_ros_driver2) StdoutLine: {'line': b'[ 41%] \x1b[32mBuilding CXX object CMakeFiles/livox_interfaces2__rosidl_typesupport_c.dir/rosidl_typesupport_c/livox_ros_driver2/msg/custom_msg__type_support.cpp.o\x1b[0m\n'}
[7.602067] (livox_sdk2) StdoutLine: {'line': b'[ 58%] \x1b[32mBuilding CXX object sdk_core/CMakeFiles/livox_lidar_sdk_static.dir/command_handler/command_impl.cpp.o\x1b[0m\n'}
[7.610035] (livox_ros_driver2) StdoutLine: {'line': b'[ 43%] \x1b[32m\x1b[1mLinking C shared library liblivox_ros_driver2__rosidl_typesupport_introspection_c.so\x1b[0m\n'}
[7.622103] (livox_ros_driver2) StdoutLine: {'line': b'[ 44%] \x1b[32mBuilding CXX object CMakeFiles/livox_ros_driver2.dir/src/livox_ros_driver2.cpp.o\x1b[0m\n'}
[7.628080] (livox_ros_driver2) StdoutLine: {'line': b'[ 46%] \x1b[32mBuilding CXX object CMakeFiles/livox_ros_driver2.dir/src/lddc.cpp.o\x1b[0m\n'}
[7.638049] (livox_ros_driver2) StdoutLine: {'line': b'[ 48%] \x1b[32m\x1b[1mLinking CXX shared library liblivox_ros_driver2__rosidl_typesupport_c.so\x1b[0m\n'}
[7.650024] (livox_ros_driver2) StdoutLine: {'line': b'[ 50%] \x1b[32mBuilding CXX object CMakeFiles/livox_ros_driver2.dir/src/driver_node.cpp.o\x1b[0m\n'}
[7.657339] (-) TimerEvent: {}
[7.664059] (livox_ros_driver2) StdoutLine: {'line': b'[ 50%] Built target livox_interfaces2__rosidl_typesupport_introspection_c\n'}
[7.688073] (livox_ros_driver2) StdoutLine: {'line': b'[ 51%] \x1b[32mBuilding CXX object CMakeFiles/livox_ros_driver2.dir/src/lds.cpp.o\x1b[0m\n'}
[7.723957] (livox_ros_driver2) StdoutLine: {'line': b'[ 51%] Built target livox_interfaces2__rosidl_typesupport_c\n'}
[7.734035] (livox_ros_driver2) StdoutLine: {'line': b'[ 53%] \x1b[32mBuilding CXX object CMakeFiles/livox_ros_driver2.dir/src/lds_lidar.cpp.o\x1b[0m\n'}
[7.746963] (livox_sdk2) StdoutLine: {'line': b'[ 59%] \x1b[32mBuilding CXX object sdk_core/CMakeFiles/livox_lidar_sdk_static.dir/command_handler/general_command_handler.cpp.o\x1b[0m\n'}
[7.759959] (-) TimerEvent: {}
[7.797951] (livox_ros_driver2) StdoutLine: {'line': b'[ 55%] \x1b[32mBuilding CXX object CMakeFiles/livox_ros_driver2.dir/src/comm/comm.cpp.o\x1b[0m\n'}
[7.860067] (-) TimerEvent: {}
[7.960480] (-) TimerEvent: {}
[7.975232] (livox_ros_driver2) StdoutLine: {'line': b'[ 56%] \x1b[32m\x1b[1mLinking CXX shared library liblivox_ros_driver2__rosidl_typesupport_fastrtps_cpp.so\x1b[0m\n'}
[8.060651] (-) TimerEvent: {}
[8.061131] (livox_ros_driver2) StdoutLine: {'line': b'[ 58%] \x1b[32mBuilding CXX object CMakeFiles/livox_interfaces2__rosidl_typesupport_fastrtps_c.dir/rosidl_typesupport_fastrtps_c/livox_ros_driver2/msg/detail/custom_point__type_support_c.cpp.o\x1b[0m\n'}
[8.084670] (livox_sdk2) StdoutLine: {'line': b'[ 60%] \x1b[32mBuilding CXX object sdk_core/CMakeFiles/livox_lidar_sdk_static.dir/command_handler/hap_command_handler.cpp.o\x1b[0m\n'}
[8.090039] (livox_sdk2) StdoutLine: {'line': b'[ 61%] \x1b[32mBuilding CXX object sdk_core/CMakeFiles/livox_lidar_sdk_static.dir/command_handler/mid360_command_handler.cpp.o\x1b[0m\n'}
[8.136041] (livox_ros_driver2) StdoutLine: {'line': b'[ 58%] Built target livox_interfaces2__rosidl_typesupport_fastrtps_cpp\n'}
[8.157660] (livox_ros_driver2) StdoutLine: {'line': b'[ 60%] \x1b[32mBuilding CXX object CMakeFiles/livox_ros_driver2.dir/src/comm/ldq.cpp.o\x1b[0m\n'}
[8.160768] (-) TimerEvent: {}
[8.161112] (livox_ros_driver2) StdoutLine: {'line': b'[ 62%] \x1b[32m\x1b[1mLinking CXX shared library liblivox_ros_driver2__rosidl_typesupport_introspection_cpp.so\x1b[0m\n'}
[8.260923] (-) TimerEvent: {}
[8.319665] (livox_ros_driver2) StdoutLine: {'line': b'[ 62%] Built target livox_interfaces2__rosidl_typesupport_introspection_cpp\n'}
[8.340735] (livox_ros_driver2) StdoutLine: {'line': b'[ 63%] \x1b[32mBuilding CXX object CMakeFiles/livox_interfaces2__rosidl_typesupport_fastrtps_c.dir/rosidl_typesupport_fastrtps_c/livox_ros_driver2/msg/detail/custom_msg__type_support_c.cpp.o\x1b[0m\n'}
[8.361049] (-) TimerEvent: {}
[8.465002] (-) TimerEvent: {}
[8.565456] (-) TimerEvent: {}
[8.621106] (livox_ros_driver2) StdoutLine: {'line': b'[ 65%] \x1b[32mBuilding CXX object CMakeFiles/livox_ros_driver2.dir/src/comm/semaphore.cpp.o\x1b[0m\n'}
[8.667007] (-) TimerEvent: {}
[8.766660] (livox_sdk2) StdoutLine: {'line': b'[ 62%] \x1b[32mBuilding CXX object sdk_core/CMakeFiles/livox_lidar_sdk_shared.dir/command_handler/command_impl.cpp.o\x1b[0m\n'}
[8.769966] (-) TimerEvent: {}
[8.870428] (-) TimerEvent: {}
[8.899986] (livox_ros_driver2) StdoutLine: {'line': b'[ 67%] \x1b[32m\x1b[1mLinking CXX shared library liblivox_ros_driver2__rosidl_typesupport_fastrtps_c.so\x1b[0m\n'}
[8.970568] (-) TimerEvent: {}
[8.977817] (livox_ros_driver2) StdoutLine: {'line': b'[ 68%] \x1b[32mBuilding CXX object CMakeFiles/livox_ros_driver2.dir/src/comm/lidar_imu_data_queue.cpp.o\x1b[0m\n'}
[8.981255] (livox_sdk2) StdoutLine: {'line': b'[ 63%] \x1b[32mBuilding CXX object sdk_core/CMakeFiles/livox_lidar_sdk_static.dir/command_handler/build_request.cpp.o\x1b[0m\n'}
[9.070692] (-) TimerEvent: {}
[9.158105] (livox_ros_driver2) StdoutLine: {'line': b'[ 68%] Built target livox_interfaces2__rosidl_typesupport_fastrtps_c\n'}
[9.170799] (-) TimerEvent: {}
[9.173290] (livox_ros_driver2) StdoutLine: {'line': b'[ 70%] \x1b[32mBuilding CXX object CMakeFiles/livox_ros_driver2.dir/src/comm/cache_index.cpp.o\x1b[0m\n'}
[9.195963] (livox_ros_driver2) StdoutLine: {'line': b'[ 72%] \x1b[32mBuilding CXX object CMakeFiles/livox_ros_driver2.dir/src/comm/pub_handler.cpp.o\x1b[0m\n'}
[9.270915] (-) TimerEvent: {}
[9.280039] (livox_ros_driver2) StdoutLine: {'line': b'[ 74%] \x1b[32mBuilding CXX object CMakeFiles/livox_ros_driver2.dir/src/parse_cfg_file/parse_cfg_file.cpp.o\x1b[0m\n'}
[9.372986] (-) TimerEvent: {}
[9.373369] (livox_sdk2) StdoutLine: {'line': b'[ 64%] \x1b[32mBuilding CXX object sdk_core/CMakeFiles/livox_lidar_sdk_shared.dir/command_handler/general_command_handler.cpp.o\x1b[0m\n'}
[9.473014] (livox_ros_driver2) StdoutLine: {'line': b'[ 75%] \x1b[32mBuilding CXX object CMakeFiles/livox_ros_driver2.dir/src/parse_cfg_file/parse_livox_lidar_cfg.cpp.o\x1b[0m\n'}
[9.473226] (-) TimerEvent: {}
[9.509035] (livox_ros_driver2) StdoutLine: {'line': b'[ 77%] \x1b[32mBuilding CXX object CMakeFiles/livox_ros_driver2.dir/src/call_back/lidar_common_callback.cpp.o\x1b[0m\n'}
[9.522198] (livox_sdk2) StdoutLine: {'line': b'[ 65%] \x1b[32mBuilding CXX object sdk_core/CMakeFiles/livox_lidar_sdk_shared.dir/command_handler/hap_command_handler.cpp.o\x1b[0m\n'}
[9.561633] (livox_ros_driver2) StdoutLine: {'line': b'[ 77%] Built target livox_interfaces2\n'}
[9.575985] (-) TimerEvent: {}
[9.625037] (livox_ros_driver2) StdoutLine: {'line': b'[ 79%] \x1b[34m\x1b[1mGenerating Python code for ROS interfaces\x1b[0m\n'}
[9.676097] (-) TimerEvent: {}
[9.776539] (-) TimerEvent: {}
[9.862141] (livox_sdk2) StderrLine: {'line': b'In file included from \x1b[01m\x1b[K/home/slam/r2_ws/lidar_ws/Livox-SDK2/sdk_core/../3rdparty/rapidjson/stream.h:19\x1b[m\x1b[K,\n'}
[9.862380] (livox_sdk2) StderrLine: {'line': b'                 from \x1b[01m\x1b[K/home/slam/r2_ws/lidar_ws/Livox-SDK2/sdk_core/../3rdparty/rapidjson/memorystream.h:22\x1b[m\x1b[K,\n'}
[9.862428] (livox_sdk2) StderrLine: {'line': b'                 from \x1b[01m\x1b[K/home/slam/r2_ws/lidar_ws/Livox-SDK2/sdk_core/../3rdparty/rapidjson/encodedstream.h:22\x1b[m\x1b[K,\n'}
[9.862475] (livox_sdk2) StderrLine: {'line': b'                 from \x1b[01m\x1b[K/home/slam/r2_ws/lidar_ws/Livox-SDK2/sdk_core/../3rdparty/rapidjson/document.h:26\x1b[m\x1b[K,\n'}
[9.862510] (livox_sdk2) StderrLine: {'line': b'                 from \x1b[01m\x1b[K/home/slam/r2_ws/lidar_ws/Livox-SDK2/sdk_core/command_handler/parse_lidar_state_info.h:38\x1b[m\x1b[K,\n'}
[9.862545] (livox_sdk2) StderrLine: {'line': b'                 from \x1b[01m\x1b[K/home/slam/r2_ws/lidar_ws/Livox-SDK2/sdk_core/command_handler/mid360_command_handler.cpp:37\x1b[m\x1b[K:\n'}
[9.862578] (livox_sdk2) StderrLine: {'line': b'\x1b[01m\x1b[K/home/slam/r2_ws/lidar_ws/Livox-SDK2/sdk_core/../3rdparty/rapidjson/rapidjson.h:542:29:\x1b[m\x1b[K \x1b[01;35m\x1b[Kwarning: \x1b[m\x1b[Kunknown option after \xe2\x80\x98\x1b[01m\x1b[K#pragma GCC diagnostic\x1b[m\x1b[K\xe2\x80\x99 kind [\x1b[01;35m\x1b[K\x1b]8;;https://gcc.gnu.org/onlinedocs/gcc/Warning-Options.html#index-Wpragmas\x07-Wpragmas\x1b]8;;\x07\x1b[m\x1b[K]\n'}
[9.862615] (livox_sdk2) StderrLine: {'line': b'  542 | #define RAPIDJSON_PRAGMA(x) \x1b[01;35m\x1b[K_Pragma\x1b[m\x1b[K(RAPIDJSON_STRINGIFY(x))\n'}
[9.862648] (livox_sdk2) StderrLine: {'line': b'      |                             \x1b[01;35m\x1b[K^~~~~~~\x1b[m\x1b[K\n'}
[9.862680] (livox_sdk2) StderrLine: {'line': b'\x1b[01m\x1b[K/home/slam/r2_ws/lidar_ws/Livox-SDK2/sdk_core/../3rdparty/rapidjson/rapidjson.h:543:34:\x1b[m\x1b[K \x1b[01;36m\x1b[Knote: \x1b[m\x1b[Kin expansion of macro \xe2\x80\x98\x1b[01m\x1b[KRAPIDJSON_PRAGMA\x1b[m\x1b[K\xe2\x80\x99\n'}
[9.862714] (livox_sdk2) StderrLine: {'line': b'  543 | #define RAPIDJSON_DIAG_PRAGMA(x) \x1b[01;36m\x1b[KRAPIDJSON_PRAGMA\x1b[m\x1b[K(GCC diagnostic x)\n'}
[9.862746] (livox_sdk2) StderrLine: {'line': b'      |                                  \x1b[01;36m\x1b[K^~~~~~~~~~~~~~~~\x1b[m\x1b[K\n'}
[9.862776] (livox_sdk2) StderrLine: {'line': b'\x1b[01m\x1b[K/home/slam/r2_ws/lidar_ws/Livox-SDK2/sdk_core/../3rdparty/rapidjson/rapidjson.h:545:3:\x1b[m\x1b[K \x1b[01;36m\x1b[Knote: \x1b[m\x1b[Kin expansion of macro \xe2\x80\x98\x1b[01m\x1b[KRAPIDJSON_DIAG_PRAGMA\x1b[m\x1b[K\xe2\x80\x99\n'}
[9.862808] (livox_sdk2) StderrLine: {'line': b'  545 |   \x1b[01;36m\x1b[KRAPIDJSON_DIAG_PRAGMA\x1b[m\x1b[K(ignored RAPIDJSON_STRINGIFY(RAPIDJSON_JOIN(-W, x)))\n'}
[9.862838] (livox_sdk2) StderrLine: {'line': b'      |   \x1b[01;36m\x1b[K^~~~~~~~~~~~~~~~~~~~~\x1b[m\x1b[K\n'}
[9.862869] (livox_sdk2) StderrLine: {'line': b'\x1b[01m\x1b[K/home/slam/r2_ws/lidar_ws/Livox-SDK2/sdk_core/../3rdparty/rapidjson/internal/dtoa.h:36:1:\x1b[m\x1b[K \x1b[01;36m\x1b[Knote: \x1b[m\x1b[Kin expansion of macro \xe2\x80\x98\x1b[01m\x1b[KRAPIDJSON_DIAG_OFF\x1b[m\x1b[K\xe2\x80\x99\n'}
[9.862914] (livox_sdk2) StderrLine: {'line': b'   36 | \x1b[01;36m\x1b[KRAPIDJSON_DIAG_OFF\x1b[m\x1b[K(array - bounds)  // some gcc versions generate wrong warnings\n'}
[9.862947] (livox_sdk2) StderrLine: {'line': b'      | \x1b[01;36m\x1b[K^~~~~~~~~~~~~~~~~~\x1b[m\x1b[K\n'}
[9.865964] (livox_sdk2) StderrLine: {'line': b'\x1b[01m\x1b[K/home/slam/r2_ws/lidar_ws/Livox-SDK2/sdk_core/../3rdparty/rapidjson/rapidjson.h:542:29:\x1b[m\x1b[K \x1b[01;36m\x1b[Knote: \x1b[m\x1b[Kdid you mean \xe2\x80\x98\x1b[01m\x1b[K-Warray-bounds\x1b[m\x1b[K\xe2\x80\x99?\n'}
[9.866163] (livox_sdk2) StderrLine: {'line': b'  542 | #define RAPIDJSON_PRAGMA(x) \x1b[01;36m\x1b[K_Pragma\x1b[m\x1b[K(RAPIDJSON_STRINGIFY(x))\n'}
[9.866212] (livox_sdk2) StderrLine: {'line': b'      |                             \x1b[01;36m\x1b[K^~~~~~~\x1b[m\x1b[K\n'}
[9.866248] (livox_sdk2) StderrLine: {'line': b'\x1b[01m\x1b[K/home/slam/r2_ws/lidar_ws/Livox-SDK2/sdk_core/../3rdparty/rapidjson/rapidjson.h:543:34:\x1b[m\x1b[K \x1b[01;36m\x1b[Knote: \x1b[m\x1b[Kin expansion of macro \xe2\x80\x98\x1b[01m\x1b[KRAPIDJSON_PRAGMA\x1b[m\x1b[K\xe2\x80\x99\n'}
[9.866284] (livox_sdk2) StderrLine: {'line': b'  543 | #define RAPIDJSON_DIAG_PRAGMA(x) \x1b[01;36m\x1b[KRAPIDJSON_PRAGMA\x1b[m\x1b[K(GCC diagnostic x)\n'}
[9.866326] (livox_sdk2) StderrLine: {'line': b'      |                                  \x1b[01;36m\x1b[K^~~~~~~~~~~~~~~~\x1b[m\x1b[K\n'}
[9.866357] (livox_sdk2) StderrLine: {'line': b'\x1b[01m\x1b[K/home/slam/r2_ws/lidar_ws/Livox-SDK2/sdk_core/../3rdparty/rapidjson/rapidjson.h:545:3:\x1b[m\x1b[K \x1b[01;36m\x1b[Knote: \x1b[m\x1b[Kin expansion of macro \xe2\x80\x98\x1b[01m\x1b[KRAPIDJSON_DIAG_PRAGMA\x1b[m\x1b[K\xe2\x80\x99\n'}
[9.866392] (livox_sdk2) StderrLine: {'line': b'  545 |   \x1b[01;36m\x1b[KRAPIDJSON_DIAG_PRAGMA\x1b[m\x1b[K(ignored RAPIDJSON_STRINGIFY(RAPIDJSON_JOIN(-W, x)))\n'}
[9.866424] (livox_sdk2) StderrLine: {'line': b'      |   \x1b[01;36m\x1b[K^~~~~~~~~~~~~~~~~~~~~\x1b[m\x1b[K\n'}
[9.866456] (livox_sdk2) StderrLine: {'line': b'\x1b[01m\x1b[K/home/slam/r2_ws/lidar_ws/Livox-SDK2/sdk_core/../3rdparty/rapidjson/internal/dtoa.h:36:1:\x1b[m\x1b[K \x1b[01;36m\x1b[Knote: \x1b[m\x1b[Kin expansion of macro \xe2\x80\x98\x1b[01m\x1b[KRAPIDJSON_DIAG_OFF\x1b[m\x1b[K\xe2\x80\x99\n'}
[9.866488] (livox_sdk2) StderrLine: {'line': b'   36 | \x1b[01;36m\x1b[KRAPIDJSON_DIAG_OFF\x1b[m\x1b[K(array - bounds)  // some gcc versions generate wrong warnings\n'}
[9.866519] (livox_sdk2) StderrLine: {'line': b'      | \x1b[01;36m\x1b[K^~~~~~~~~~~~~~~~~~\x1b[m\x1b[K\n'}
[9.876670] (-) TimerEvent: {}
[9.978960] (-) TimerEvent: {}
[10.079334] (-) TimerEvent: {}
[10.179647] (-) TimerEvent: {}
[10.279976] (-) TimerEvent: {}
[10.380458] (-) TimerEvent: {}
[10.390448] (livox_ros_driver2) StdoutLine: {'line': b'[ 81%] \x1b[32mBuilding CXX object CMakeFiles/livox_ros_driver2.dir/src/call_back/livox_lidar_callback.cpp.o\x1b[0m\n'}
[10.482964] (-) TimerEvent: {}
[10.502284] (livox_sdk2) StdoutLine: {'line': b'[ 67%] \x1b[32mBuilding CXX object sdk_core/CMakeFiles/livox_lidar_sdk_shared.dir/command_handler/mid360_command_handler.cpp.o\x1b[0m\n'}
[10.583083] (-) TimerEvent: {}
[10.622059] (livox_ros_driver2) StderrLine: {'line': b'\x1b[01m\x1b[K/home/slam/r2_ws/lidar_ws/src/livox_ros_driver2/src/comm/pub_handler.cpp:\x1b[m\x1b[K In member function \xe2\x80\x98\x1b[01m\x1b[Kvoid livox_ros::LidarPubHandler::ProcessDoubleEchoPoint(livox_ros::RawPacket&)\x1b[m\x1b[K\xe2\x80\x99:\n'}
[10.622612] (livox_ros_driver2) StderrLine: {'line': b'\x1b[01m\x1b[K/home/slam/r2_ws/lidar_ws/src/livox_ros_driver2/src/comm/pub_handler.cpp:466:12:\x1b[m\x1b[K \x1b[01;35m\x1b[Kwarning: \x1b[m\x1b[Kunused variable \xe2\x80\x98\x1b[01m\x1b[Kindex\x1b[m\x1b[K\xe2\x80\x99 [\x1b[01;35m\x1b[K\x1b]8;;https://gcc.gnu.org/onlinedocs/gcc/Warning-Options.html#index-Wunused-variable\x07-Wunused-variable\x1b]8;;\x07\x1b[m\x1b[K]\n'}
[10.622877] (livox_ros_driver2) StderrLine: {'line': b'  466 |   uint32_t \x1b[01;35m\x1b[Kindex\x1b[m\x1b[K = 0;\n'}
[10.623183] (livox_ros_driver2) StderrLine: {'line': b'      |            \x1b[01;35m\x1b[K^~~~~\x1b[m\x1b[K\n'}
[10.683195] (-) TimerEvent: {}
[10.783756] (-) TimerEvent: {}
[10.884362] (-) TimerEvent: {}
[10.943039] (livox_ros_driver2) StdoutLine: {'line': b'[ 81%] Built target livox_interfaces2__py\n'}
[10.965073] (livox_sdk2) StderrLine: {'line': b'In file included from \x1b[01m\x1b[K/home/slam/r2_ws/lidar_ws/Livox-SDK2/sdk_core/../3rdparty/rapidjson/stream.h:19\x1b[m\x1b[K,\n'}
[10.965515] (livox_sdk2) StderrLine: {'line': b'                 from \x1b[01m\x1b[K/home/slam/r2_ws/lidar_ws/Livox-SDK2/sdk_core/../3rdparty/rapidjson/memorystream.h:22\x1b[m\x1b[K,\n'}
[10.965764] (livox_sdk2) StderrLine: {'line': b'                 from \x1b[01m\x1b[K/home/slam/r2_ws/lidar_ws/Livox-SDK2/sdk_core/../3rdparty/rapidjson/encodedstream.h:22\x1b[m\x1b[K,\n'}
[10.966007] (livox_sdk2) StderrLine: {'line': b'                 from \x1b[01m\x1b[K/home/slam/r2_ws/lidar_ws/Livox-SDK2/sdk_core/../3rdparty/rapidjson/document.h:26\x1b[m\x1b[K,\n'}
[10.966255] (livox_sdk2) StderrLine: {'line': b'                 from \x1b[01m\x1b[K/home/slam/r2_ws/lidar_ws/Livox-SDK2/sdk_core/command_handler/parse_lidar_state_info.h:38\x1b[m\x1b[K,\n'}
[10.966488] (livox_sdk2) StderrLine: {'line': b'                 from \x1b[01m\x1b[K/home/slam/r2_ws/lidar_ws/Livox-SDK2/sdk_core/command_handler/hap_command_handler.cpp:37\x1b[m\x1b[K:\n'}
[10.970198] (livox_sdk2) StderrLine: {'line': b'\x1b[01m\x1b[K/home/slam/r2_ws/lidar_ws/Livox-SDK2/sdk_core/../3rdparty/rapidjson/rapidjson.h:542:29:\x1b[m\x1b[K \x1b[01;35m\x1b[Kwarning: \x1b[m\x1b[Kunknown option after \xe2\x80\x98\x1b[01m\x1b[K#pragma GCC diagnostic\x1b[m\x1b[K\xe2\x80\x99 kind [\x1b[01;35m\x1b[K\x1b]8;;https://gcc.gnu.org/onlinedocs/gcc/Warning-Options.html#index-Wpragmas\x07-Wpragmas\x1b]8;;\x07\x1b[m\x1b[K]\n'}
[10.970516] (livox_sdk2) StderrLine: {'line': b'  542 | #define RAPIDJSON_PRAGMA(x) \x1b[01;35m\x1b[K_Pragma\x1b[m\x1b[K(RAPIDJSON_STRINGIFY(x))\n'}
[10.970755] (livox_sdk2) StderrLine: {'line': b'      |                             \x1b[01;35m\x1b[K^~~~~~~\x1b[m\x1b[K\n'}
[10.970994] (livox_sdk2) StderrLine: {'line': b'\x1b[01m\x1b[K/home/slam/r2_ws/lidar_ws/Livox-SDK2/sdk_core/../3rdparty/rapidjson/rapidjson.h:543:34:\x1b[m\x1b[K \x1b[01;36m\x1b[Knote: \x1b[m\x1b[Kin expansion of macro \xe2\x80\x98\x1b[01m\x1b[KRAPIDJSON_PRAGMA\x1b[m\x1b[K\xe2\x80\x99\n'}
[10.971229] (livox_sdk2) StderrLine: {'line': b'  543 | #define RAPIDJSON_DIAG_PRAGMA(x) \x1b[01;36m\x1b[KRAPIDJSON_PRAGMA\x1b[m\x1b[K(GCC diagnostic x)\n'}
[10.971459] (livox_sdk2) StderrLine: {'line': b'      |                                  \x1b[01;36m\x1b[K^~~~~~~~~~~~~~~~\x1b[m\x1b[K\n'}
[10.971685] (livox_sdk2) StderrLine: {'line': b'\x1b[01m\x1b[K/home/slam/r2_ws/lidar_ws/Livox-SDK2/sdk_core/../3rdparty/rapidjson/rapidjson.h:545:3:\x1b[m\x1b[K \x1b[01;36m\x1b[Knote: \x1b[m\x1b[Kin expansion of macro \xe2\x80\x98\x1b[01m\x1b[KRAPIDJSON_DIAG_PRAGMA\x1b[m\x1b[K\xe2\x80\x99\n'}
[10.971915] (livox_sdk2) StderrLine: {'line': b'  545 |   \x1b[01;36m\x1b[KRAPIDJSON_DIAG_PRAGMA\x1b[m\x1b[K(ignored RAPIDJSON_STRINGIFY(RAPIDJSON_JOIN(-W, x)))\n'}
[10.972144] (livox_sdk2) StderrLine: {'line': b'      |   \x1b[01;36m\x1b[K^~~~~~~~~~~~~~~~~~~~~\x1b[m\x1b[K\n'}
[10.972372] (livox_sdk2) StderrLine: {'line': b'\x1b[01m\x1b[K/home/slam/r2_ws/lidar_ws/Livox-SDK2/sdk_core/../3rdparty/rapidjson/internal/dtoa.h:36:1:\x1b[m\x1b[K \x1b[01;36m\x1b[Knote: \x1b[m\x1b[Kin expansion of macro \xe2\x80\x98\x1b[01m\x1b[KRAPIDJSON_DIAG_OFF\x1b[m\x1b[K\xe2\x80\x99\n'}
[10.972601] (livox_sdk2) StderrLine: {'line': b'   36 | \x1b[01;36m\x1b[KRAPIDJSON_DIAG_OFF\x1b[m\x1b[K(array - bounds)  // some gcc versions generate wrong warnings\n'}
[10.972829] (livox_sdk2) StderrLine: {'line': b'      | \x1b[01;36m\x1b[K^~~~~~~~~~~~~~~~~~\x1b[m\x1b[K\n'}
[10.979973] (livox_sdk2) StderrLine: {'line': b'\x1b[01m\x1b[K/home/slam/r2_ws/lidar_ws/Livox-SDK2/sdk_core/../3rdparty/rapidjson/rapidjson.h:542:29:\x1b[m\x1b[K \x1b[01;36m\x1b[Knote: \x1b[m\x1b[Kdid you mean \xe2\x80\x98\x1b[01m\x1b[K-Warray-bounds\x1b[m\x1b[K\xe2\x80\x99?\n'}
[10.980749] (livox_sdk2) StderrLine: {'line': b'  542 | #define RAPIDJSON_PRAGMA(x) \x1b[01;36m\x1b[K_Pragma\x1b[m\x1b[K(RAPIDJSON_STRINGIFY(x))\n'}
[10.981312] (livox_sdk2) StderrLine: {'line': b'      |                             \x1b[01;36m\x1b[K^~~~~~~\x1b[m\x1b[K\n'}
[10.981827] (livox_sdk2) StderrLine: {'line': b'\x1b[01m\x1b[K/home/slam/r2_ws/lidar_ws/Livox-SDK2/sdk_core/../3rdparty/rapidjson/rapidjson.h:543:34:\x1b[m\x1b[K \x1b[01;36m\x1b[Knote: \x1b[m\x1b[Kin expansion of macro \xe2\x80\x98\x1b[01m\x1b[KRAPIDJSON_PRAGMA\x1b[m\x1b[K\xe2\x80\x99\n'}
[10.982347] (livox_sdk2) StderrLine: {'line': b'  543 | #define RAPIDJSON_DIAG_PRAGMA(x) \x1b[01;36m\x1b[KRAPIDJSON_PRAGMA\x1b[m\x1b[K(GCC diagnostic x)\n'}
[10.982843] (livox_sdk2) StderrLine: {'line': b'      |                                  \x1b[01;36m\x1b[K^~~~~~~~~~~~~~~~\x1b[m\x1b[K\n'}
[10.983347] (livox_sdk2) StderrLine: {'line': b'\x1b[01m\x1b[K/home/slam/r2_ws/lidar_ws/Livox-SDK2/sdk_core/../3rdparty/rapidjson/rapidjson.h:545:3:\x1b[m\x1b[K \x1b[01;36m\x1b[Knote: \x1b[m\x1b[Kin expansion of macro \xe2\x80\x98\x1b[01m\x1b[KRAPIDJSON_DIAG_PRAGMA\x1b[m\x1b[K\xe2\x80\x99\n'}
[10.983850] (livox_sdk2) StderrLine: {'line': b'  545 |   \x1b[01;36m\x1b[KRAPIDJSON_DIAG_PRAGMA\x1b[m\x1b[K(ignored RAPIDJSON_STRINGIFY(RAPIDJSON_JOIN(-W, x)))\n'}
[10.984364] (-) TimerEvent: {}
[10.984824] (livox_sdk2) StderrLine: {'line': b'      |   \x1b[01;36m\x1b[K^~~~~~~~~~~~~~~~~~~~~\x1b[m\x1b[K\n'}
[10.985367] (livox_sdk2) StderrLine: {'line': b'\x1b[01m\x1b[K/home/slam/r2_ws/lidar_ws/Livox-SDK2/sdk_core/../3rdparty/rapidjson/internal/dtoa.h:36:1:\x1b[m\x1b[K \x1b[01;36m\x1b[Knote: \x1b[m\x1b[Kin expansion of macro \xe2\x80\x98\x1b[01m\x1b[KRAPIDJSON_DIAG_OFF\x1b[m\x1b[K\xe2\x80\x99\n'}
[10.985852] (livox_sdk2) StderrLine: {'line': b'   36 | \x1b[01;36m\x1b[KRAPIDJSON_DIAG_OFF\x1b[m\x1b[K(array - bounds)  // some gcc versions generate wrong warnings\n'}
[10.986349] (livox_sdk2) StderrLine: {'line': b'      | \x1b[01;36m\x1b[K^~~~~~~~~~~~~~~~~~\x1b[m\x1b[K\n'}
[10.987895] (livox_ros_driver2) StdoutLine: {'line': b'[ 84%] \x1b[32mBuilding C object CMakeFiles/livox_interfaces2__rosidl_generator_py.dir/rosidl_generator_py/livox_ros_driver2/msg/_custom_msg_s.c.o\x1b[0m\n'}
[10.988027] (livox_ros_driver2) StdoutLine: {'line': b'[ 84%] \x1b[32mBuilding C object CMakeFiles/livox_interfaces2__rosidl_generator_py.dir/rosidl_generator_py/livox_ros_driver2/msg/_custom_point_s.c.o\x1b[0m\n'}
[11.084500] (-) TimerEvent: {}
[11.184980] (-) TimerEvent: {}
[11.287363] (-) TimerEvent: {}
[11.303359] (livox_ros_driver2) StdoutLine: {'line': b'[ 86%] \x1b[32m\x1b[1mLinking C shared library rosidl_generator_py/livox_ros_driver2/liblivox_interfaces2__rosidl_generator_py.so\x1b[0m\n'}
[11.377873] (livox_ros_driver2) StdoutLine: {'line': b'[ 86%] Built target livox_interfaces2__rosidl_generator_py\n'}
[11.389021] (-) TimerEvent: {}
[11.421329] (livox_ros_driver2) StdoutLine: {'line': b'[ 89%] \x1b[32mBuilding C object CMakeFiles/livox_ros_driver2__rosidl_typesupport_fastrtps_c__pyext.dir/rosidl_generator_py/livox_ros_driver2/_livox_ros_driver2_s.ep.rosidl_typesupport_fastrtps_c.c.o\x1b[0m\n'}
[11.421597] (livox_ros_driver2) StdoutLine: {'line': b'[ 89%] \x1b[32mBuilding C object CMakeFiles/livox_ros_driver2__rosidl_typesupport_introspection_c__pyext.dir/rosidl_generator_py/livox_ros_driver2/_livox_ros_driver2_s.ep.rosidl_typesupport_introspection_c.c.o\x1b[0m\n'}
[11.441218] (livox_ros_driver2) StdoutLine: {'line': b'[ 91%] \x1b[32mBuilding C object CMakeFiles/livox_ros_driver2__rosidl_typesupport_c__pyext.dir/rosidl_generator_py/livox_ros_driver2/_livox_ros_driver2_s.ep.rosidl_typesupport_c.c.o\x1b[0m\n'}
[11.491985] (-) TimerEvent: {}
[11.592394] (-) TimerEvent: {}
[11.602238] (livox_ros_driver2) StdoutLine: {'line': b'[ 93%] \x1b[32m\x1b[1mLinking C shared library rosidl_generator_py/livox_ros_driver2/livox_ros_driver2_s__rosidl_typesupport_c.cpython-310-x86_64-linux-gnu.so\x1b[0m\n'}
[11.605694] (livox_ros_driver2) StdoutLine: {'line': b'[ 94%] \x1b[32m\x1b[1mLinking C shared library rosidl_generator_py/livox_ros_driver2/livox_ros_driver2_s__rosidl_typesupport_introspection_c.cpython-310-x86_64-linux-gnu.so\x1b[0m\n'}
[11.666044] (livox_ros_driver2) StdoutLine: {'line': b'[ 96%] \x1b[32m\x1b[1mLinking C shared library rosidl_generator_py/livox_ros_driver2/livox_ros_driver2_s__rosidl_typesupport_fastrtps_c.cpython-310-x86_64-linux-gnu.so\x1b[0m\n'}
[11.675059] (livox_ros_driver2) StdoutLine: {'line': b'[ 96%] Built target livox_ros_driver2__rosidl_typesupport_c__pyext\n'}
[11.681971] (livox_ros_driver2) StdoutLine: {'line': b'[ 96%] Built target livox_ros_driver2__rosidl_typesupport_introspection_c__pyext\n'}
[11.692529] (-) TimerEvent: {}
[11.727706] (livox_ros_driver2) StdoutLine: {'line': b'[ 96%] Built target livox_ros_driver2__rosidl_typesupport_fastrtps_c__pyext\n'}
[11.762033] (livox_sdk2) StdoutLine: {'line': b'[ 68%] \x1b[32mBuilding CXX object sdk_core/CMakeFiles/livox_lidar_sdk_static.dir/command_handler/parse_lidar_state_info.cpp.o\x1b[0m\n'}
[11.792657] (-) TimerEvent: {}
[11.893417] (-) TimerEvent: {}
[11.995998] (-) TimerEvent: {}
[11.997728] (livox_sdk2) StdoutLine: {'line': b'[ 69%] \x1b[32mBuilding CXX object sdk_core/CMakeFiles/livox_lidar_sdk_shared.dir/command_handler/build_request.cpp.o\x1b[0m\n'}
[11.998359] (livox_sdk2) StderrLine: {'line': b'In file included from \x1b[01m\x1b[K/home/slam/r2_ws/lidar_ws/Livox-SDK2/sdk_core/../3rdparty/rapidjson/stream.h:19\x1b[m\x1b[K,\n'}
[11.998596] (livox_sdk2) StderrLine: {'line': b'                 from \x1b[01m\x1b[K/home/slam/r2_ws/lidar_ws/Livox-SDK2/sdk_core/../3rdparty/rapidjson/memorystream.h:22\x1b[m\x1b[K,\n'}
[11.998636] (livox_sdk2) StderrLine: {'line': b'                 from \x1b[01m\x1b[K/home/slam/r2_ws/lidar_ws/Livox-SDK2/sdk_core/../3rdparty/rapidjson/encodedstream.h:22\x1b[m\x1b[K,\n'}
[11.998671] (livox_sdk2) StderrLine: {'line': b'                 from \x1b[01m\x1b[K/home/slam/r2_ws/lidar_ws/Livox-SDK2/sdk_core/../3rdparty/rapidjson/document.h:26\x1b[m\x1b[K,\n'}
[11.998703] (livox_sdk2) StderrLine: {'line': b'                 from \x1b[01m\x1b[K/home/slam/r2_ws/lidar_ws/Livox-SDK2/sdk_core/command_handler/parse_lidar_state_info.h:38\x1b[m\x1b[K,\n'}
[11.998735] (livox_sdk2) StderrLine: {'line': b'                 from \x1b[01m\x1b[K/home/slam/r2_ws/lidar_ws/Livox-SDK2/sdk_core/command_handler/hap_command_handler.cpp:37\x1b[m\x1b[K:\n'}
[11.998765] (livox_sdk2) StderrLine: {'line': b'\x1b[01m\x1b[K/home/slam/r2_ws/lidar_ws/Livox-SDK2/sdk_core/../3rdparty/rapidjson/rapidjson.h:542:29:\x1b[m\x1b[K \x1b[01;35m\x1b[Kwarning: \x1b[m\x1b[Kunknown option after \xe2\x80\x98\x1b[01m\x1b[K#pragma GCC diagnostic\x1b[m\x1b[K\xe2\x80\x99 kind [\x1b[01;35m\x1b[K\x1b]8;;https://gcc.gnu.org/onlinedocs/gcc/Warning-Options.html#index-Wpragmas\x07-Wpragmas\x1b]8;;\x07\x1b[m\x1b[K]\n'}
[11.998807] (livox_sdk2) StderrLine: {'line': b'  542 | #define RAPIDJSON_PRAGMA(x) \x1b[01;35m\x1b[K_Pragma\x1b[m\x1b[K(RAPIDJSON_STRINGIFY(x))\n'}
[11.998838] (livox_sdk2) StderrLine: {'line': b'      |                             \x1b[01;35m\x1b[K^~~~~~~\x1b[m\x1b[K\n'}
[11.998874] (livox_sdk2) StderrLine: {'line': b'\x1b[01m\x1b[K/home/slam/r2_ws/lidar_ws/Livox-SDK2/sdk_core/../3rdparty/rapidjson/rapidjson.h:543:34:\x1b[m\x1b[K \x1b[01;36m\x1b[Knote: \x1b[m\x1b[Kin expansion of macro \xe2\x80\x98\x1b[01m\x1b[KRAPIDJSON_PRAGMA\x1b[m\x1b[K\xe2\x80\x99\n'}
[12.000617] (livox_sdk2) StderrLine: {'line': b'  543 | #define RAPIDJSON_DIAG_PRAGMA(x) \x1b[01;36m\x1b[KRAPIDJSON_PRAGMA\x1b[m\x1b[K(GCC diagnostic x)\n'}
[12.000655] (livox_sdk2) StderrLine: {'line': b'      |                                  \x1b[01;36m\x1b[K^~~~~~~~~~~~~~~~\x1b[m\x1b[K\n'}
[12.000688] (livox_sdk2) StderrLine: {'line': b'\x1b[01m\x1b[K/home/slam/r2_ws/lidar_ws/Livox-SDK2/sdk_core/../3rdparty/rapidjson/rapidjson.h:545:3:\x1b[m\x1b[K \x1b[01;36m\x1b[Knote: \x1b[m\x1b[Kin expansion of macro \xe2\x80\x98\x1b[01m\x1b[KRAPIDJSON_DIAG_PRAGMA\x1b[m\x1b[K\xe2\x80\x99\n'}
[12.000720] (livox_sdk2) StderrLine: {'line': b'  545 |   \x1b[01;36m\x1b[KRAPIDJSON_DIAG_PRAGMA\x1b[m\x1b[K(ignored RAPIDJSON_STRINGIFY(RAPIDJSON_JOIN(-W, x)))\n'}
[12.000751] (livox_sdk2) StderrLine: {'line': b'      |   \x1b[01;36m\x1b[K^~~~~~~~~~~~~~~~~~~~~\x1b[m\x1b[K\n'}
[12.000781] (livox_sdk2) StderrLine: {'line': b'\x1b[01m\x1b[K/home/slam/r2_ws/lidar_ws/Livox-SDK2/sdk_core/../3rdparty/rapidjson/internal/dtoa.h:36:1:\x1b[m\x1b[K \x1b[01;36m\x1b[Knote: \x1b[m\x1b[Kin expansion of macro \xe2\x80\x98\x1b[01m\x1b[KRAPIDJSON_DIAG_OFF\x1b[m\x1b[K\xe2\x80\x99\n'}
[12.000814] (livox_sdk2) StderrLine: {'line': b'   36 | \x1b[01;36m\x1b[KRAPIDJSON_DIAG_OFF\x1b[m\x1b[K(array - bounds)  // some gcc versions generate wrong warnings\n'}
[12.000846] (livox_sdk2) StderrLine: {'line': b'      | \x1b[01;36m\x1b[K^~~~~~~~~~~~~~~~~~\x1b[m\x1b[K\n'}
[12.004057] (livox_sdk2) StderrLine: {'line': b'\x1b[01m\x1b[K/home/slam/r2_ws/lidar_ws/Livox-SDK2/sdk_core/../3rdparty/rapidjson/rapidjson.h:542:29:\x1b[m\x1b[K \x1b[01;36m\x1b[Knote: \x1b[m\x1b[Kdid you mean \xe2\x80\x98\x1b[01m\x1b[K-Warray-bounds\x1b[m\x1b[K\xe2\x80\x99?\n'}
[12.004443] (livox_sdk2) StderrLine: {'line': b'  542 | #define RAPIDJSON_PRAGMA(x) \x1b[01;36m\x1b[K_Pragma\x1b[m\x1b[K(RAPIDJSON_STRINGIFY(x))\n'}
[12.004688] (livox_sdk2) StderrLine: {'line': b'      |                             \x1b[01;36m\x1b[K^~~~~~~\x1b[m\x1b[K\n'}
[12.004936] (livox_sdk2) StderrLine: {'line': b'\x1b[01m\x1b[K/home/slam/r2_ws/lidar_ws/Livox-SDK2/sdk_core/../3rdparty/rapidjson/rapidjson.h:543:34:\x1b[m\x1b[K \x1b[01;36m\x1b[Knote: \x1b[m\x1b[Kin expansion of macro \xe2\x80\x98\x1b[01m\x1b[KRAPIDJSON_PRAGMA\x1b[m\x1b[K\xe2\x80\x99\n'}
[12.005171] (livox_sdk2) StderrLine: {'line': b'  543 | #define RAPIDJSON_DIAG_PRAGMA(x) \x1b[01;36m\x1b[KRAPIDJSON_PRAGMA\x1b[m\x1b[K(GCC diagnostic x)\n'}
[12.005404] (livox_sdk2) StderrLine: {'line': b'      |                                  \x1b[01;36m\x1b[K^~~~~~~~~~~~~~~~\x1b[m\x1b[K\n'}
[12.005588] (livox_sdk2) StderrLine: {'line': b'\x1b[01m\x1b[K/home/slam/r2_ws/lidar_ws/Livox-SDK2/sdk_core/../3rdparty/rapidjson/rapidjson.h:545:3:\x1b[m\x1b[K \x1b[01;36m\x1b[Knote: \x1b[m\x1b[Kin expansion of macro \xe2\x80\x98\x1b[01m\x1b[KRAPIDJSON_DIAG_PRAGMA\x1b[m\x1b[K\xe2\x80\x99\n'}
[12.005629] (livox_sdk2) StderrLine: {'line': b'  545 |   \x1b[01;36m\x1b[KRAPIDJSON_DIAG_PRAGMA\x1b[m\x1b[K(ignored RAPIDJSON_STRINGIFY(RAPIDJSON_JOIN(-W, x)))\n'}
[12.005665] (livox_sdk2) StderrLine: {'line': b'      |   \x1b[01;36m\x1b[K^~~~~~~~~~~~~~~~~~~~~\x1b[m\x1b[K\n'}
[12.005697] (livox_sdk2) StderrLine: {'line': b'\x1b[01m\x1b[K/home/slam/r2_ws/lidar_ws/Livox-SDK2/sdk_core/../3rdparty/rapidjson/internal/dtoa.h:36:1:\x1b[m\x1b[K \x1b[01;36m\x1b[Knote: \x1b[m\x1b[Kin expansion of macro \xe2\x80\x98\x1b[01m\x1b[KRAPIDJSON_DIAG_OFF\x1b[m\x1b[K\xe2\x80\x99\n'}
[12.005731] (livox_sdk2) StderrLine: {'line': b'   36 | \x1b[01;36m\x1b[KRAPIDJSON_DIAG_OFF\x1b[m\x1b[K(array - bounds)  // some gcc versions generate wrong warnings\n'}
[12.005763] (livox_sdk2) StderrLine: {'line': b'      | \x1b[01;36m\x1b[K^~~~~~~~~~~~~~~~~~\x1b[m\x1b[K\n'}
[12.096108] (-) TimerEvent: {}
[12.196703] (-) TimerEvent: {}
[12.297225] (-) TimerEvent: {}
[12.334016] (livox_sdk2) StderrLine: {'line': b'In file included from \x1b[01m\x1b[K/home/slam/r2_ws/lidar_ws/Livox-SDK2/sdk_core/../3rdparty/rapidjson/stream.h:19\x1b[m\x1b[K,\n'}
[12.334239] (livox_sdk2) StderrLine: {'line': b'                 from \x1b[01m\x1b[K/home/slam/r2_ws/lidar_ws/Livox-SDK2/sdk_core/../3rdparty/rapidjson/memorystream.h:22\x1b[m\x1b[K,\n'}
[12.334287] (livox_sdk2) StderrLine: {'line': b'                 from \x1b[01m\x1b[K/home/slam/r2_ws/lidar_ws/Livox-SDK2/sdk_core/../3rdparty/rapidjson/encodedstream.h:22\x1b[m\x1b[K,\n'}
[12.334322] (livox_sdk2) StderrLine: {'line': b'                 from \x1b[01m\x1b[K/home/slam/r2_ws/lidar_ws/Livox-SDK2/sdk_core/../3rdparty/rapidjson/document.h:26\x1b[m\x1b[K,\n'}
[12.334356] (livox_sdk2) StderrLine: {'line': b'                 from \x1b[01m\x1b[K/home/slam/r2_ws/lidar_ws/Livox-SDK2/sdk_core/command_handler/parse_lidar_state_info.h:38\x1b[m\x1b[K,\n'}
[12.334388] (livox_sdk2) StderrLine: {'line': b'                 from \x1b[01m\x1b[K/home/slam/r2_ws/lidar_ws/Livox-SDK2/sdk_core/command_handler/mid360_command_handler.cpp:37\x1b[m\x1b[K:\n'}
[12.334422] (livox_sdk2) StderrLine: {'line': b'\x1b[01m\x1b[K/home/slam/r2_ws/lidar_ws/Livox-SDK2/sdk_core/../3rdparty/rapidjson/rapidjson.h:542:29:\x1b[m\x1b[K \x1b[01;35m\x1b[Kwarning: \x1b[m\x1b[Kunknown option after \xe2\x80\x98\x1b[01m\x1b[K#pragma GCC diagnostic\x1b[m\x1b[K\xe2\x80\x99 kind [\x1b[01;35m\x1b[K\x1b]8;;https://gcc.gnu.org/onlinedocs/gcc/Warning-Options.html#index-Wpragmas\x07-Wpragmas\x1b]8;;\x07\x1b[m\x1b[K]\n'}
[12.334462] (livox_sdk2) StderrLine: {'line': b'  542 | #define RAPIDJSON_PRAGMA(x) \x1b[01;35m\x1b[K_Pragma\x1b[m\x1b[K(RAPIDJSON_STRINGIFY(x))\n'}
[12.334496] (livox_sdk2) StderrLine: {'line': b'      |                             \x1b[01;35m\x1b[K^~~~~~~\x1b[m\x1b[K\n'}
[12.334526] (livox_sdk2) StderrLine: {'line': b'\x1b[01m\x1b[K/home/slam/r2_ws/lidar_ws/Livox-SDK2/sdk_core/../3rdparty/rapidjson/rapidjson.h:543:34:\x1b[m\x1b[K \x1b[01;36m\x1b[Knote: \x1b[m\x1b[Kin expansion of macro \xe2\x80\x98\x1b[01m\x1b[KRAPIDJSON_PRAGMA\x1b[m\x1b[K\xe2\x80\x99\n'}
[12.334560] (livox_sdk2) StderrLine: {'line': b'  543 | #define RAPIDJSON_DIAG_PRAGMA(x) \x1b[01;36m\x1b[KRAPIDJSON_PRAGMA\x1b[m\x1b[K(GCC diagnostic x)\n'}
[12.334602] (livox_sdk2) StderrLine: {'line': b'      |                                  \x1b[01;36m\x1b[K^~~~~~~~~~~~~~~~\x1b[m\x1b[K\n'}
[12.334633] (livox_sdk2) StderrLine: {'line': b'\x1b[01m\x1b[K/home/slam/r2_ws/lidar_ws/Livox-SDK2/sdk_core/../3rdparty/rapidjson/rapidjson.h:545:3:\x1b[m\x1b[K \x1b[01;36m\x1b[Knote: \x1b[m\x1b[Kin expansion of macro \xe2\x80\x98\x1b[01m\x1b[KRAPIDJSON_DIAG_PRAGMA\x1b[m\x1b[K\xe2\x80\x99\n'}
[12.334668] (livox_sdk2) StderrLine: {'line': b'  545 |   \x1b[01;36m\x1b[KRAPIDJSON_DIAG_PRAGMA\x1b[m\x1b[K(ignored RAPIDJSON_STRINGIFY(RAPIDJSON_JOIN(-W, x)))\n'}
[12.334700] (livox_sdk2) StderrLine: {'line': b'      |   \x1b[01;36m\x1b[K^~~~~~~~~~~~~~~~~~~~~\x1b[m\x1b[K\n'}
[12.334730] (livox_sdk2) StderrLine: {'line': b'\x1b[01m\x1b[K/home/slam/r2_ws/lidar_ws/Livox-SDK2/sdk_core/../3rdparty/rapidjson/internal/dtoa.h:36:1:\x1b[m\x1b[K \x1b[01;36m\x1b[Knote: \x1b[m\x1b[Kin expansion of macro \xe2\x80\x98\x1b[01m\x1b[KRAPIDJSON_DIAG_OFF\x1b[m\x1b[K\xe2\x80\x99\n'}
[12.334761] (livox_sdk2) StderrLine: {'line': b'   36 | \x1b[01;36m\x1b[KRAPIDJSON_DIAG_OFF\x1b[m\x1b[K(array - bounds)  // some gcc versions generate wrong warnings\n'}
[12.334792] (livox_sdk2) StderrLine: {'line': b'      | \x1b[01;36m\x1b[K^~~~~~~~~~~~~~~~~~\x1b[m\x1b[K\n'}
[12.345963] (livox_sdk2) StderrLine: {'line': b'\x1b[01m\x1b[K/home/slam/r2_ws/lidar_ws/Livox-SDK2/sdk_core/../3rdparty/rapidjson/rapidjson.h:542:29:\x1b[m\x1b[K \x1b[01;36m\x1b[Knote: \x1b[m\x1b[Kdid you mean \xe2\x80\x98\x1b[01m\x1b[K-Warray-bounds\x1b[m\x1b[K\xe2\x80\x99?\n'}
[12.346194] (livox_sdk2) StderrLine: {'line': b'  542 | #define RAPIDJSON_PRAGMA(x) \x1b[01;36m\x1b[K_Pragma\x1b[m\x1b[K(RAPIDJSON_STRINGIFY(x))\n'}
[12.346240] (livox_sdk2) StderrLine: {'line': b'      |                             \x1b[01;36m\x1b[K^~~~~~~\x1b[m\x1b[K\n'}
[12.346277] (livox_sdk2) StderrLine: {'line': b'\x1b[01m\x1b[K/home/slam/r2_ws/lidar_ws/Livox-SDK2/sdk_core/../3rdparty/rapidjson/rapidjson.h:543:34:\x1b[m\x1b[K \x1b[01;36m\x1b[Knote: \x1b[m\x1b[Kin expansion of macro \xe2\x80\x98\x1b[01m\x1b[KRAPIDJSON_PRAGMA\x1b[m\x1b[K\xe2\x80\x99\n'}
[12.346313] (livox_sdk2) StderrLine: {'line': b'  543 | #define RAPIDJSON_DIAG_PRAGMA(x) \x1b[01;36m\x1b[KRAPIDJSON_PRAGMA\x1b[m\x1b[K(GCC diagnostic x)\n'}
[12.346345] (livox_sdk2) StderrLine: {'line': b'      |                                  \x1b[01;36m\x1b[K^~~~~~~~~~~~~~~~\x1b[m\x1b[K\n'}
[12.346378] (livox_sdk2) StderrLine: {'line': b'\x1b[01m\x1b[K/home/slam/r2_ws/lidar_ws/Livox-SDK2/sdk_core/../3rdparty/rapidjson/rapidjson.h:545:3:\x1b[m\x1b[K \x1b[01;36m\x1b[Knote: \x1b[m\x1b[Kin expansion of macro \xe2\x80\x98\x1b[01m\x1b[KRAPIDJSON_DIAG_PRAGMA\x1b[m\x1b[K\xe2\x80\x99\n'}
[12.346409] (livox_sdk2) StderrLine: {'line': b'  545 |   \x1b[01;36m\x1b[KRAPIDJSON_DIAG_PRAGMA\x1b[m\x1b[K(ignored RAPIDJSON_STRINGIFY(RAPIDJSON_JOIN(-W, x)))\n'}
[12.346440] (livox_sdk2) StderrLine: {'line': b'      |   \x1b[01;36m\x1b[K^~~~~~~~~~~~~~~~~~~~~\x1b[m\x1b[K\n'}
[12.346472] (livox_sdk2) StderrLine: {'line': b'\x1b[01m\x1b[K/home/slam/r2_ws/lidar_ws/Livox-SDK2/sdk_core/../3rdparty/rapidjson/internal/dtoa.h:36:1:\x1b[m\x1b[K \x1b[01;36m\x1b[Knote: \x1b[m\x1b[Kin expansion of macro \xe2\x80\x98\x1b[01m\x1b[KRAPIDJSON_DIAG_OFF\x1b[m\x1b[K\xe2\x80\x99\n'}
[12.346511] (livox_sdk2) StderrLine: {'line': b'   36 | \x1b[01;36m\x1b[KRAPIDJSON_DIAG_OFF\x1b[m\x1b[K(array - bounds)  // some gcc versions generate wrong warnings\n'}
[12.346544] (livox_sdk2) StderrLine: {'line': b'      | \x1b[01;36m\x1b[K^~~~~~~~~~~~~~~~~~\x1b[m\x1b[K\n'}
[12.383146] (livox_sdk2) StderrLine: {'line': b'In file included from \x1b[01m\x1b[K/home/slam/r2_ws/lidar_ws/Livox-SDK2/sdk_core/../3rdparty/rapidjson/stream.h:19\x1b[m\x1b[K,\n'}
[12.383342] (livox_sdk2) StderrLine: {'line': b'                 from \x1b[01m\x1b[K/home/slam/r2_ws/lidar_ws/Livox-SDK2/sdk_core/../3rdparty/rapidjson/memorystream.h:22\x1b[m\x1b[K,\n'}
[12.383392] (livox_sdk2) StderrLine: {'line': b'                 from \x1b[01m\x1b[K/home/slam/r2_ws/lidar_ws/Livox-SDK2/sdk_core/../3rdparty/rapidjson/encodedstream.h:22\x1b[m\x1b[K,\n'}
[12.383437] (livox_sdk2) StderrLine: {'line': b'                 from \x1b[01m\x1b[K/home/slam/r2_ws/lidar_ws/Livox-SDK2/sdk_core/../3rdparty/rapidjson/document.h:26\x1b[m\x1b[K,\n'}
[12.383470] (livox_sdk2) StderrLine: {'line': b'                 from \x1b[01m\x1b[K/home/slam/r2_ws/lidar_ws/Livox-SDK2/sdk_core/command_handler/parse_lidar_state_info.h:38\x1b[m\x1b[K,\n'}
[12.383503] (livox_sdk2) StderrLine: {'line': b'                 from \x1b[01m\x1b[K/home/slam/r2_ws/lidar_ws/Livox-SDK2/sdk_core/command_handler/parse_lidar_state_info.cpp:2\x1b[m\x1b[K:\n'}
[12.383533] (livox_sdk2) StderrLine: {'line': b'\x1b[01m\x1b[K/home/slam/r2_ws/lidar_ws/Livox-SDK2/sdk_core/../3rdparty/rapidjson/rapidjson.h:542:29:\x1b[m\x1b[K \x1b[01;35m\x1b[Kwarning: \x1b[m\x1b[Kunknown option after \xe2\x80\x98\x1b[01m\x1b[K#pragma GCC diagnostic\x1b[m\x1b[K\xe2\x80\x99 kind [\x1b[01;35m\x1b[K\x1b]8;;https://gcc.gnu.org/onlinedocs/gcc/Warning-Options.html#index-Wpragmas\x07-Wpragmas\x1b]8;;\x07\x1b[m\x1b[K]\n'}
[12.383569] (livox_sdk2) StderrLine: {'line': b'  542 | #define RAPIDJSON_PRAGMA(x) \x1b[01;35m\x1b[K_Pragma\x1b[m\x1b[K(RAPIDJSON_STRINGIFY(x))\n'}
[12.383600] (livox_sdk2) StderrLine: {'line': b'      |                             \x1b[01;35m\x1b[K^~~~~~~\x1b[m\x1b[K\n'}
[12.383631] (livox_sdk2) StderrLine: {'line': b'\x1b[01m\x1b[K/home/slam/r2_ws/lidar_ws/Livox-SDK2/sdk_core/../3rdparty/rapidjson/rapidjson.h:543:34:\x1b[m\x1b[K \x1b[01;36m\x1b[Knote: \x1b[m\x1b[Kin expansion of macro \xe2\x80\x98\x1b[01m\x1b[KRAPIDJSON_PRAGMA\x1b[m\x1b[K\xe2\x80\x99\n'}
[12.383664] (livox_sdk2) StderrLine: {'line': b'  543 | #define RAPIDJSON_DIAG_PRAGMA(x) \x1b[01;36m\x1b[KRAPIDJSON_PRAGMA\x1b[m\x1b[K(GCC diagnostic x)\n'}
[12.383697] (livox_sdk2) StderrLine: {'line': b'      |                                  \x1b[01;36m\x1b[K^~~~~~~~~~~~~~~~\x1b[m\x1b[K\n'}
[12.383729] (livox_sdk2) StderrLine: {'line': b'\x1b[01m\x1b[K/home/slam/r2_ws/lidar_ws/Livox-SDK2/sdk_core/../3rdparty/rapidjson/rapidjson.h:545:3:\x1b[m\x1b[K \x1b[01;36m\x1b[Knote: \x1b[m\x1b[Kin expansion of macro \xe2\x80\x98\x1b[01m\x1b[KRAPIDJSON_DIAG_PRAGMA\x1b[m\x1b[K\xe2\x80\x99\n'}
[12.383760] (livox_sdk2) StderrLine: {'line': b'  545 |   \x1b[01;36m\x1b[KRAPIDJSON_DIAG_PRAGMA\x1b[m\x1b[K(ignored RAPIDJSON_STRINGIFY(RAPIDJSON_JOIN(-W, x)))\n'}
[12.383792] (livox_sdk2) StderrLine: {'line': b'      |   \x1b[01;36m\x1b[K^~~~~~~~~~~~~~~~~~~~~\x1b[m\x1b[K\n'}
[12.383822] (livox_sdk2) StderrLine: {'line': b'\x1b[01m\x1b[K/home/slam/r2_ws/lidar_ws/Livox-SDK2/sdk_core/../3rdparty/rapidjson/internal/dtoa.h:36:1:\x1b[m\x1b[K \x1b[01;36m\x1b[Knote: \x1b[m\x1b[Kin expansion of macro \xe2\x80\x98\x1b[01m\x1b[KRAPIDJSON_DIAG_OFF\x1b[m\x1b[K\xe2\x80\x99\n'}
[12.383858] (livox_sdk2) StderrLine: {'line': b'   36 | \x1b[01;36m\x1b[KRAPIDJSON_DIAG_OFF\x1b[m\x1b[K(array - bounds)  // some gcc versions generate wrong warnings\n'}
[12.383897] (livox_sdk2) StderrLine: {'line': b'      | \x1b[01;36m\x1b[K^~~~~~~~~~~~~~~~~~\x1b[m\x1b[K\n'}
[12.389096] (livox_sdk2) StderrLine: {'line': b'\x1b[01m\x1b[K/home/slam/r2_ws/lidar_ws/Livox-SDK2/sdk_core/../3rdparty/rapidjson/rapidjson.h:542:29:\x1b[m\x1b[K \x1b[01;36m\x1b[Knote: \x1b[m\x1b[Kdid you mean \xe2\x80\x98\x1b[01m\x1b[K-Warray-bounds\x1b[m\x1b[K\xe2\x80\x99?\n'}
[12.389312] (livox_sdk2) StderrLine: {'line': b'  542 | #define RAPIDJSON_PRAGMA(x) \x1b[01;36m\x1b[K_Pragma\x1b[m\x1b[K(RAPIDJSON_STRINGIFY(x))\n'}
[12.391940] (livox_sdk2) StderrLine: {'line': b'      |                             \x1b[01;36m\x1b[K^~~~~~~\x1b[m\x1b[K\n'}
[12.392132] (livox_sdk2) StderrLine: {'line': b'\x1b[01m\x1b[K/home/slam/r2_ws/lidar_ws/Livox-SDK2/sdk_core/../3rdparty/rapidjson/rapidjson.h:543:34:\x1b[m\x1b[K \x1b[01;36m\x1b[Knote: \x1b[m\x1b[Kin expansion of macro \xe2\x80\x98\x1b[01m\x1b[KRAPIDJSON_PRAGMA\x1b[m\x1b[K\xe2\x80\x99\n'}
[12.392180] (livox_sdk2) StderrLine: {'line': b'  543 | #define RAPIDJSON_DIAG_PRAGMA(x) \x1b[01;36m\x1b[KRAPIDJSON_PRAGMA\x1b[m\x1b[K(GCC diagnostic x)\n'}
[12.392218] (livox_sdk2) StderrLine: {'line': b'      |                                  \x1b[01;36m\x1b[K^~~~~~~~~~~~~~~~\x1b[m\x1b[K\n'}
[12.392260] (livox_sdk2) StderrLine: {'line': b'\x1b[01m\x1b[K/home/slam/r2_ws/lidar_ws/Livox-SDK2/sdk_core/../3rdparty/rapidjson/rapidjson.h:545:3:\x1b[m\x1b[K \x1b[01;36m\x1b[Knote: \x1b[m\x1b[Kin expansion of macro \xe2\x80\x98\x1b[01m\x1b[KRAPIDJSON_DIAG_PRAGMA\x1b[m\x1b[K\xe2\x80\x99\n'}
[12.392294] (livox_sdk2) StderrLine: {'line': b'  545 |   \x1b[01;36m\x1b[KRAPIDJSON_DIAG_PRAGMA\x1b[m\x1b[K(ignored RAPIDJSON_STRINGIFY(RAPIDJSON_JOIN(-W, x)))\n'}
[12.392326] (livox_sdk2) StderrLine: {'line': b'      |   \x1b[01;36m\x1b[K^~~~~~~~~~~~~~~~~~~~~\x1b[m\x1b[K\n'}
[12.392357] (livox_sdk2) StderrLine: {'line': b'\x1b[01m\x1b[K/home/slam/r2_ws/lidar_ws/Livox-SDK2/sdk_core/../3rdparty/rapidjson/internal/dtoa.h:36:1:\x1b[m\x1b[K \x1b[01;36m\x1b[Knote: \x1b[m\x1b[Kin expansion of macro \xe2\x80\x98\x1b[01m\x1b[KRAPIDJSON_DIAG_OFF\x1b[m\x1b[K\xe2\x80\x99\n'}
[12.392388] (livox_sdk2) StderrLine: {'line': b'   36 | \x1b[01;36m\x1b[KRAPIDJSON_DIAG_OFF\x1b[m\x1b[K(array - bounds)  // some gcc versions generate wrong warnings\n'}
[12.392423] (livox_sdk2) StderrLine: {'line': b'      | \x1b[01;36m\x1b[K^~~~~~~~~~~~~~~~~~\x1b[m\x1b[K\n'}
[12.397342] (-) TimerEvent: {}
[12.429851] (livox_ros_driver2) StdoutLine: {'line': b'[ 98%] \x1b[32m\x1b[1mLinking CXX executable livox_ros_driver2_node\x1b[0m\n'}
[12.497467] (-) TimerEvent: {}
[12.597967] (-) TimerEvent: {}
[12.698496] (-) TimerEvent: {}
[12.801480] (-) TimerEvent: {}
[12.805763] (livox_ros_driver2) StdoutLine: {'line': b'[ 98%] Built target livox_ros_driver2_node\n'}
[12.868236] (livox_sdk2) StdoutLine: {'line': b'[ 70%] \x1b[32mBuilding CXX object sdk_core/CMakeFiles/livox_lidar_sdk_static.dir/command_handler/mid360s_command_handler.cpp.o\x1b[0m\n'}
[12.901601] (-) TimerEvent: {}
[13.001953] (-) TimerEvent: {}
[13.102301] (-) TimerEvent: {}
[13.186292] (livox_sdk2) StdoutLine: {'line': b'[ 71%] \x1b[32mBuilding CXX object sdk_core/CMakeFiles/livox_lidar_sdk_static.dir/command_handler/avia2_command_handler.cpp.o\x1b[0m\n'}
[13.202406] (-) TimerEvent: {}
[13.302964] (-) TimerEvent: {}
[13.405972] (-) TimerEvent: {}
[13.506453] (-) TimerEvent: {}
[13.507636] (livox_sdk2) StdoutLine: {'line': b'[ 72%] \x1b[32mBuilding CXX object sdk_core/CMakeFiles/livox_lidar_sdk_static.dir/debug_point_cloud_handler/debug_point_cloud_manager.cpp.o\x1b[0m\n'}
[13.606569] (-) TimerEvent: {}
[13.707108] (-) TimerEvent: {}
[13.807749] (-) TimerEvent: {}
[13.908754] (-) TimerEvent: {}
[14.011407] (-) TimerEvent: {}
[14.112024] (-) TimerEvent: {}
[14.122178] (livox_sdk2) StderrLine: {'line': b'In file included from \x1b[01m\x1b[K/home/slam/r2_ws/lidar_ws/Livox-SDK2/sdk_core/../3rdparty/rapidjson/stream.h:19\x1b[m\x1b[K,\n'}
[14.122703] (livox_sdk2) StderrLine: {'line': b'                 from \x1b[01m\x1b[K/home/slam/r2_ws/lidar_ws/Livox-SDK2/sdk_core/../3rdparty/rapidjson/memorystream.h:22\x1b[m\x1b[K,\n'}
[14.123022] (livox_sdk2) StderrLine: {'line': b'                 from \x1b[01m\x1b[K/home/slam/r2_ws/lidar_ws/Livox-SDK2/sdk_core/../3rdparty/rapidjson/encodedstream.h:22\x1b[m\x1b[K,\n'}
[14.123159] (livox_sdk2) StderrLine: {'line': b'                 from \x1b[01m\x1b[K/home/slam/r2_ws/lidar_ws/Livox-SDK2/sdk_core/../3rdparty/rapidjson/document.h:26\x1b[m\x1b[K,\n'}
[14.123196] (livox_sdk2) StderrLine: {'line': b'                 from \x1b[01m\x1b[K/home/slam/r2_ws/lidar_ws/Livox-SDK2/sdk_core/command_handler/parse_lidar_state_info.h:38\x1b[m\x1b[K,\n'}
[14.123230] (livox_sdk2) StderrLine: {'line': b'                 from \x1b[01m\x1b[K/home/slam/r2_ws/lidar_ws/Livox-SDK2/sdk_core/command_handler/avia2_command_handler.cpp:37\x1b[m\x1b[K:\n'}
[14.126999] (livox_sdk2) StderrLine: {'line': b'\x1b[01m\x1b[K/home/slam/r2_ws/lidar_ws/Livox-SDK2/sdk_core/../3rdparty/rapidjson/rapidjson.h:542:29:\x1b[m\x1b[K \x1b[01;35m\x1b[Kwarning: \x1b[m\x1b[Kunknown option after \xe2\x80\x98\x1b[01m\x1b[K#pragma GCC diagnostic\x1b[m\x1b[K\xe2\x80\x99 kind [\x1b[01;35m\x1b[K\x1b]8;;https://gcc.gnu.org/onlinedocs/gcc/Warning-Options.html#index-Wpragmas\x07-Wpragmas\x1b]8;;\x07\x1b[m\x1b[K]\n'}
[14.127401] (livox_sdk2) StderrLine: {'line': b'  542 | #define RAPIDJSON_PRAGMA(x) \x1b[01;35m\x1b[K_Pragma\x1b[m\x1b[K(RAPIDJSON_STRINGIFY(x))\n'}
[14.127637] (livox_sdk2) StderrLine: {'line': b'      |                             \x1b[01;35m\x1b[K^~~~~~~\x1b[m\x1b[K\n'}
[14.127770] (livox_sdk2) StderrLine: {'line': b'\x1b[01m\x1b[K/home/slam/r2_ws/lidar_ws/Livox-SDK2/sdk_core/../3rdparty/rapidjson/rapidjson.h:543:34:\x1b[m\x1b[K \x1b[01;36m\x1b[Knote: \x1b[m\x1b[Kin expansion of macro \xe2\x80\x98\x1b[01m\x1b[KRAPIDJSON_PRAGMA\x1b[m\x1b[K\xe2\x80\x99\n'}
[14.127807] (livox_sdk2) StderrLine: {'line': b'  543 | #define RAPIDJSON_DIAG_PRAGMA(x) \x1b[01;36m\x1b[KRAPIDJSON_PRAGMA\x1b[m\x1b[K(GCC diagnostic x)\n'}
[14.127838] (livox_sdk2) StderrLine: {'line': b'      |                                  \x1b[01;36m\x1b[K^~~~~~~~~~~~~~~~\x1b[m\x1b[K\n'}
[14.127870] (livox_sdk2) StderrLine: {'line': b'\x1b[01m\x1b[K/home/slam/r2_ws/lidar_ws/Livox-SDK2/sdk_core/../3rdparty/rapidjson/rapidjson.h:545:3:\x1b[m\x1b[K \x1b[01;36m\x1b[Knote: \x1b[m\x1b[Kin expansion of macro \xe2\x80\x98\x1b[01m\x1b[KRAPIDJSON_DIAG_PRAGMA\x1b[m\x1b[K\xe2\x80\x99\n'}
[14.127910] (livox_sdk2) StderrLine: {'line': b'  545 |   \x1b[01;36m\x1b[KRAPIDJSON_DIAG_PRAGMA\x1b[m\x1b[K(ignored RAPIDJSON_STRINGIFY(RAPIDJSON_JOIN(-W, x)))\n'}
[14.127941] (livox_sdk2) StderrLine: {'line': b'      |   \x1b[01;36m\x1b[K^~~~~~~~~~~~~~~~~~~~~\x1b[m\x1b[K\n'}
[14.127972] (livox_sdk2) StderrLine: {'line': b'\x1b[01m\x1b[K/home/slam/r2_ws/lidar_ws/Livox-SDK2/sdk_core/../3rdparty/rapidjson/internal/dtoa.h:36:1:\x1b[m\x1b[K \x1b[01;36m\x1b[Knote: \x1b[m\x1b[Kin expansion of macro \xe2\x80\x98\x1b[01m\x1b[KRAPIDJSON_DIAG_OFF\x1b[m\x1b[K\xe2\x80\x99\n'}
[14.128003] (livox_sdk2) StderrLine: {'line': b'   36 | \x1b[01;36m\x1b[KRAPIDJSON_DIAG_OFF\x1b[m\x1b[K(array - bounds)  // some gcc versions generate wrong warnings\n'}
[14.128035] (livox_sdk2) StderrLine: {'line': b'      | \x1b[01;36m\x1b[K^~~~~~~~~~~~~~~~~~\x1b[m\x1b[K\n'}
[14.130083] (livox_sdk2) StderrLine: {'line': b'\x1b[01m\x1b[K/home/slam/r2_ws/lidar_ws/Livox-SDK2/sdk_core/../3rdparty/rapidjson/rapidjson.h:542:29:\x1b[m\x1b[K \x1b[01;36m\x1b[Knote: \x1b[m\x1b[Kdid you mean \xe2\x80\x98\x1b[01m\x1b[K-Warray-bounds\x1b[m\x1b[K\xe2\x80\x99?\n'}
[14.130400] (livox_sdk2) StderrLine: {'line': b'  542 | #define RAPIDJSON_PRAGMA(x) \x1b[01;36m\x1b[K_Pragma\x1b[m\x1b[K(RAPIDJSON_STRINGIFY(x))\n'}
[14.130672] (livox_sdk2) StderrLine: {'line': b'      |                             \x1b[01;36m\x1b[K^~~~~~~\x1b[m\x1b[K\n'}
[14.130943] (livox_sdk2) StderrLine: {'line': b'\x1b[01m\x1b[K/home/slam/r2_ws/lidar_ws/Livox-SDK2/sdk_core/../3rdparty/rapidjson/rapidjson.h:543:34:\x1b[m\x1b[K \x1b[01;36m\x1b[Knote: \x1b[m\x1b[Kin expansion of macro \xe2\x80\x98\x1b[01m\x1b[KRAPIDJSON_PRAGMA\x1b[m\x1b[K\xe2\x80\x99\n'}
[14.131203] (livox_sdk2) StderrLine: {'line': b'  543 | #define RAPIDJSON_DIAG_PRAGMA(x) \x1b[01;36m\x1b[KRAPIDJSON_PRAGMA\x1b[m\x1b[K(GCC diagnostic x)\n'}
[14.131458] (livox_sdk2) StderrLine: {'line': b'      |                                  \x1b[01;36m\x1b[K^~~~~~~~~~~~~~~~\x1b[m\x1b[K\n'}
[14.131715] (livox_sdk2) StderrLine: {'line': b'\x1b[01m\x1b[K/home/slam/r2_ws/lidar_ws/Livox-SDK2/sdk_core/../3rdparty/rapidjson/rapidjson.h:545:3:\x1b[m\x1b[K \x1b[01;36m\x1b[Knote: \x1b[m\x1b[Kin expansion of macro \xe2\x80\x98\x1b[01m\x1b[KRAPIDJSON_DIAG_PRAGMA\x1b[m\x1b[K\xe2\x80\x99\n'}
[14.131963] (livox_sdk2) StderrLine: {'line': b'  545 |   \x1b[01;36m\x1b[KRAPIDJSON_DIAG_PRAGMA\x1b[m\x1b[K(ignored RAPIDJSON_STRINGIFY(RAPIDJSON_JOIN(-W, x)))\n'}
[14.132210] (livox_sdk2) StderrLine: {'line': b'      |   \x1b[01;36m\x1b[K^~~~~~~~~~~~~~~~~~~~~\x1b[m\x1b[K\n'}
[14.132472] (livox_sdk2) StderrLine: {'line': b'\x1b[01m\x1b[K/home/slam/r2_ws/lidar_ws/Livox-SDK2/sdk_core/../3rdparty/rapidjson/internal/dtoa.h:36:1:\x1b[m\x1b[K \x1b[01;36m\x1b[Knote: \x1b[m\x1b[Kin expansion of macro \xe2\x80\x98\x1b[01m\x1b[KRAPIDJSON_DIAG_OFF\x1b[m\x1b[K\xe2\x80\x99\n'}
[14.132724] (livox_sdk2) StderrLine: {'line': b'   36 | \x1b[01;36m\x1b[KRAPIDJSON_DIAG_OFF\x1b[m\x1b[K(array - bounds)  // some gcc versions generate wrong warnings\n'}
[14.132983] (livox_sdk2) StderrLine: {'line': b'      | \x1b[01;36m\x1b[K^~~~~~~~~~~~~~~~~~\x1b[m\x1b[K\n'}
[14.212135] (-) TimerEvent: {}
[14.312714] (-) TimerEvent: {}
[14.413313] (-) TimerEvent: {}
[14.516965] (-) TimerEvent: {}
[14.617486] (-) TimerEvent: {}
[14.659961] (livox_sdk2) StderrLine: {'line': b'In file included from \x1b[01m\x1b[K/home/slam/r2_ws/lidar_ws/Livox-SDK2/sdk_core/../3rdparty/rapidjson/stream.h:19\x1b[m\x1b[K,\n'}
[14.660450] (livox_sdk2) StderrLine: {'line': b'                 from \x1b[01m\x1b[K/home/slam/r2_ws/lidar_ws/Livox-SDK2/sdk_core/../3rdparty/rapidjson/memorystream.h:22\x1b[m\x1b[K,\n'}
[14.660693] (livox_sdk2) StderrLine: {'line': b'                 from \x1b[01m\x1b[K/home/slam/r2_ws/lidar_ws/Livox-SDK2/sdk_core/../3rdparty/rapidjson/encodedstream.h:22\x1b[m\x1b[K,\n'}
[14.660930] (livox_sdk2) StderrLine: {'line': b'                 from \x1b[01m\x1b[K/home/slam/r2_ws/lidar_ws/Livox-SDK2/sdk_core/../3rdparty/rapidjson/document.h:26\x1b[m\x1b[K,\n'}
[14.661162] (livox_sdk2) StderrLine: {'line': b'                 from \x1b[01m\x1b[K/home/slam/r2_ws/lidar_ws/Livox-SDK2/sdk_core/command_handler/parse_lidar_state_info.h:38\x1b[m\x1b[K,\n'}
[14.661388] (livox_sdk2) StderrLine: {'line': b'                 from \x1b[01m\x1b[K/home/slam/r2_ws/lidar_ws/Livox-SDK2/sdk_core/command_handler/mid360s_command_handler.cpp:37\x1b[m\x1b[K:\n'}
[14.661616] (livox_sdk2) StderrLine: {'line': b'\x1b[01m\x1b[K/home/slam/r2_ws/lidar_ws/Livox-SDK2/sdk_core/../3rdparty/rapidjson/rapidjson.h:542:29:\x1b[m\x1b[K \x1b[01;35m\x1b[Kwarning: \x1b[m\x1b[Kunknown option after \xe2\x80\x98\x1b[01m\x1b[K#pragma GCC diagnostic\x1b[m\x1b[K\xe2\x80\x99 kind [\x1b[01;35m\x1b[K\x1b]8;;https://gcc.gnu.org/onlinedocs/gcc/Warning-Options.html#index-Wpragmas\x07-Wpragmas\x1b]8;;\x07\x1b[m\x1b[K]\n'}
[14.661848] (livox_sdk2) StderrLine: {'line': b'  542 | #define RAPIDJSON_PRAGMA(x) \x1b[01;35m\x1b[K_Pragma\x1b[m\x1b[K(RAPIDJSON_STRINGIFY(x))\n'}
[14.662081] (livox_sdk2) StderrLine: {'line': b'      |                             \x1b[01;35m\x1b[K^~~~~~~\x1b[m\x1b[K\n'}
[14.662310] (livox_sdk2) StderrLine: {'line': b'\x1b[01m\x1b[K/home/slam/r2_ws/lidar_ws/Livox-SDK2/sdk_core/../3rdparty/rapidjson/rapidjson.h:543:34:\x1b[m\x1b[K \x1b[01;36m\x1b[Knote: \x1b[m\x1b[Kin expansion of macro \xe2\x80\x98\x1b[01m\x1b[KRAPIDJSON_PRAGMA\x1b[m\x1b[K\xe2\x80\x99\n'}
[14.662647] (livox_sdk2) StderrLine: {'line': b'  543 | #define RAPIDJSON_DIAG_PRAGMA(x) \x1b[01;36m\x1b[KRAPIDJSON_PRAGMA\x1b[m\x1b[K(GCC diagnostic x)\n'}
[14.662876] (livox_sdk2) StderrLine: {'line': b'      |                                  \x1b[01;36m\x1b[K^~~~~~~~~~~~~~~~\x1b[m\x1b[K\n'}
[14.663121] (livox_sdk2) StderrLine: {'line': b'\x1b[01m\x1b[K/home/slam/r2_ws/lidar_ws/Livox-SDK2/sdk_core/../3rdparty/rapidjson/rapidjson.h:545:3:\x1b[m\x1b[K \x1b[01;36m\x1b[Knote: \x1b[m\x1b[Kin expansion of macro \xe2\x80\x98\x1b[01m\x1b[KRAPIDJSON_DIAG_PRAGMA\x1b[m\x1b[K\xe2\x80\x99\n'}
[14.663360] (livox_sdk2) StderrLine: {'line': b'  545 |   \x1b[01;36m\x1b[KRAPIDJSON_DIAG_PRAGMA\x1b[m\x1b[K(ignored RAPIDJSON_STRINGIFY(RAPIDJSON_JOIN(-W, x)))\n'}
[14.663601] (livox_sdk2) StderrLine: {'line': b'      |   \x1b[01;36m\x1b[K^~~~~~~~~~~~~~~~~~~~~\x1b[m\x1b[K\n'}
[14.663838] (livox_sdk2) StderrLine: {'line': b'\x1b[01m\x1b[K/home/slam/r2_ws/lidar_ws/Livox-SDK2/sdk_core/../3rdparty/rapidjson/internal/dtoa.h:36:1:\x1b[m\x1b[K \x1b[01;36m\x1b[Knote: \x1b[m\x1b[Kin expansion of macro \xe2\x80\x98\x1b[01m\x1b[KRAPIDJSON_DIAG_OFF\x1b[m\x1b[K\xe2\x80\x99\n'}
[14.664078] (livox_sdk2) StderrLine: {'line': b'   36 | \x1b[01;36m\x1b[KRAPIDJSON_DIAG_OFF\x1b[m\x1b[K(array - bounds)  // some gcc versions generate wrong warnings\n'}
[14.664311] (livox_sdk2) StderrLine: {'line': b'      | \x1b[01;36m\x1b[K^~~~~~~~~~~~~~~~~~\x1b[m\x1b[K\n'}
[14.664540] (livox_sdk2) StderrLine: {'line': b'\x1b[01m\x1b[K/home/slam/r2_ws/lidar_ws/Livox-SDK2/sdk_core/../3rdparty/rapidjson/rapidjson.h:542:29:\x1b[m\x1b[K \x1b[01;36m\x1b[Knote: \x1b[m\x1b[Kdid you mean \xe2\x80\x98\x1b[01m\x1b[K-Warray-bounds\x1b[m\x1b[K\xe2\x80\x99?\n'}
[14.664785] (livox_sdk2) StderrLine: {'line': b'  542 | #define RAPIDJSON_PRAGMA(x) \x1b[01;36m\x1b[K_Pragma\x1b[m\x1b[K(RAPIDJSON_STRINGIFY(x))\n'}
[14.665024] (livox_sdk2) StderrLine: {'line': b'      |                             \x1b[01;36m\x1b[K^~~~~~~\x1b[m\x1b[K\n'}
[14.665256] (livox_sdk2) StderrLine: {'line': b'\x1b[01m\x1b[K/home/slam/r2_ws/lidar_ws/Livox-SDK2/sdk_core/../3rdparty/rapidjson/rapidjson.h:543:34:\x1b[m\x1b[K \x1b[01;36m\x1b[Knote: \x1b[m\x1b[Kin expansion of macro \xe2\x80\x98\x1b[01m\x1b[KRAPIDJSON_PRAGMA\x1b[m\x1b[K\xe2\x80\x99\n'}
[14.665487] (livox_sdk2) StderrLine: {'line': b'  543 | #define RAPIDJSON_DIAG_PRAGMA(x) \x1b[01;36m\x1b[KRAPIDJSON_PRAGMA\x1b[m\x1b[K(GCC diagnostic x)\n'}
[14.665714] (livox_sdk2) StderrLine: {'line': b'      |                                  \x1b[01;36m\x1b[K^~~~~~~~~~~~~~~~\x1b[m\x1b[K\n'}
[14.665950] (livox_sdk2) StderrLine: {'line': b'\x1b[01m\x1b[K/home/slam/r2_ws/lidar_ws/Livox-SDK2/sdk_core/../3rdparty/rapidjson/rapidjson.h:545:3:\x1b[m\x1b[K \x1b[01;36m\x1b[Knote: \x1b[m\x1b[Kin expansion of macro \xe2\x80\x98\x1b[01m\x1b[KRAPIDJSON_DIAG_PRAGMA\x1b[m\x1b[K\xe2\x80\x99\n'}
[14.666184] (livox_sdk2) StderrLine: {'line': b'  545 |   \x1b[01;36m\x1b[KRAPIDJSON_DIAG_PRAGMA\x1b[m\x1b[K(ignored RAPIDJSON_STRINGIFY(RAPIDJSON_JOIN(-W, x)))\n'}
[14.666414] (livox_sdk2) StderrLine: {'line': b'      |   \x1b[01;36m\x1b[K^~~~~~~~~~~~~~~~~~~~~\x1b[m\x1b[K\n'}
[14.666637] (livox_sdk2) StderrLine: {'line': b'\x1b[01m\x1b[K/home/slam/r2_ws/lidar_ws/Livox-SDK2/sdk_core/../3rdparty/rapidjson/internal/dtoa.h:36:1:\x1b[m\x1b[K \x1b[01;36m\x1b[Knote: \x1b[m\x1b[Kin expansion of macro \xe2\x80\x98\x1b[01m\x1b[KRAPIDJSON_DIAG_OFF\x1b[m\x1b[K\xe2\x80\x99\n'}
[14.666863] (livox_sdk2) StderrLine: {'line': b'   36 | \x1b[01;36m\x1b[KRAPIDJSON_DIAG_OFF\x1b[m\x1b[K(array - bounds)  // some gcc versions generate wrong warnings\n'}
[14.667094] (livox_sdk2) StderrLine: {'line': b'      | \x1b[01;36m\x1b[K^~~~~~~~~~~~~~~~~~\x1b[m\x1b[K\n'}
[14.696779] (livox_sdk2) StdoutLine: {'line': b'[ 73%] \x1b[32mBuilding CXX object sdk_core/CMakeFiles/livox_lidar_sdk_static.dir/debug_point_cloud_handler/debug_point_cloud_handler.cpp.o\x1b[0m\n'}
[14.717595] (-) TimerEvent: {}
[14.818033] (-) TimerEvent: {}
[14.918514] (-) TimerEvent: {}
[14.928087] (livox_sdk2) StdoutLine: {'line': b'[ 74%] \x1b[32mBuilding CXX object sdk_core/CMakeFiles/livox_lidar_sdk_shared.dir/command_handler/parse_lidar_state_info.cpp.o\x1b[0m\n'}
[15.018613] (-) TimerEvent: {}
[15.119038] (-) TimerEvent: {}
[15.204943] (livox_sdk2) StderrLine: {'line': b'In file included from \x1b[01m\x1b[K/home/slam/r2_ws/lidar_ws/Livox-SDK2/sdk_core/../3rdparty/rapidjson/stream.h:19\x1b[m\x1b[K,\n'}
[15.205406] (livox_sdk2) StderrLine: {'line': b'                 from \x1b[01m\x1b[K/home/slam/r2_ws/lidar_ws/Livox-SDK2/sdk_core/../3rdparty/rapidjson/memorystream.h:22\x1b[m\x1b[K,\n'}
[15.205668] (livox_sdk2) StderrLine: {'line': b'                 from \x1b[01m\x1b[K/home/slam/r2_ws/lidar_ws/Livox-SDK2/sdk_core/../3rdparty/rapidjson/encodedstream.h:22\x1b[m\x1b[K,\n'}
[15.205921] (livox_sdk2) StderrLine: {'line': b'                 from \x1b[01m\x1b[K/home/slam/r2_ws/lidar_ws/Livox-SDK2/sdk_core/../3rdparty/rapidjson/document.h:26\x1b[m\x1b[K,\n'}
[15.206169] (livox_sdk2) StderrLine: {'line': b'                 from \x1b[01m\x1b[K/home/slam/r2_ws/lidar_ws/Livox-SDK2/sdk_core/command_handler/parse_lidar_state_info.h:38\x1b[m\x1b[K,\n'}
[15.206403] (livox_sdk2) StderrLine: {'line': b'                 from \x1b[01m\x1b[K/home/slam/r2_ws/lidar_ws/Livox-SDK2/sdk_core/command_handler/parse_lidar_state_info.cpp:2\x1b[m\x1b[K:\n'}
[15.208363] (livox_sdk2) StderrLine: {'line': b'\x1b[01m\x1b[K/home/slam/r2_ws/lidar_ws/Livox-SDK2/sdk_core/../3rdparty/rapidjson/rapidjson.h:542:29:\x1b[m\x1b[K \x1b[01;35m\x1b[Kwarning: \x1b[m\x1b[Kunknown option after \xe2\x80\x98\x1b[01m\x1b[K#pragma GCC diagnostic\x1b[m\x1b[K\xe2\x80\x99 kind [\x1b[01;35m\x1b[K\x1b]8;;https://gcc.gnu.org/onlinedocs/gcc/Warning-Options.html#index-Wpragmas\x07-Wpragmas\x1b]8;;\x07\x1b[m\x1b[K]\n'}
[15.208624] (livox_sdk2) StderrLine: {'line': b'  542 | #define RAPIDJSON_PRAGMA(x) \x1b[01;35m\x1b[K_Pragma\x1b[m\x1b[K(RAPIDJSON_STRINGIFY(x))\n'}
[15.208855] (livox_sdk2) StderrLine: {'line': b'      |                             \x1b[01;35m\x1b[K^~~~~~~\x1b[m\x1b[K\n'}
[15.209092] (livox_sdk2) StderrLine: {'line': b'\x1b[01m\x1b[K/home/slam/r2_ws/lidar_ws/Livox-SDK2/sdk_core/../3rdparty/rapidjson/rapidjson.h:543:34:\x1b[m\x1b[K \x1b[01;36m\x1b[Knote: \x1b[m\x1b[Kin expansion of macro \xe2\x80\x98\x1b[01m\x1b[KRAPIDJSON_PRAGMA\x1b[m\x1b[K\xe2\x80\x99\n'}
[15.209321] (livox_sdk2) StderrLine: {'line': b'  543 | #define RAPIDJSON_DIAG_PRAGMA(x) \x1b[01;36m\x1b[KRAPIDJSON_PRAGMA\x1b[m\x1b[K(GCC diagnostic x)\n'}
[15.209552] (livox_sdk2) StderrLine: {'line': b'      |                                  \x1b[01;36m\x1b[K^~~~~~~~~~~~~~~~\x1b[m\x1b[K\n'}
[15.209781] (livox_sdk2) StderrLine: {'line': b'\x1b[01m\x1b[K/home/slam/r2_ws/lidar_ws/Livox-SDK2/sdk_core/../3rdparty/rapidjson/rapidjson.h:545:3:\x1b[m\x1b[K \x1b[01;36m\x1b[Knote: \x1b[m\x1b[Kin expansion of macro \xe2\x80\x98\x1b[01m\x1b[KRAPIDJSON_DIAG_PRAGMA\x1b[m\x1b[K\xe2\x80\x99\n'}
[15.209922] (livox_sdk2) StderrLine: {'line': b'  545 |   \x1b[01;36m\x1b[KRAPIDJSON_DIAG_PRAGMA\x1b[m\x1b[K(ignored RAPIDJSON_STRINGIFY(RAPIDJSON_JOIN(-W, x)))\n'}
[15.209959] (livox_sdk2) StderrLine: {'line': b'      |   \x1b[01;36m\x1b[K^~~~~~~~~~~~~~~~~~~~~\x1b[m\x1b[K\n'}
[15.209992] (livox_sdk2) StderrLine: {'line': b'\x1b[01m\x1b[K/home/slam/r2_ws/lidar_ws/Livox-SDK2/sdk_core/../3rdparty/rapidjson/internal/dtoa.h:36:1:\x1b[m\x1b[K \x1b[01;36m\x1b[Knote: \x1b[m\x1b[Kin expansion of macro \xe2\x80\x98\x1b[01m\x1b[KRAPIDJSON_DIAG_OFF\x1b[m\x1b[K\xe2\x80\x99\n'}
[15.210028] (livox_sdk2) StderrLine: {'line': b'   36 | \x1b[01;36m\x1b[KRAPIDJSON_DIAG_OFF\x1b[m\x1b[K(array - bounds)  // some gcc versions generate wrong warnings\n'}
[15.210060] (livox_sdk2) StderrLine: {'line': b'      | \x1b[01;36m\x1b[K^~~~~~~~~~~~~~~~~~\x1b[m\x1b[K\n'}
[15.210093] (livox_sdk2) StderrLine: {'line': b'\x1b[01m\x1b[K/home/slam/r2_ws/lidar_ws/Livox-SDK2/sdk_core/../3rdparty/rapidjson/rapidjson.h:542:29:\x1b[m\x1b[K \x1b[01;36m\x1b[Knote: \x1b[m\x1b[Kdid you mean \xe2\x80\x98\x1b[01m\x1b[K-Warray-bounds\x1b[m\x1b[K\xe2\x80\x99?\n'}
[15.210126] (livox_sdk2) StderrLine: {'line': b'  542 | #define RAPIDJSON_PRAGMA(x) \x1b[01;36m\x1b[K_Pragma\x1b[m\x1b[K(RAPIDJSON_STRINGIFY(x))\n'}
[15.210158] (livox_sdk2) StderrLine: {'line': b'      |                             \x1b[01;36m\x1b[K^~~~~~~\x1b[m\x1b[K\n'}
[15.210190] (livox_sdk2) StderrLine: {'line': b'\x1b[01m\x1b[K/home/slam/r2_ws/lidar_ws/Livox-SDK2/sdk_core/../3rdparty/rapidjson/rapidjson.h:543:34:\x1b[m\x1b[K \x1b[01;36m\x1b[Knote: \x1b[m\x1b[Kin expansion of macro \xe2\x80\x98\x1b[01m\x1b[KRAPIDJSON_PRAGMA\x1b[m\x1b[K\xe2\x80\x99\n'}
[15.210224] (livox_sdk2) StderrLine: {'line': b'  543 | #define RAPIDJSON_DIAG_PRAGMA(x) \x1b[01;36m\x1b[KRAPIDJSON_PRAGMA\x1b[m\x1b[K(GCC diagnostic x)\n'}
[15.210256] (livox_sdk2) StderrLine: {'line': b'      |                                  \x1b[01;36m\x1b[K^~~~~~~~~~~~~~~~\x1b[m\x1b[K\n'}
[15.210286] (livox_sdk2) StderrLine: {'line': b'\x1b[01m\x1b[K/home/slam/r2_ws/lidar_ws/Livox-SDK2/sdk_core/../3rdparty/rapidjson/rapidjson.h:545:3:\x1b[m\x1b[K \x1b[01;36m\x1b[Knote: \x1b[m\x1b[Kin expansion of macro \xe2\x80\x98\x1b[01m\x1b[KRAPIDJSON_DIAG_PRAGMA\x1b[m\x1b[K\xe2\x80\x99\n'}
[15.210317] (livox_sdk2) StderrLine: {'line': b'  545 |   \x1b[01;36m\x1b[KRAPIDJSON_DIAG_PRAGMA\x1b[m\x1b[K(ignored RAPIDJSON_STRINGIFY(RAPIDJSON_JOIN(-W, x)))\n'}
[15.210354] (livox_sdk2) StderrLine: {'line': b'      |   \x1b[01;36m\x1b[K^~~~~~~~~~~~~~~~~~~~~\x1b[m\x1b[K\n'}
[15.210383] (livox_sdk2) StderrLine: {'line': b'\x1b[01m\x1b[K/home/slam/r2_ws/lidar_ws/Livox-SDK2/sdk_core/../3rdparty/rapidjson/internal/dtoa.h:36:1:\x1b[m\x1b[K \x1b[01;36m\x1b[Knote: \x1b[m\x1b[Kin expansion of macro \xe2\x80\x98\x1b[01m\x1b[KRAPIDJSON_DIAG_OFF\x1b[m\x1b[K\xe2\x80\x99\n'}
[15.210420] (livox_sdk2) StderrLine: {'line': b'   36 | \x1b[01;36m\x1b[KRAPIDJSON_DIAG_OFF\x1b[m\x1b[K(array - bounds)  // some gcc versions generate wrong warnings\n'}
[15.210451] (livox_sdk2) StderrLine: {'line': b'      | \x1b[01;36m\x1b[K^~~~~~~~~~~~~~~~~~\x1b[m\x1b[K\n'}
[15.219142] (-) TimerEvent: {}
[15.319588] (-) TimerEvent: {}
[15.322955] (livox_sdk2) StdoutLine: {'line': b'[ 75%] \x1b[32mBuilding CXX object sdk_core/CMakeFiles/livox_lidar_sdk_shared.dir/command_handler/mid360s_command_handler.cpp.o\x1b[0m\n'}
[15.352463] (livox_sdk2) StdoutLine: {'line': b'[ 76%] \x1b[32mBuilding CXX object sdk_core/CMakeFiles/livox_lidar_sdk_shared.dir/command_handler/avia2_command_handler.cpp.o\x1b[0m\n'}
[15.419688] (-) TimerEvent: {}
[15.520152] (-) TimerEvent: {}
[15.623962] (-) TimerEvent: {}
[15.704548] (livox_sdk2) StdoutLine: {'line': b'[ 78%] \x1b[32mBuilding CXX object sdk_core/CMakeFiles/livox_lidar_sdk_shared.dir/debug_point_cloud_handler/debug_point_cloud_manager.cpp.o\x1b[0m\n'}
[15.715022] (livox_sdk2) StdoutLine: {'line': b'[ 79%] \x1b[32mBuilding CXX object sdk_core/CMakeFiles/livox_lidar_sdk_shared.dir/debug_point_cloud_handler/debug_point_cloud_handler.cpp.o\x1b[0m\n'}
[15.727967] (-) TimerEvent: {}
[15.828573] (-) TimerEvent: {}
[15.929050] (-) TimerEvent: {}
[16.029499] (-) TimerEvent: {}
[16.129951] (-) TimerEvent: {}
[16.230383] (-) TimerEvent: {}
[16.330807] (-) TimerEvent: {}
[16.431270] (-) TimerEvent: {}
[16.531743] (-) TimerEvent: {}
[16.632163] (-) TimerEvent: {}
[16.732568] (-) TimerEvent: {}
[16.832984] (-) TimerEvent: {}
[16.860040] (livox_sdk2) StderrLine: {'line': b'In file included from \x1b[01m\x1b[K/home/slam/r2_ws/lidar_ws/Livox-SDK2/sdk_core/../3rdparty/rapidjson/stream.h:19\x1b[m\x1b[K,\n'}
[16.860469] (livox_sdk2) StderrLine: {'line': b'                 from \x1b[01m\x1b[K/home/slam/r2_ws/lidar_ws/Livox-SDK2/sdk_core/../3rdparty/rapidjson/memorystream.h:22\x1b[m\x1b[K,\n'}
[16.860714] (livox_sdk2) StderrLine: {'line': b'                 from \x1b[01m\x1b[K/home/slam/r2_ws/lidar_ws/Livox-SDK2/sdk_core/../3rdparty/rapidjson/encodedstream.h:22\x1b[m\x1b[K,\n'}
[16.860949] (livox_sdk2) StderrLine: {'line': b'                 from \x1b[01m\x1b[K/home/slam/r2_ws/lidar_ws/Livox-SDK2/sdk_core/../3rdparty/rapidjson/document.h:26\x1b[m\x1b[K,\n'}
[16.861179] (livox_sdk2) StderrLine: {'line': b'                 from \x1b[01m\x1b[K/home/slam/r2_ws/lidar_ws/Livox-SDK2/sdk_core/command_handler/parse_lidar_state_info.h:38\x1b[m\x1b[K,\n'}
[16.861404] (livox_sdk2) StderrLine: {'line': b'                 from \x1b[01m\x1b[K/home/slam/r2_ws/lidar_ws/Livox-SDK2/sdk_core/command_handler/mid360s_command_handler.cpp:37\x1b[m\x1b[K:\n'}
[16.864249] (livox_sdk2) StderrLine: {'line': b'\x1b[01m\x1b[K/home/slam/r2_ws/lidar_ws/Livox-SDK2/sdk_core/../3rdparty/rapidjson/rapidjson.h:542:29:\x1b[m\x1b[K \x1b[01;35m\x1b[Kwarning: \x1b[m\x1b[Kunknown option after \xe2\x80\x98\x1b[01m\x1b[K#pragma GCC diagnostic\x1b[m\x1b[K\xe2\x80\x99 kind [\x1b[01;35m\x1b[K\x1b]8;;https://gcc.gnu.org/onlinedocs/gcc/Warning-Options.html#index-Wpragmas\x07-Wpragmas\x1b]8;;\x07\x1b[m\x1b[K]\n'}
[16.864498] (livox_sdk2) StderrLine: {'line': b'  542 | #define RAPIDJSON_PRAGMA(x) \x1b[01;35m\x1b[K_Pragma\x1b[m\x1b[K(RAPIDJSON_STRINGIFY(x))\n'}
[16.864724] (livox_sdk2) StderrLine: {'line': b'      |                             \x1b[01;35m\x1b[K^~~~~~~\x1b[m\x1b[K\n'}
[16.864959] (livox_sdk2) StderrLine: {'line': b'\x1b[01m\x1b[K/home/slam/r2_ws/lidar_ws/Livox-SDK2/sdk_core/../3rdparty/rapidjson/rapidjson.h:543:34:\x1b[m\x1b[K \x1b[01;36m\x1b[Knote: \x1b[m\x1b[Kin expansion of macro \xe2\x80\x98\x1b[01m\x1b[KRAPIDJSON_PRAGMA\x1b[m\x1b[K\xe2\x80\x99\n'}
[16.865188] (livox_sdk2) StderrLine: {'line': b'  543 | #define RAPIDJSON_DIAG_PRAGMA(x) \x1b[01;36m\x1b[KRAPIDJSON_PRAGMA\x1b[m\x1b[K(GCC diagnostic x)\n'}
[16.865414] (livox_sdk2) StderrLine: {'line': b'      |                                  \x1b[01;36m\x1b[K^~~~~~~~~~~~~~~~\x1b[m\x1b[K\n'}
[16.865647] (livox_sdk2) StderrLine: {'line': b'\x1b[01m\x1b[K/home/slam/r2_ws/lidar_ws/Livox-SDK2/sdk_core/../3rdparty/rapidjson/rapidjson.h:545:3:\x1b[m\x1b[K \x1b[01;36m\x1b[Knote: \x1b[m\x1b[Kin expansion of macro \xe2\x80\x98\x1b[01m\x1b[KRAPIDJSON_DIAG_PRAGMA\x1b[m\x1b[K\xe2\x80\x99\n'}
[16.865873] (livox_sdk2) StderrLine: {'line': b'  545 |   \x1b[01;36m\x1b[KRAPIDJSON_DIAG_PRAGMA\x1b[m\x1b[K(ignored RAPIDJSON_STRINGIFY(RAPIDJSON_JOIN(-W, x)))\n'}
[16.866103] (livox_sdk2) StderrLine: {'line': b'      |   \x1b[01;36m\x1b[K^~~~~~~~~~~~~~~~~~~~~\x1b[m\x1b[K\n'}
[16.866334] (livox_sdk2) StderrLine: {'line': b'\x1b[01m\x1b[K/home/slam/r2_ws/lidar_ws/Livox-SDK2/sdk_core/../3rdparty/rapidjson/internal/dtoa.h:36:1:\x1b[m\x1b[K \x1b[01;36m\x1b[Knote: \x1b[m\x1b[Kin expansion of macro \xe2\x80\x98\x1b[01m\x1b[KRAPIDJSON_DIAG_OFF\x1b[m\x1b[K\xe2\x80\x99\n'}
[16.866561] (livox_sdk2) StderrLine: {'line': b'   36 | \x1b[01;36m\x1b[KRAPIDJSON_DIAG_OFF\x1b[m\x1b[K(array - bounds)  // some gcc versions generate wrong warnings\n'}
[16.866792] (livox_sdk2) StderrLine: {'line': b'      | \x1b[01;36m\x1b[K^~~~~~~~~~~~~~~~~~\x1b[m\x1b[K\n'}
[16.867022] (livox_sdk2) StderrLine: {'line': b'\x1b[01m\x1b[K/home/slam/r2_ws/lidar_ws/Livox-SDK2/sdk_core/../3rdparty/rapidjson/rapidjson.h:542:29:\x1b[m\x1b[K \x1b[01;36m\x1b[Knote: \x1b[m\x1b[Kdid you mean \xe2\x80\x98\x1b[01m\x1b[K-Warray-bounds\x1b[m\x1b[K\xe2\x80\x99?\n'}
[16.867252] (livox_sdk2) StderrLine: {'line': b'  542 | #define RAPIDJSON_PRAGMA(x) \x1b[01;36m\x1b[K_Pragma\x1b[m\x1b[K(RAPIDJSON_STRINGIFY(x))\n'}
[16.867479] (livox_sdk2) StderrLine: {'line': b'      |                             \x1b[01;36m\x1b[K^~~~~~~\x1b[m\x1b[K\n'}
[16.867708] (livox_sdk2) StderrLine: {'line': b'\x1b[01m\x1b[K/home/slam/r2_ws/lidar_ws/Livox-SDK2/sdk_core/../3rdparty/rapidjson/rapidjson.h:543:34:\x1b[m\x1b[K \x1b[01;36m\x1b[Knote: \x1b[m\x1b[Kin expansion of macro \xe2\x80\x98\x1b[01m\x1b[KRAPIDJSON_PRAGMA\x1b[m\x1b[K\xe2\x80\x99\n'}
[16.867940] (livox_sdk2) StderrLine: {'line': b'  543 | #define RAPIDJSON_DIAG_PRAGMA(x) \x1b[01;36m\x1b[KRAPIDJSON_PRAGMA\x1b[m\x1b[K(GCC diagnostic x)\n'}
[16.868170] (livox_sdk2) StderrLine: {'line': b'      |                                  \x1b[01;36m\x1b[K^~~~~~~~~~~~~~~~\x1b[m\x1b[K\n'}
[16.868397] (livox_sdk2) StderrLine: {'line': b'\x1b[01m\x1b[K/home/slam/r2_ws/lidar_ws/Livox-SDK2/sdk_core/../3rdparty/rapidjson/rapidjson.h:545:3:\x1b[m\x1b[K \x1b[01;36m\x1b[Knote: \x1b[m\x1b[Kin expansion of macro \xe2\x80\x98\x1b[01m\x1b[KRAPIDJSON_DIAG_PRAGMA\x1b[m\x1b[K\xe2\x80\x99\n'}
[16.868622] (livox_sdk2) StderrLine: {'line': b'  545 |   \x1b[01;36m\x1b[KRAPIDJSON_DIAG_PRAGMA\x1b[m\x1b[K(ignored RAPIDJSON_STRINGIFY(RAPIDJSON_JOIN(-W, x)))\n'}
[16.868853] (livox_sdk2) StderrLine: {'line': b'      |   \x1b[01;36m\x1b[K^~~~~~~~~~~~~~~~~~~~~\x1b[m\x1b[K\n'}
[16.868893] (livox_sdk2) StderrLine: {'line': b'\x1b[01m\x1b[K/home/slam/r2_ws/lidar_ws/Livox-SDK2/sdk_core/../3rdparty/rapidjson/internal/dtoa.h:36:1:\x1b[m\x1b[K \x1b[01;36m\x1b[Knote: \x1b[m\x1b[Kin expansion of macro \xe2\x80\x98\x1b[01m\x1b[KRAPIDJSON_DIAG_OFF\x1b[m\x1b[K\xe2\x80\x99\n'}
[16.868927] (livox_sdk2) StderrLine: {'line': b'   36 | \x1b[01;36m\x1b[KRAPIDJSON_DIAG_OFF\x1b[m\x1b[K(array - bounds)  // some gcc versions generate wrong warnings\n'}
[16.868959] (livox_sdk2) StderrLine: {'line': b'      | \x1b[01;36m\x1b[K^~~~~~~~~~~~~~~~~~\x1b[m\x1b[K\n'}
[16.933089] (-) TimerEvent: {}
[16.946749] (basic) StdoutLine: {'line': b'[100%] \x1b[32m\x1b[1mLinking CXX shared library libbasic.so\x1b[0m\n'}
[17.033226] (-) TimerEvent: {}
[17.097924] (livox_sdk2) StderrLine: {'line': b'In file included from \x1b[01m\x1b[K/home/slam/r2_ws/lidar_ws/Livox-SDK2/sdk_core/../3rdparty/rapidjson/stream.h:19\x1b[m\x1b[K,\n'}
[17.098125] (livox_sdk2) StderrLine: {'line': b'                 from \x1b[01m\x1b[K/home/slam/r2_ws/lidar_ws/Livox-SDK2/sdk_core/../3rdparty/rapidjson/memorystream.h:22\x1b[m\x1b[K,\n'}
[17.098172] (livox_sdk2) StderrLine: {'line': b'                 from \x1b[01m\x1b[K/home/slam/r2_ws/lidar_ws/Livox-SDK2/sdk_core/../3rdparty/rapidjson/encodedstream.h:22\x1b[m\x1b[K,\n'}
[17.098215] (livox_sdk2) StderrLine: {'line': b'                 from \x1b[01m\x1b[K/home/slam/r2_ws/lidar_ws/Livox-SDK2/sdk_core/../3rdparty/rapidjson/document.h:26\x1b[m\x1b[K,\n'}
[17.098249] (livox_sdk2) StderrLine: {'line': b'                 from \x1b[01m\x1b[K/home/slam/r2_ws/lidar_ws/Livox-SDK2/sdk_core/command_handler/parse_lidar_state_info.h:38\x1b[m\x1b[K,\n'}
[17.098367] (livox_sdk2) StderrLine: {'line': b'                 from \x1b[01m\x1b[K/home/slam/r2_ws/lidar_ws/Livox-SDK2/sdk_core/command_handler/avia2_command_handler.cpp:37\x1b[m\x1b[K:\n'}
[17.098416] (livox_sdk2) StderrLine: {'line': b'\x1b[01m\x1b[K/home/slam/r2_ws/lidar_ws/Livox-SDK2/sdk_core/../3rdparty/rapidjson/rapidjson.h:542:29:\x1b[m\x1b[K \x1b[01;35m\x1b[Kwarning: \x1b[m\x1b[Kunknown option after \xe2\x80\x98\x1b[01m\x1b[K#pragma GCC diagnostic\x1b[m\x1b[K\xe2\x80\x99 kind [\x1b[01;35m\x1b[K\x1b]8;;https://gcc.gnu.org/onlinedocs/gcc/Warning-Options.html#index-Wpragmas\x07-Wpragmas\x1b]8;;\x07\x1b[m\x1b[K]\n'}
[17.098467] (livox_sdk2) StderrLine: {'line': b'  542 | #define RAPIDJSON_PRAGMA(x) \x1b[01;35m\x1b[K_Pragma\x1b[m\x1b[K(RAPIDJSON_STRINGIFY(x))\n'}
[17.098509] (livox_sdk2) StderrLine: {'line': b'      |                             \x1b[01;35m\x1b[K^~~~~~~\x1b[m\x1b[K\n'}
[17.098550] (livox_sdk2) StderrLine: {'line': b'\x1b[01m\x1b[K/home/slam/r2_ws/lidar_ws/Livox-SDK2/sdk_core/../3rdparty/rapidjson/rapidjson.h:543:34:\x1b[m\x1b[K \x1b[01;36m\x1b[Knote: \x1b[m\x1b[Kin expansion of macro \xe2\x80\x98\x1b[01m\x1b[KRAPIDJSON_PRAGMA\x1b[m\x1b[K\xe2\x80\x99\n'}
[17.098594] (livox_sdk2) StderrLine: {'line': b'  543 | #define RAPIDJSON_DIAG_PRAGMA(x) \x1b[01;36m\x1b[KRAPIDJSON_PRAGMA\x1b[m\x1b[K(GCC diagnostic x)\n'}
[17.098636] (livox_sdk2) StderrLine: {'line': b'      |                                  \x1b[01;36m\x1b[K^~~~~~~~~~~~~~~~\x1b[m\x1b[K\n'}
[17.098675] (livox_sdk2) StderrLine: {'line': b'\x1b[01m\x1b[K/home/slam/r2_ws/lidar_ws/Livox-SDK2/sdk_core/../3rdparty/rapidjson/rapidjson.h:545:3:\x1b[m\x1b[K \x1b[01;36m\x1b[Knote: \x1b[m\x1b[Kin expansion of macro \xe2\x80\x98\x1b[01m\x1b[KRAPIDJSON_DIAG_PRAGMA\x1b[m\x1b[K\xe2\x80\x99\n'}
[17.098716] (livox_sdk2) StderrLine: {'line': b'  545 |   \x1b[01;36m\x1b[KRAPIDJSON_DIAG_PRAGMA\x1b[m\x1b[K(ignored RAPIDJSON_STRINGIFY(RAPIDJSON_JOIN(-W, x)))\n'}
[17.098757] (livox_sdk2) StderrLine: {'line': b'      |   \x1b[01;36m\x1b[K^~~~~~~~~~~~~~~~~~~~~\x1b[m\x1b[K\n'}
[17.098795] (livox_sdk2) StderrLine: {'line': b'\x1b[01m\x1b[K/home/slam/r2_ws/lidar_ws/Livox-SDK2/sdk_core/../3rdparty/rapidjson/internal/dtoa.h:36:1:\x1b[m\x1b[K \x1b[01;36m\x1b[Knote: \x1b[m\x1b[Kin expansion of macro \xe2\x80\x98\x1b[01m\x1b[KRAPIDJSON_DIAG_OFF\x1b[m\x1b[K\xe2\x80\x99\n'}
[17.098834] (livox_sdk2) StderrLine: {'line': b'   36 | \x1b[01;36m\x1b[KRAPIDJSON_DIAG_OFF\x1b[m\x1b[K(array - bounds)  // some gcc versions generate wrong warnings\n'}
[17.098872] (livox_sdk2) StderrLine: {'line': b'      | \x1b[01;36m\x1b[K^~~~~~~~~~~~~~~~~~\x1b[m\x1b[K\n'}
[17.106953] (livox_sdk2) StderrLine: {'line': b'\x1b[01m\x1b[K/home/slam/r2_ws/lidar_ws/Livox-SDK2/sdk_core/../3rdparty/rapidjson/rapidjson.h:542:29:\x1b[m\x1b[K \x1b[01;36m\x1b[Knote: \x1b[m\x1b[Kdid you mean \xe2\x80\x98\x1b[01m\x1b[K-Warray-bounds\x1b[m\x1b[K\xe2\x80\x99?\n'}
[17.107168] (livox_sdk2) StderrLine: {'line': b'  542 | #define RAPIDJSON_PRAGMA(x) \x1b[01;36m\x1b[K_Pragma\x1b[m\x1b[K(RAPIDJSON_STRINGIFY(x))\n'}
[17.107217] (livox_sdk2) StderrLine: {'line': b'      |                             \x1b[01;36m\x1b[K^~~~~~~\x1b[m\x1b[K\n'}
[17.107257] (livox_sdk2) StderrLine: {'line': b'\x1b[01m\x1b[K/home/slam/r2_ws/lidar_ws/Livox-SDK2/sdk_core/../3rdparty/rapidjson/rapidjson.h:543:34:\x1b[m\x1b[K \x1b[01;36m\x1b[Knote: \x1b[m\x1b[Kin expansion of macro \xe2\x80\x98\x1b[01m\x1b[KRAPIDJSON_PRAGMA\x1b[m\x1b[K\xe2\x80\x99\n'}
[17.107298] (livox_sdk2) StderrLine: {'line': b'  543 | #define RAPIDJSON_DIAG_PRAGMA(x) \x1b[01;36m\x1b[KRAPIDJSON_PRAGMA\x1b[m\x1b[K(GCC diagnostic x)\n'}
[17.107334] (livox_sdk2) StderrLine: {'line': b'      |                                  \x1b[01;36m\x1b[K^~~~~~~~~~~~~~~~\x1b[m\x1b[K\n'}
[17.107376] (livox_sdk2) StderrLine: {'line': b'\x1b[01m\x1b[K/home/slam/r2_ws/lidar_ws/Livox-SDK2/sdk_core/../3rdparty/rapidjson/rapidjson.h:545:3:\x1b[m\x1b[K \x1b[01;36m\x1b[Knote: \x1b[m\x1b[Kin expansion of macro \xe2\x80\x98\x1b[01m\x1b[KRAPIDJSON_DIAG_PRAGMA\x1b[m\x1b[K\xe2\x80\x99\n'}
[17.107409] (livox_sdk2) StderrLine: {'line': b'  545 |   \x1b[01;36m\x1b[KRAPIDJSON_DIAG_PRAGMA\x1b[m\x1b[K(ignored RAPIDJSON_STRINGIFY(RAPIDJSON_JOIN(-W, x)))\n'}
[17.107442] (livox_sdk2) StderrLine: {'line': b'      |   \x1b[01;36m\x1b[K^~~~~~~~~~~~~~~~~~~~~\x1b[m\x1b[K\n'}
[17.107475] (livox_sdk2) StderrLine: {'line': b'\x1b[01m\x1b[K/home/slam/r2_ws/lidar_ws/Livox-SDK2/sdk_core/../3rdparty/rapidjson/internal/dtoa.h:36:1:\x1b[m\x1b[K \x1b[01;36m\x1b[Knote: \x1b[m\x1b[Kin expansion of macro \xe2\x80\x98\x1b[01m\x1b[KRAPIDJSON_DIAG_OFF\x1b[m\x1b[K\xe2\x80\x99\n'}
[17.107510] (livox_sdk2) StderrLine: {'line': b'   36 | \x1b[01;36m\x1b[KRAPIDJSON_DIAG_OFF\x1b[m\x1b[K(array - bounds)  // some gcc versions generate wrong warnings\n'}
[17.107542] (livox_sdk2) StderrLine: {'line': b'      | \x1b[01;36m\x1b[K^~~~~~~~~~~~~~~~~~\x1b[m\x1b[K\n'}
[17.133340] (-) TimerEvent: {}
[17.233689] (-) TimerEvent: {}
[17.334164] (-) TimerEvent: {}
[17.434622] (-) TimerEvent: {}
[17.535097] (-) TimerEvent: {}
[17.635514] (-) TimerEvent: {}
[17.735964] (-) TimerEvent: {}
[17.836990] (-) TimerEvent: {}
[17.868027] (livox_sdk2) StdoutLine: {'line': b'[ 80%] \x1b[32m\x1b[1mLinking CXX static library liblivox_lidar_sdk_static.a\x1b[0m\n'}
[17.937120] (-) TimerEvent: {}
[18.037622] (-) TimerEvent: {}
[18.044815] (livox_ros_driver2) StdoutLine: {'line': b'[100%] \x1b[32m\x1b[1mLinking CXX shared library liblivox_ros_driver2.so\x1b[0m\n'}
[18.134314] (livox_sdk2) StdoutLine: {'line': b'[ 80%] Built target livox_lidar_sdk_static\n'}
[18.137714] (-) TimerEvent: {}
[18.163894] (livox_sdk2) StdoutLine: {'line': b'[ 81%] \x1b[32mBuilding CXX object samples/lidar_cmd_observer/CMakeFiles/lidar_cmd_observer.dir/main.cpp.o\x1b[0m\n'}
[18.164287] (livox_sdk2) StdoutLine: {'line': b'[ 82%] \x1b[32mBuilding CXX object samples/livox_lidar_quick_start/CMakeFiles/livox_lidar_quick_start.dir/main.cpp.o\x1b[0m\n'}
[18.164371] (livox_sdk2) StdoutLine: {'line': b'[ 83%] \x1b[32mBuilding CXX object samples/logger/CMakeFiles/logger.dir/main.cpp.o\x1b[0m\n'}
[18.165351] (livox_sdk2) StdoutLine: {'line': b'[ 84%] \x1b[32mBuilding CXX object samples/multi_lidars_upgrade/CMakeFiles/multi_lidars_upgrade.dir/main.cpp.o\x1b[0m\n'}
[18.167681] (livox_sdk2) StdoutLine: {'line': b'[ 85%] \x1b[32mBuilding CXX object samples/livox_lidar_ip_set/CMakeFiles/livox_lidar_ip_set.dir/main.cpp.o\x1b[0m\n'}
[18.172101] (livox_sdk2) StdoutLine: {'line': b'[ 87%] \x1b[32mBuilding CXX object samples/livox_lidar_rmc_time_sync/CMakeFiles/livox_lidar_rmc_time_sync.dir/main.cpp.o\x1b[0m\n'}
[18.175484] (livox_sdk2) StdoutLine: {'line': b'[ 87%] \x1b[32mBuilding CXX object samples/debug_point_cloud/CMakeFiles/debug_point_cloud.dir/main.cpp.o\x1b[0m\n'}
[18.237851] (-) TimerEvent: {}
[18.239334] (basic) StdoutLine: {'line': b'[100%] Built target basic\n'}
[18.255047] (basic) CommandEnded: {'returncode': 0}
[18.255632] (basic) JobProgress: {'identifier': 'basic', 'progress': 'install'}
[18.264740] (basic) Command: {'cmd': ['/usr/bin/cmake', '--install', '/home/slam/r2_ws/lidar_ws/build/basic'], 'cwd': '/home/slam/r2_ws/lidar_ws/build/basic', 'env': OrderedDict([('LESSOPEN', '| /usr/bin/lesspipe %s'), ('LANGUAGE', 'zh_CN:en'), ('USER', 'slam'), ('SSH_CLIENT', '10.88.122.74 36234 22'), ('LC_TIME', 'en_US.UTF-8'), ('XDG_SESSION_TYPE', 'tty'), ('SHLVL', '2'), ('LIBGL_ALWAYS_SOFTWARE', '1'), ('LD_LIBRARY_PATH', '/home/slam/r2_ws/lidar_ws/install/super_lio/lib:/home/slam/r2_ws/lidar_ws/install/livox_sdk2/lib:/home/slam/r2_ws/lidar_ws/install/livox_ros_driver2/lib:/home/slam/r2_ws/lidar_ws/install/basic/lib:/opt/ros/humble/opt/rviz_ogre_vendor/lib:/opt/ros/humble/lib/x86_64-linux-gnu:/opt/ros/humble/lib'), ('MOTD_SHOWN', 'pam'), ('HOME', '/home/slam'), ('OLDPWD', '/home/slam/r2_ws/lidar_ws/src/livox_ros_driver2'), ('SSH_TTY', '/dev/pts/0'), ('ROS_PYTHON_VERSION', '3'), ('LC_MONETARY', 'en_US.UTF-8'), ('DBUS_SESSION_BUS_ADDRESS', 'unix:path=/run/user/1000/bus'), ('COLCON_PREFIX_PATH', '/home/slam/r2_ws/lidar_ws/install'), ('ROS_DISTRO', 'humble'), ('LOGNAME', 'slam'), ('_', '/home/slam/.local/bin/colcon'), ('ROS_VERSION', 'ROS2'), ('XDG_SESSION_CLASS', 'user'), ('TERM', 'xterm-256color'), ('XDG_SESSION_ID', '4'), ('ROS_LOCALHOST_ONLY', '0'), ('PATH', '/home/slam/.local/bin:/opt/ros/humble/bin:/usr/local/sbin:/usr/local/bin:/usr/sbin:/usr/bin:/sbin:/bin:/usr/games:/usr/local/games:/snap/bin'), ('PAPERSIZE', 'letter'), ('LC_ADDRESS', 'en_US.UTF-8'), ('XDG_RUNTIME_DIR', '/run/user/1000'), ('DISPLAY', 'localhost:10.0'), ('LANG', 'zh_CN.UTF-8'), ('LC_TELEPHONE', 'en_US.UTF-8'), ('LS_COLORS', 'rs=0:di=01;34:ln=01;36:mh=00:pi=40;33:so=01;35:do=01;35:bd=40;33;01:cd=40;33;01:or=40;31;01:mi=00:su=37;41:sg=30;43:ca=30;41:tw=30;42:ow=34;42:st=37;44:ex=01;32:*.tar=01;31:*.tgz=01;31:*.arc=01;31:*.arj=01;31:*.taz=01;31:*.lha=01;31:*.lz4=01;31:*.lzh=01;31:*.lzma=01;31:*.tlz=01;31:*.txz=01;31:*.tzo=01;31:*.t7z=01;31:*.zip=01;31:*.z=01;31:*.dz=01;31:*.gz=01;31:*.lrz=01;31:*.lz=01;31:*.lzo=01;31:*.xz=01;31:*.zst=01;31:*.tzst=01;31:*.bz2=01;31:*.bz=01;31:*.tbz=01;31:*.tbz2=01;31:*.tz=01;31:*.deb=01;31:*.rpm=01;31:*.jar=01;31:*.war=01;31:*.ear=01;31:*.sar=01;31:*.rar=01;31:*.alz=01;31:*.ace=01;31:*.zoo=01;31:*.cpio=01;31:*.7z=01;31:*.rz=01;31:*.cab=01;31:*.wim=01;31:*.swm=01;31:*.dwm=01;31:*.esd=01;31:*.jpg=01;35:*.jpeg=01;35:*.mjpg=01;35:*.mjpeg=01;35:*.gif=01;35:*.bmp=01;35:*.pbm=01;35:*.pgm=01;35:*.ppm=01;35:*.tga=01;35:*.xbm=01;35:*.xpm=01;35:*.tif=01;35:*.tiff=01;35:*.png=01;35:*.svg=01;35:*.svgz=01;35:*.mng=01;35:*.pcx=01;35:*.mov=01;35:*.mpg=01;35:*.mpeg=01;35:*.m2v=01;35:*.mkv=01;35:*.webm=01;35:*.webp=01;35:*.ogm=01;35:*.mp4=01;35:*.m4v=01;35:*.mp4v=01;35:*.vob=01;35:*.qt=01;35:*.nuv=01;35:*.wmv=01;35:*.asf=01;35:*.rm=01;35:*.rmvb=01;35:*.flc=01;35:*.avi=01;35:*.fli=01;35:*.flv=01;35:*.gl=01;35:*.dl=01;35:*.xcf=01;35:*.xwd=01;35:*.yuv=01;35:*.cgm=01;35:*.emf=01;35:*.ogv=01;35:*.ogx=01;35:*.aac=00;36:*.au=00;36:*.flac=00;36:*.m4a=00;36:*.mid=00;36:*.midi=00;36:*.mka=00;36:*.mp3=00;36:*.mpc=00;36:*.ogg=00;36:*.ra=00;36:*.wav=00;36:*.oga=00;36:*.opus=00;36:*.spx=00;36:*.xspf=00;36:'), ('AMENT_PREFIX_PATH', '/home/slam/r2_ws/lidar_ws/install/super_lio:/home/slam/r2_ws/lidar_ws/install/livox_ros_driver2:/home/slam/r2_ws/lidar_ws/install/basic:/opt/ros/humble'), ('SHELL', '/bin/bash'), ('LC_NAME', 'en_US.UTF-8'), ('LESSCLOSE', '/usr/bin/lesspipe %s %s'), ('LC_MEASUREMENT', 'en_US.UTF-8'), ('LC_IDENTIFICATION', 'en_US.UTF-8'), ('PWD', '/home/slam/r2_ws/lidar_ws/build/basic'), ('QT_QPA_PLATFORM', 'xcb'), ('LC_ALL', 'en_US.UTF-8'), ('SSH_CONNECTION', '10.88.122.74 36234 10.88.122.14 22'), ('XDG_DATA_DIRS', '/usr/share/gnome:/usr/local/share:/usr/share:/var/lib/snapd/desktop'), ('PYTHONPATH', '/home/slam/r2_ws/lidar_ws/install/super_lio/local/lib/python3.10/dist-packages:/home/slam/r2_ws/lidar_ws/install/livox_ros_driver2/local/lib/python3.10/dist-packages:/opt/ros/humble/lib/python3.10/site-packages:/opt/ros/humble/local/lib/python3.10/dist-packages'), ('LC_NUMERIC', 'en_US.UTF-8'), ('LC_PAPER', 'en_US.UTF-8'), ('COLCON', '1'), ('CMAKE_PREFIX_PATH', '/home/slam/r2_ws/lidar_ws/install/super_lio:/home/slam/r2_ws/lidar_ws/install/livox_ros_driver2:/home/slam/r2_ws/lidar_ws/install/basic:/opt/ros/humble')]), 'shell': False}
[18.272619] (basic) StdoutLine: {'line': b'-- Install configuration: "Release"\n'}
[18.276666] (basic) StdoutLine: {'line': b'-- Installing: /home/slam/r2_ws/lidar_ws/install/basic/lib/libbasic.so\n'}
[18.279140] (basic) StdoutLine: {'line': b'-- Set runtime path of "/home/slam/r2_ws/lidar_ws/install/basic/lib/libbasic.so" to ""\n'}
[18.279800] (basic) StdoutLine: {'line': b'-- Installing: /home/slam/r2_ws/lidar_ws/install/basic/include\n'}
[18.280410] (basic) StdoutLine: {'line': b'-- Installing: /home/slam/r2_ws/lidar_ws/install/basic/include/basic\n'}
[18.280966] (basic) StdoutLine: {'line': b'-- Installing: /home/slam/r2_ws/lidar_ws/install/basic/include/basic/Manifold.h\n'}
[18.281593] (basic) StdoutLine: {'line': b'-- Installing: /home/slam/r2_ws/lidar_ws/install/basic/include/basic/alias.h\n'}
[18.282023] (basic) StdoutLine: {'line': b'-- Installing: /home/slam/r2_ws/lidar_ws/install/basic/include/basic/math.h\n'}
[18.283013] (basic) StdoutLine: {'line': b'-- Installing: /home/slam/r2_ws/lidar_ws/install/basic/include/basic/ds.h\n'}
[18.284341] (basic) StdoutLine: {'line': b'-- Installing: /home/slam/r2_ws/lidar_ws/install/basic/include/basic/buffer\n'}
[18.284407] (basic) StdoutLine: {'line': b'-- Installing: /home/slam/r2_ws/lidar_ws/install/basic/include/basic/buffer/LatestOnlyBuffer.hpp\n'}
[18.284450] (basic) StdoutLine: {'line': b'-- Installing: /home/slam/r2_ws/lidar_ws/install/basic/include/basic/buffer/MultiSourceLatestBuffer.hpp\n'}
[18.284488] (basic) StdoutLine: {'line': b'-- Installing: /home/slam/r2_ws/lidar_ws/install/basic/include/basic/buffer/RingBuffer.hpp\n'}
[18.284530] (basic) StdoutLine: {'line': b'-- Installing: /home/slam/r2_ws/lidar_ws/install/basic/include/basic/logs.h\n'}
[18.284566] (basic) StdoutLine: {'line': b'-- Installing: /home/slam/r2_ws/lidar_ws/install/basic/share/basic/environment/library_path.sh\n'}
[18.284602] (basic) StdoutLine: {'line': b'-- Installing: /home/slam/r2_ws/lidar_ws/install/basic/share/basic/environment/library_path.dsv\n'}
[18.284637] (basic) StdoutLine: {'line': b'-- Installing: /home/slam/r2_ws/lidar_ws/install/basic/share/ament_index/resource_index/package_run_dependencies/basic\n'}
[18.284675] (basic) StdoutLine: {'line': b'-- Installing: /home/slam/r2_ws/lidar_ws/install/basic/share/ament_index/resource_index/parent_prefix_path/basic\n'}
[18.284710] (basic) StdoutLine: {'line': b'-- Installing: /home/slam/r2_ws/lidar_ws/install/basic/share/basic/environment/ament_prefix_path.sh\n'}
[18.284744] (basic) StdoutLine: {'line': b'-- Installing: /home/slam/r2_ws/lidar_ws/install/basic/share/basic/environment/ament_prefix_path.dsv\n'}
[18.284776] (basic) StdoutLine: {'line': b'-- Installing: /home/slam/r2_ws/lidar_ws/install/basic/share/basic/environment/path.sh\n'}
[18.285204] (basic) StdoutLine: {'line': b'-- Installing: /home/slam/r2_ws/lidar_ws/install/basic/share/basic/environment/path.dsv\n'}
[18.285260] (basic) StdoutLine: {'line': b'-- Installing: /home/slam/r2_ws/lidar_ws/install/basic/share/basic/local_setup.bash\n'}
[18.285297] (basic) StdoutLine: {'line': b'-- Installing: /home/slam/r2_ws/lidar_ws/install/basic/share/basic/local_setup.sh\n'}
[18.285331] (basic) StdoutLine: {'line': b'-- Installing: /home/slam/r2_ws/lidar_ws/install/basic/share/basic/local_setup.zsh\n'}
[18.285364] (basic) StdoutLine: {'line': b'-- Installing: /home/slam/r2_ws/lidar_ws/install/basic/share/basic/local_setup.dsv\n'}
[18.285396] (basic) StdoutLine: {'line': b'-- Installing: /home/slam/r2_ws/lidar_ws/install/basic/share/basic/package.dsv\n'}
[18.285429] (basic) StdoutLine: {'line': b'-- Installing: /home/slam/r2_ws/lidar_ws/install/basic/share/ament_index/resource_index/packages/basic\n'}
[18.285462] (basic) StdoutLine: {'line': b'-- Installing: /home/slam/r2_ws/lidar_ws/install/basic/share/basic/cmake/export_basicExport.cmake\n'}
[18.285492] (basic) StdoutLine: {'line': b'-- Installing: /home/slam/r2_ws/lidar_ws/install/basic/share/basic/cmake/export_basicExport-release.cmake\n'}
[18.285524] (basic) StdoutLine: {'line': b'-- Installing: /home/slam/r2_ws/lidar_ws/install/basic/share/basic/cmake/ament_cmake_export_targets-extras.cmake\n'}
[18.285556] (basic) StdoutLine: {'line': b'-- Installing: /home/slam/r2_ws/lidar_ws/install/basic/share/basic/cmake/ament_cmake_export_dependencies-extras.cmake\n'}
[18.285586] (basic) StdoutLine: {'line': b'-- Installing: /home/slam/r2_ws/lidar_ws/install/basic/share/basic/cmake/ament_cmake_export_include_directories-extras.cmake\n'}
[18.285618] (basic) StdoutLine: {'line': b'-- Installing: /home/slam/r2_ws/lidar_ws/install/basic/share/basic/cmake/ament_cmake_export_libraries-extras.cmake\n'}
[18.285655] (basic) StdoutLine: {'line': b'-- Installing: /home/slam/r2_ws/lidar_ws/install/basic/share/basic/cmake/basicConfig.cmake\n'}
[18.285685] (basic) StdoutLine: {'line': b'-- Installing: /home/slam/r2_ws/lidar_ws/install/basic/share/basic/cmake/basicConfig-version.cmake\n'}
[18.285719] (basic) StdoutLine: {'line': b'-- Installing: /home/slam/r2_ws/lidar_ws/install/basic/share/basic/package.xml\n'}
[18.293687] (basic) CommandEnded: {'returncode': 0}
[18.315908] (basic) JobEnded: {'identifier': 'basic', 'rc': 0}
[18.337978] (-) TimerEvent: {}
[18.429079] (livox_sdk2) StdoutLine: {'line': b'[ 89%] \x1b[32mBuilding CXX object samples/livox_lidar_info_get/CMakeFiles/livox_lidar_info_get.dir/main.cpp.o\x1b[0m\n'}
[18.437951] (livox_sdk2) StdoutLine: {'line': b'[ 90%] \x1b[32m\x1b[1mLinking CXX executable lidar_cmd_observer\x1b[0m\n'}
[18.438771] (-) TimerEvent: {}
[18.500964] (livox_sdk2) StdoutLine: {'line': b'[ 91%] \x1b[32mBuilding CXX object samples/livox_lidar_rmc_time_sync/CMakeFiles/livox_lidar_rmc_time_sync.dir/linux/synchro.cpp.o\x1b[0m\n'}
[18.538927] (-) TimerEvent: {}
[18.599093] (livox_sdk2) StdoutLine: {'line': b'[ 92%] \x1b[32m\x1b[1mLinking CXX executable debug_point_cloud\x1b[0m\n'}
[18.626474] (livox_sdk2) StdoutLine: {'line': b'[ 93%] \x1b[32m\x1b[1mLinking CXX executable livox_lidar_ip_set\x1b[0m\n'}
[18.627558] (livox_sdk2) StdoutLine: {'line': b'[ 94%] \x1b[32m\x1b[1mLinking CXX executable livox_lidar_quick_start\x1b[0m\n'}
[18.639073] (-) TimerEvent: {}
[18.710709] (livox_sdk2) StdoutLine: {'line': b'[ 95%] \x1b[32m\x1b[1mLinking CXX executable multi_lidars_upgrade\x1b[0m\n'}
[18.740013] (-) TimerEvent: {}
[18.792835] (livox_sdk2) StdoutLine: {'line': b'[ 96%] \x1b[32m\x1b[1mLinking CXX executable logger\x1b[0m\n'}
[18.840198] (-) TimerEvent: {}
[18.913810] (livox_sdk2) StdoutLine: {'line': b'[ 97%] \x1b[32m\x1b[1mLinking CXX executable livox_lidar_info_get\x1b[0m\n'}
[18.940342] (-) TimerEvent: {}
[18.974780] (livox_sdk2) StdoutLine: {'line': b'[ 98%] \x1b[32m\x1b[1mLinking CXX executable livox_lidar_rmc_time_sync\x1b[0m\n'}
[19.040539] (-) TimerEvent: {}
[19.148046] (-) TimerEvent: {}
[19.221753] (livox_sdk2) StdoutLine: {'line': b'[100%] \x1b[32m\x1b[1mLinking CXX shared library liblivox_lidar_sdk_shared.so\x1b[0m\n'}
[19.248209] (-) TimerEvent: {}
[19.348823] (-) TimerEvent: {}
[19.449471] (-) TimerEvent: {}
[19.550035] (-) TimerEvent: {}
[19.652011] (-) TimerEvent: {}
[19.702111] (livox_ros_driver2) StdoutLine: {'line': b'[100%] Built target livox_ros_driver2\n'}
[19.729088] (livox_ros_driver2) CommandEnded: {'returncode': 0}
[19.729537] (livox_ros_driver2) JobProgress: {'identifier': 'livox_ros_driver2', 'progress': 'install'}
[19.729570] (livox_ros_driver2) Command: {'cmd': ['/usr/bin/cmake', '--install', '/home/slam/r2_ws/lidar_ws/build/livox_ros_driver2'], 'cwd': '/home/slam/r2_ws/lidar_ws/build/livox_ros_driver2', 'env': OrderedDict([('LESSOPEN', '| /usr/bin/lesspipe %s'), ('LANGUAGE', 'zh_CN:en'), ('USER', 'slam'), ('SSH_CLIENT', '10.88.122.74 36234 22'), ('LC_TIME', 'en_US.UTF-8'), ('XDG_SESSION_TYPE', 'tty'), ('SHLVL', '2'), ('LIBGL_ALWAYS_SOFTWARE', '1'), ('LD_LIBRARY_PATH', '/home/slam/r2_ws/lidar_ws/install/super_lio/lib:/home/slam/r2_ws/lidar_ws/install/livox_sdk2/lib:/home/slam/r2_ws/lidar_ws/install/livox_ros_driver2/lib:/home/slam/r2_ws/lidar_ws/install/basic/lib:/opt/ros/humble/opt/rviz_ogre_vendor/lib:/opt/ros/humble/lib/x86_64-linux-gnu:/opt/ros/humble/lib'), ('MOTD_SHOWN', 'pam'), ('HOME', '/home/slam'), ('OLDPWD', '/home/slam/r2_ws/lidar_ws/src/livox_ros_driver2'), ('SSH_TTY', '/dev/pts/0'), ('ROS_PYTHON_VERSION', '3'), ('LC_MONETARY', 'en_US.UTF-8'), ('DBUS_SESSION_BUS_ADDRESS', 'unix:path=/run/user/1000/bus'), ('COLCON_PREFIX_PATH', '/home/slam/r2_ws/lidar_ws/install'), ('ROS_DISTRO', 'humble'), ('LOGNAME', 'slam'), ('_', '/home/slam/.local/bin/colcon'), ('ROS_VERSION', 'ROS2'), ('XDG_SESSION_CLASS', 'user'), ('TERM', 'xterm-256color'), ('XDG_SESSION_ID', '4'), ('ROS_LOCALHOST_ONLY', '0'), ('PATH', '/home/slam/.local/bin:/opt/ros/humble/bin:/usr/local/sbin:/usr/local/bin:/usr/sbin:/usr/bin:/sbin:/bin:/usr/games:/usr/local/games:/snap/bin'), ('PAPERSIZE', 'letter'), ('LC_ADDRESS', 'en_US.UTF-8'), ('XDG_RUNTIME_DIR', '/run/user/1000'), ('DISPLAY', 'localhost:10.0'), ('LANG', 'zh_CN.UTF-8'), ('LC_TELEPHONE', 'en_US.UTF-8'), ('LS_COLORS', 'rs=0:di=01;34:ln=01;36:mh=00:pi=40;33:so=01;35:do=01;35:bd=40;33;01:cd=40;33;01:or=40;31;01:mi=00:su=37;41:sg=30;43:ca=30;41:tw=30;42:ow=34;42:st=37;44:ex=01;32:*.tar=01;31:*.tgz=01;31:*.arc=01;31:*.arj=01;31:*.taz=01;31:*.lha=01;31:*.lz4=01;31:*.lzh=01;31:*.lzma=01;31:*.tlz=01;31:*.txz=01;31:*.tzo=01;31:*.t7z=01;31:*.zip=01;31:*.z=01;31:*.dz=01;31:*.gz=01;31:*.lrz=01;31:*.lz=01;31:*.lzo=01;31:*.xz=01;31:*.zst=01;31:*.tzst=01;31:*.bz2=01;31:*.bz=01;31:*.tbz=01;31:*.tbz2=01;31:*.tz=01;31:*.deb=01;31:*.rpm=01;31:*.jar=01;31:*.war=01;31:*.ear=01;31:*.sar=01;31:*.rar=01;31:*.alz=01;31:*.ace=01;31:*.zoo=01;31:*.cpio=01;31:*.7z=01;31:*.rz=01;31:*.cab=01;31:*.wim=01;31:*.swm=01;31:*.dwm=01;31:*.esd=01;31:*.jpg=01;35:*.jpeg=01;35:*.mjpg=01;35:*.mjpeg=01;35:*.gif=01;35:*.bmp=01;35:*.pbm=01;35:*.pgm=01;35:*.ppm=01;35:*.tga=01;35:*.xbm=01;35:*.xpm=01;35:*.tif=01;35:*.tiff=01;35:*.png=01;35:*.svg=01;35:*.svgz=01;35:*.mng=01;35:*.pcx=01;35:*.mov=01;35:*.mpg=01;35:*.mpeg=01;35:*.m2v=01;35:*.mkv=01;35:*.webm=01;35:*.webp=01;35:*.ogm=01;35:*.mp4=01;35:*.m4v=01;35:*.mp4v=01;35:*.vob=01;35:*.qt=01;35:*.nuv=01;35:*.wmv=01;35:*.asf=01;35:*.rm=01;35:*.rmvb=01;35:*.flc=01;35:*.avi=01;35:*.fli=01;35:*.flv=01;35:*.gl=01;35:*.dl=01;35:*.xcf=01;35:*.xwd=01;35:*.yuv=01;35:*.cgm=01;35:*.emf=01;35:*.ogv=01;35:*.ogx=01;35:*.aac=00;36:*.au=00;36:*.flac=00;36:*.m4a=00;36:*.mid=00;36:*.midi=00;36:*.mka=00;36:*.mp3=00;36:*.mpc=00;36:*.ogg=00;36:*.ra=00;36:*.wav=00;36:*.oga=00;36:*.opus=00;36:*.spx=00;36:*.xspf=00;36:'), ('AMENT_PREFIX_PATH', '/home/slam/r2_ws/lidar_ws/install/super_lio:/home/slam/r2_ws/lidar_ws/install/livox_ros_driver2:/home/slam/r2_ws/lidar_ws/install/basic:/opt/ros/humble'), ('SHELL', '/bin/bash'), ('LC_NAME', 'en_US.UTF-8'), ('LESSCLOSE', '/usr/bin/lesspipe %s %s'), ('LC_MEASUREMENT', 'en_US.UTF-8'), ('LC_IDENTIFICATION', 'en_US.UTF-8'), ('PWD', '/home/slam/r2_ws/lidar_ws/build/livox_ros_driver2'), ('QT_QPA_PLATFORM', 'xcb'), ('LC_ALL', 'en_US.UTF-8'), ('SSH_CONNECTION', '10.88.122.74 36234 10.88.122.14 22'), ('XDG_DATA_DIRS', '/usr/share/gnome:/usr/local/share:/usr/share:/var/lib/snapd/desktop'), ('PYTHONPATH', '/home/slam/r2_ws/lidar_ws/install/super_lio/local/lib/python3.10/dist-packages:/home/slam/r2_ws/lidar_ws/install/livox_ros_driver2/local/lib/python3.10/dist-packages:/opt/ros/humble/lib/python3.10/site-packages:/opt/ros/humble/local/lib/python3.10/dist-packages'), ('LC_NUMERIC', 'en_US.UTF-8'), ('LC_PAPER', 'en_US.UTF-8'), ('COLCON', '1'), ('CMAKE_PREFIX_PATH', '/home/slam/r2_ws/lidar_ws/install/super_lio:/home/slam/r2_ws/lidar_ws/install/livox_ros_driver2:/home/slam/r2_ws/lidar_ws/install/basic:/opt/ros/humble')]), 'shell': False}
[19.747200] (livox_ros_driver2) StdoutLine: {'line': b'-- Install configuration: ""\n'}
[19.747561] (livox_ros_driver2) StdoutLine: {'line': b'-- Installing: /home/slam/r2_ws/lidar_ws/install/livox_ros_driver2/share/ament_index/resource_index/rosidl_interfaces/livox_ros_driver2\n'}
[19.747950] (livox_ros_driver2) StdoutLine: {'line': b'-- Installing: /home/slam/r2_ws/lidar_ws/install/livox_ros_driver2/include/livox_ros_driver2/livox_ros_driver2\n'}
[19.748178] (livox_ros_driver2) StdoutLine: {'line': b'-- Installing: /home/slam/r2_ws/lidar_ws/install/livox_ros_driver2/include/livox_ros_driver2/livox_ros_driver2/msg\n'}
[19.748614] (livox_ros_driver2) StdoutLine: {'line': b'-- Installing: /home/slam/r2_ws/lidar_ws/install/livox_ros_driver2/include/livox_ros_driver2/livox_ros_driver2/msg/detail\n'}
[19.748783] (livox_ros_driver2) StdoutLine: {'line': b'-- Installing: /home/slam/r2_ws/lidar_ws/install/livox_ros_driver2/include/livox_ros_driver2/livox_ros_driver2/msg/detail/custom_msg__struct.h\n'}
[19.749077] (livox_ros_driver2) StdoutLine: {'line': b'-- Installing: /home/slam/r2_ws/lidar_ws/install/livox_ros_driver2/include/livox_ros_driver2/livox_ros_driver2/msg/detail/custom_msg__type_support.h\n'}
[19.749305] (livox_ros_driver2) StdoutLine: {'line': b'-- Installing: /home/slam/r2_ws/lidar_ws/install/livox_ros_driver2/include/livox_ros_driver2/livox_ros_driver2/msg/detail/custom_msg__functions.c\n'}
[19.751921] (livox_ros_driver2) StdoutLine: {'line': b'-- Installing: /home/slam/r2_ws/lidar_ws/install/livox_ros_driver2/include/livox_ros_driver2/livox_ros_driver2/msg/detail/custom_msg__functions.h\n'}
[19.752080] (-) TimerEvent: {}
[19.752298] (livox_ros_driver2) StdoutLine: {'line': b'-- Installing: /home/slam/r2_ws/lidar_ws/install/livox_ros_driver2/include/livox_ros_driver2/livox_ros_driver2/msg/detail/custom_point__type_support.h\n'}
[19.752405] (livox_ros_driver2) StdoutLine: {'line': b'-- Installing: /home/slam/r2_ws/lidar_ws/install/livox_ros_driver2/include/livox_ros_driver2/livox_ros_driver2/msg/detail/custom_point__functions.h\n'}
[19.752453] (livox_ros_driver2) StdoutLine: {'line': b'-- Installing: /home/slam/r2_ws/lidar_ws/install/livox_ros_driver2/include/livox_ros_driver2/livox_ros_driver2/msg/detail/custom_point__functions.c\n'}
[19.752494] (livox_ros_driver2) StdoutLine: {'line': b'-- Installing: /home/slam/r2_ws/lidar_ws/install/livox_ros_driver2/include/livox_ros_driver2/livox_ros_driver2/msg/detail/custom_point__struct.h\n'}
[19.752539] (livox_ros_driver2) StdoutLine: {'line': b'-- Installing: /home/slam/r2_ws/lidar_ws/install/livox_ros_driver2/include/livox_ros_driver2/livox_ros_driver2/msg/rosidl_generator_c__visibility_control.h\n'}
[19.752579] (livox_ros_driver2) StdoutLine: {'line': b'-- Installing: /home/slam/r2_ws/lidar_ws/install/livox_ros_driver2/include/livox_ros_driver2/livox_ros_driver2/msg/custom_msg.h\n'}
[19.752656] (livox_ros_driver2) StdoutLine: {'line': b'-- Installing: /home/slam/r2_ws/lidar_ws/install/livox_ros_driver2/include/livox_ros_driver2/livox_ros_driver2/msg/custom_point.h\n'}
[19.752695] (livox_ros_driver2) StdoutLine: {'line': b'-- Installing: /home/slam/r2_ws/lidar_ws/install/livox_ros_driver2/share/livox_ros_driver2/environment/library_path.sh\n'}
[19.752733] (livox_ros_driver2) StdoutLine: {'line': b'-- Installing: /home/slam/r2_ws/lidar_ws/install/livox_ros_driver2/share/livox_ros_driver2/environment/library_path.dsv\n'}
[19.752770] (livox_ros_driver2) StdoutLine: {'line': b'-- Installing: /home/slam/r2_ws/lidar_ws/install/livox_ros_driver2/lib/liblivox_ros_driver2__rosidl_generator_c.so\n'}
[19.753121] (livox_ros_driver2) StdoutLine: {'line': b'-- Set runtime path of "/home/slam/r2_ws/lidar_ws/install/livox_ros_driver2/lib/liblivox_ros_driver2__rosidl_generator_c.so" to ""\n'}
[19.753252] (livox_ros_driver2) StdoutLine: {'line': b'-- Up-to-date: /home/slam/r2_ws/lidar_ws/install/livox_ros_driver2/include/livox_ros_driver2/livox_ros_driver2\n'}
[19.753333] (livox_ros_driver2) StdoutLine: {'line': b'-- Up-to-date: /home/slam/r2_ws/lidar_ws/install/livox_ros_driver2/include/livox_ros_driver2/livox_ros_driver2/msg\n'}
[19.753412] (livox_ros_driver2) StdoutLine: {'line': b'-- Up-to-date: /home/slam/r2_ws/lidar_ws/install/livox_ros_driver2/include/livox_ros_driver2/livox_ros_driver2/msg/detail\n'}
[19.753504] (livox_ros_driver2) StdoutLine: {'line': b'-- Installing: /home/slam/r2_ws/lidar_ws/install/livox_ros_driver2/include/livox_ros_driver2/livox_ros_driver2/msg/detail/custom_point__rosidl_typesupport_fastrtps_c.h\n'}
[19.753680] (livox_ros_driver2) StdoutLine: {'line': b'-- Installing: /home/slam/r2_ws/lidar_ws/install/livox_ros_driver2/include/livox_ros_driver2/livox_ros_driver2/msg/detail/custom_msg__rosidl_typesupport_fastrtps_c.h\n'}
[19.753849] (livox_ros_driver2) StdoutLine: {'line': b'-- Installing: /home/slam/r2_ws/lidar_ws/install/livox_ros_driver2/include/livox_ros_driver2/livox_ros_driver2/msg/rosidl_typesupport_fastrtps_c__visibility_control.h\n'}
[19.754078] (livox_ros_driver2) StdoutLine: {'line': b'-- Installing: /home/slam/r2_ws/lidar_ws/install/livox_ros_driver2/lib/liblivox_ros_driver2__rosidl_typesupport_fastrtps_c.so\n'}
[19.754563] (livox_ros_driver2) StdoutLine: {'line': b'-- Set runtime path of "/home/slam/r2_ws/lidar_ws/install/livox_ros_driver2/lib/liblivox_ros_driver2__rosidl_typesupport_fastrtps_c.so" to ""\n'}
[19.754721] (livox_ros_driver2) StdoutLine: {'line': b'-- Up-to-date: /home/slam/r2_ws/lidar_ws/install/livox_ros_driver2/include/livox_ros_driver2/livox_ros_driver2\n'}
[19.754801] (livox_ros_driver2) StdoutLine: {'line': b'-- Up-to-date: /home/slam/r2_ws/lidar_ws/install/livox_ros_driver2/include/livox_ros_driver2/livox_ros_driver2/msg\n'}
[19.754872] (livox_ros_driver2) StdoutLine: {'line': b'-- Up-to-date: /home/slam/r2_ws/lidar_ws/install/livox_ros_driver2/include/livox_ros_driver2/livox_ros_driver2/msg/detail\n'}
[19.758511] (livox_ros_driver2) StdoutLine: {'line': b'-- Installing: /home/slam/r2_ws/lidar_ws/install/livox_ros_driver2/include/livox_ros_driver2/livox_ros_driver2/msg/detail/custom_point__type_support.c\n'}
[19.758589] (livox_ros_driver2) StdoutLine: {'line': b'-- Installing: /home/slam/r2_ws/lidar_ws/install/livox_ros_driver2/include/livox_ros_driver2/livox_ros_driver2/msg/detail/custom_point__rosidl_typesupport_introspection_c.h\n'}
[19.758634] (livox_ros_driver2) StdoutLine: {'line': b'-- Installing: /home/slam/r2_ws/lidar_ws/install/livox_ros_driver2/include/livox_ros_driver2/livox_ros_driver2/msg/detail/custom_msg__rosidl_typesupport_introspection_c.h\n'}
[19.758674] (livox_ros_driver2) StdoutLine: {'line': b'-- Installing: /home/slam/r2_ws/lidar_ws/install/livox_ros_driver2/include/livox_ros_driver2/livox_ros_driver2/msg/detail/custom_msg__type_support.c\n'}
[19.758860] (livox_ros_driver2) StdoutLine: {'line': b'-- Installing: /home/slam/r2_ws/lidar_ws/install/livox_ros_driver2/include/livox_ros_driver2/livox_ros_driver2/msg/rosidl_typesupport_introspection_c__visibility_control.h\n'}
[19.758935] (livox_ros_driver2) StdoutLine: {'line': b'-- Installing: /home/slam/r2_ws/lidar_ws/install/livox_ros_driver2/lib/liblivox_ros_driver2__rosidl_typesupport_introspection_c.so\n'}
[19.758973] (livox_ros_driver2) StdoutLine: {'line': b'-- Set runtime path of "/home/slam/r2_ws/lidar_ws/install/livox_ros_driver2/lib/liblivox_ros_driver2__rosidl_typesupport_introspection_c.so" to ""\n'}
[19.759016] (livox_ros_driver2) StdoutLine: {'line': b'-- Installing: /home/slam/r2_ws/lidar_ws/install/livox_ros_driver2/lib/liblivox_ros_driver2__rosidl_typesupport_c.so\n'}
[19.759056] (livox_ros_driver2) StdoutLine: {'line': b'-- Set runtime path of "/home/slam/r2_ws/lidar_ws/install/livox_ros_driver2/lib/liblivox_ros_driver2__rosidl_typesupport_c.so" to ""\n'}
[19.759111] (livox_ros_driver2) StdoutLine: {'line': b'-- Up-to-date: /home/slam/r2_ws/lidar_ws/install/livox_ros_driver2/include/livox_ros_driver2/livox_ros_driver2\n'}
[19.759154] (livox_ros_driver2) StdoutLine: {'line': b'-- Up-to-date: /home/slam/r2_ws/lidar_ws/install/livox_ros_driver2/include/livox_ros_driver2/livox_ros_driver2/msg\n'}
[19.759193] (livox_ros_driver2) StdoutLine: {'line': b'-- Installing: /home/slam/r2_ws/lidar_ws/install/livox_ros_driver2/include/livox_ros_driver2/livox_ros_driver2/msg/custom_msg.hpp\n'}
[19.759233] (livox_ros_driver2) StdoutLine: {'line': b'-- Up-to-date: /home/slam/r2_ws/lidar_ws/install/livox_ros_driver2/include/livox_ros_driver2/livox_ros_driver2/msg/detail\n'}
[19.759273] (livox_ros_driver2) StdoutLine: {'line': b'-- Installing: /home/slam/r2_ws/lidar_ws/install/livox_ros_driver2/include/livox_ros_driver2/livox_ros_driver2/msg/detail/custom_point__type_support.hpp\n'}
[19.759313] (livox_ros_driver2) StdoutLine: {'line': b'-- Installing: /home/slam/r2_ws/lidar_ws/install/livox_ros_driver2/include/livox_ros_driver2/livox_ros_driver2/msg/detail/custom_point__struct.hpp\n'}
[19.759353] (livox_ros_driver2) StdoutLine: {'line': b'-- Installing: /home/slam/r2_ws/lidar_ws/install/livox_ros_driver2/include/livox_ros_driver2/livox_ros_driver2/msg/detail/custom_msg__struct.hpp\n'}
[19.759392] (livox_ros_driver2) StdoutLine: {'line': b'-- Installing: /home/slam/r2_ws/lidar_ws/install/livox_ros_driver2/include/livox_ros_driver2/livox_ros_driver2/msg/detail/custom_msg__builder.hpp\n'}
[19.761005] (livox_ros_driver2) StdoutLine: {'line': b'-- Installing: /home/slam/r2_ws/lidar_ws/install/livox_ros_driver2/include/livox_ros_driver2/livox_ros_driver2/msg/detail/custom_point__builder.hpp\n'}
[19.761058] (livox_ros_driver2) StdoutLine: {'line': b'-- Installing: /home/slam/r2_ws/lidar_ws/install/livox_ros_driver2/include/livox_ros_driver2/livox_ros_driver2/msg/detail/custom_point__traits.hpp\n'}
[19.761104] (livox_ros_driver2) StdoutLine: {'line': b'-- Installing: /home/slam/r2_ws/lidar_ws/install/livox_ros_driver2/include/livox_ros_driver2/livox_ros_driver2/msg/detail/custom_msg__traits.hpp\n'}
[19.761149] (livox_ros_driver2) StdoutLine: {'line': b'-- Installing: /home/slam/r2_ws/lidar_ws/install/livox_ros_driver2/include/livox_ros_driver2/livox_ros_driver2/msg/detail/custom_msg__type_support.hpp\n'}
[19.761195] (livox_ros_driver2) StdoutLine: {'line': b'-- Installing: /home/slam/r2_ws/lidar_ws/install/livox_ros_driver2/include/livox_ros_driver2/livox_ros_driver2/msg/custom_point.hpp\n'}
[19.761244] (livox_ros_driver2) StdoutLine: {'line': b'-- Installing: /home/slam/r2_ws/lidar_ws/install/livox_ros_driver2/include/livox_ros_driver2/livox_ros_driver2/msg/rosidl_generator_cpp__visibility_control.hpp\n'}
[19.761319] (livox_ros_driver2) StdoutLine: {'line': b'-- Up-to-date: /home/slam/r2_ws/lidar_ws/install/livox_ros_driver2/include/livox_ros_driver2/livox_ros_driver2\n'}
[19.761369] (livox_ros_driver2) StdoutLine: {'line': b'-- Up-to-date: /home/slam/r2_ws/lidar_ws/install/livox_ros_driver2/include/livox_ros_driver2/livox_ros_driver2/msg\n'}
[19.761416] (livox_ros_driver2) StdoutLine: {'line': b'-- Installing: /home/slam/r2_ws/lidar_ws/install/livox_ros_driver2/include/livox_ros_driver2/livox_ros_driver2/msg/rosidl_typesupport_fastrtps_cpp__visibility_control.h\n'}
[19.761464] (livox_ros_driver2) StdoutLine: {'line': b'-- Up-to-date: /home/slam/r2_ws/lidar_ws/install/livox_ros_driver2/include/livox_ros_driver2/livox_ros_driver2/msg/detail\n'}
[19.761504] (livox_ros_driver2) StdoutLine: {'line': b'-- Installing: /home/slam/r2_ws/lidar_ws/install/livox_ros_driver2/include/livox_ros_driver2/livox_ros_driver2/msg/detail/custom_msg__rosidl_typesupport_fastrtps_cpp.hpp\n'}
[19.761547] (livox_ros_driver2) StdoutLine: {'line': b'-- Installing: /home/slam/r2_ws/lidar_ws/install/livox_ros_driver2/include/livox_ros_driver2/livox_ros_driver2/msg/detail/custom_point__rosidl_typesupport_fastrtps_cpp.hpp\n'}
[19.761594] (livox_ros_driver2) StdoutLine: {'line': b'-- Installing: /home/slam/r2_ws/lidar_ws/install/livox_ros_driver2/include/livox_ros_driver2/livox_ros_driver2/msg/detail/dds_fastrtps\n'}
[19.761675] (livox_ros_driver2) StdoutLine: {'line': b'-- Installing: /home/slam/r2_ws/lidar_ws/install/livox_ros_driver2/lib/liblivox_ros_driver2__rosidl_typesupport_fastrtps_cpp.so\n'}
[19.761716] (livox_ros_driver2) StdoutLine: {'line': b'-- Set runtime path of "/home/slam/r2_ws/lidar_ws/install/livox_ros_driver2/lib/liblivox_ros_driver2__rosidl_typesupport_fastrtps_cpp.so" to ""\n'}
[19.761756] (livox_ros_driver2) StdoutLine: {'line': b'-- Up-to-date: /home/slam/r2_ws/lidar_ws/install/livox_ros_driver2/include/livox_ros_driver2/livox_ros_driver2\n'}
[19.761928] (livox_ros_driver2) StdoutLine: {'line': b'-- Up-to-date: /home/slam/r2_ws/lidar_ws/install/livox_ros_driver2/include/livox_ros_driver2/livox_ros_driver2/msg\n'}
[19.762028] (livox_ros_driver2) StdoutLine: {'line': b'-- Up-to-date: /home/slam/r2_ws/lidar_ws/install/livox_ros_driver2/include/livox_ros_driver2/livox_ros_driver2/msg/detail\n'}
[19.762070] (livox_ros_driver2) StdoutLine: {'line': b'-- Installing: /home/slam/r2_ws/lidar_ws/install/livox_ros_driver2/include/livox_ros_driver2/livox_ros_driver2/msg/detail/custom_msg__type_support.cpp\n'}
[19.762112] (livox_ros_driver2) StdoutLine: {'line': b'-- Installing: /home/slam/r2_ws/lidar_ws/install/livox_ros_driver2/include/livox_ros_driver2/livox_ros_driver2/msg/detail/custom_point__rosidl_typesupport_introspection_cpp.hpp\n'}
[19.762217] (livox_ros_driver2) StdoutLine: {'line': b'-- Installing: /home/slam/r2_ws/lidar_ws/install/livox_ros_driver2/include/livox_ros_driver2/livox_ros_driver2/msg/detail/custom_msg__rosidl_typesupport_introspection_cpp.hpp\n'}
[19.762421] (livox_ros_driver2) StdoutLine: {'line': b'-- Installing: /home/slam/r2_ws/lidar_ws/install/livox_ros_driver2/include/livox_ros_driver2/livox_ros_driver2/msg/detail/custom_point__type_support.cpp\n'}
[19.765915] (livox_ros_driver2) StdoutLine: {'line': b'-- Installing: /home/slam/r2_ws/lidar_ws/install/livox_ros_driver2/lib/liblivox_ros_driver2__rosidl_typesupport_introspection_cpp.so\n'}
[19.766062] (livox_ros_driver2) StdoutLine: {'line': b'-- Set runtime path of "/home/slam/r2_ws/lidar_ws/install/livox_ros_driver2/lib/liblivox_ros_driver2__rosidl_typesupport_introspection_cpp.so" to ""\n'}
[19.766109] (livox_ros_driver2) StdoutLine: {'line': b'-- Installing: /home/slam/r2_ws/lidar_ws/install/livox_ros_driver2/lib/liblivox_ros_driver2__rosidl_typesupport_cpp.so\n'}
[19.766156] (livox_ros_driver2) StdoutLine: {'line': b'-- Set runtime path of "/home/slam/r2_ws/lidar_ws/install/livox_ros_driver2/lib/liblivox_ros_driver2__rosidl_typesupport_cpp.so" to ""\n'}
[19.766202] (livox_ros_driver2) StdoutLine: {'line': b'-- Installing: /home/slam/r2_ws/lidar_ws/install/livox_ros_driver2/share/livox_ros_driver2/environment/pythonpath.sh\n'}
[19.766247] (livox_ros_driver2) StdoutLine: {'line': b'-- Installing: /home/slam/r2_ws/lidar_ws/install/livox_ros_driver2/share/livox_ros_driver2/environment/pythonpath.dsv\n'}
[19.766290] (livox_ros_driver2) StdoutLine: {'line': b'-- Installing: /home/slam/r2_ws/lidar_ws/install/livox_ros_driver2/local/lib/python3.10/dist-packages/livox_ros_driver2-1.0.0-py3.10.egg-info\n'}
[19.766334] (livox_ros_driver2) StdoutLine: {'line': b'-- Installing: /home/slam/r2_ws/lidar_ws/install/livox_ros_driver2/local/lib/python3.10/dist-packages/livox_ros_driver2-1.0.0-py3.10.egg-info/PKG-INFO\n'}
[19.766378] (livox_ros_driver2) StdoutLine: {'line': b'-- Installing: /home/slam/r2_ws/lidar_ws/install/livox_ros_driver2/local/lib/python3.10/dist-packages/livox_ros_driver2-1.0.0-py3.10.egg-info/dependency_links.txt\n'}
[19.766422] (livox_ros_driver2) StdoutLine: {'line': b'-- Installing: /home/slam/r2_ws/lidar_ws/install/livox_ros_driver2/local/lib/python3.10/dist-packages/livox_ros_driver2-1.0.0-py3.10.egg-info/SOURCES.txt\n'}
[19.766464] (livox_ros_driver2) StdoutLine: {'line': b'-- Installing: /home/slam/r2_ws/lidar_ws/install/livox_ros_driver2/local/lib/python3.10/dist-packages/livox_ros_driver2-1.0.0-py3.10.egg-info/top_level.txt\n'}
[19.766504] (livox_ros_driver2) StdoutLine: {'line': b'-- Installing: /home/slam/r2_ws/lidar_ws/install/livox_ros_driver2/local/lib/python3.10/dist-packages/livox_ros_driver2\n'}
[19.766594] (livox_ros_driver2) StdoutLine: {'line': b'-- Installing: /home/slam/r2_ws/lidar_ws/install/livox_ros_driver2/local/lib/python3.10/dist-packages/livox_ros_driver2/livox_ros_driver2_s__rosidl_typesupport_fastrtps_c.cpython-310-x86_64-linux-gnu.so\n'}
[19.766641] (livox_ros_driver2) StdoutLine: {'line': b'-- Installing: /home/slam/r2_ws/lidar_ws/install/livox_ros_driver2/local/lib/python3.10/dist-packages/livox_ros_driver2/__init__.py\n'}
[19.766681] (livox_ros_driver2) StdoutLine: {'line': b'-- Installing: /home/slam/r2_ws/lidar_ws/install/livox_ros_driver2/local/lib/python3.10/dist-packages/livox_ros_driver2/msg\n'}
[19.766858] (livox_ros_driver2) StdoutLine: {'line': b'-- Installing: /home/slam/r2_ws/lidar_ws/install/livox_ros_driver2/local/lib/python3.10/dist-packages/livox_ros_driver2/msg/_custom_msg_s.c\n'}
[19.766943] (livox_ros_driver2) StdoutLine: {'line': b'-- Installing: /home/slam/r2_ws/lidar_ws/install/livox_ros_driver2/local/lib/python3.10/dist-packages/livox_ros_driver2/msg/__init__.py\n'}
[19.767073] (livox_ros_driver2) StdoutLine: {'line': b'-- Installing: /home/slam/r2_ws/lidar_ws/install/livox_ros_driver2/local/lib/python3.10/dist-packages/livox_ros_driver2/msg/_custom_point.py\n'}
[19.767233] (livox_ros_driver2) StdoutLine: {'line': b'-- Installing: /home/slam/r2_ws/lidar_ws/install/livox_ros_driver2/local/lib/python3.10/dist-packages/livox_ros_driver2/msg/_custom_point_s.c\n'}
[19.767520] (livox_ros_driver2) StdoutLine: {'line': b'-- Installing: /home/slam/r2_ws/lidar_ws/install/livox_ros_driver2/local/lib/python3.10/dist-packages/livox_ros_driver2/msg/_custom_msg.py\n'}
[19.767615] (livox_ros_driver2) StdoutLine: {'line': b'-- Installing: /home/slam/r2_ws/lidar_ws/install/livox_ros_driver2/local/lib/python3.10/dist-packages/livox_ros_driver2/livox_ros_driver2_s__rosidl_typesupport_introspection_c.cpython-310-x86_64-linux-gnu.so\n'}
[19.767752] (livox_ros_driver2) StdoutLine: {'line': b'-- Installing: /home/slam/r2_ws/lidar_ws/install/livox_ros_driver2/local/lib/python3.10/dist-packages/livox_ros_driver2/_livox_ros_driver2_s.ep.rosidl_typesupport_c.c\n'}
[19.768063] (livox_ros_driver2) StdoutLine: {'line': b'-- Installing: /home/slam/r2_ws/lidar_ws/install/livox_ros_driver2/local/lib/python3.10/dist-packages/livox_ros_driver2/_livox_ros_driver2_s.ep.rosidl_typesupport_introspection_c.c\n'}
[19.768150] (livox_ros_driver2) StdoutLine: {'line': b'-- Installing: /home/slam/r2_ws/lidar_ws/install/livox_ros_driver2/local/lib/python3.10/dist-packages/livox_ros_driver2/liblivox_interfaces2__rosidl_generator_py.so\n'}
[19.768309] (livox_ros_driver2) StdoutLine: {'line': b'-- Installing: /home/slam/r2_ws/lidar_ws/install/livox_ros_driver2/local/lib/python3.10/dist-packages/livox_ros_driver2/livox_ros_driver2_s__rosidl_typesupport_c.cpython-310-x86_64-linux-gnu.so\n'}
[19.768507] (livox_ros_driver2) StdoutLine: {'line': b'-- Installing: /home/slam/r2_ws/lidar_ws/install/livox_ros_driver2/local/lib/python3.10/dist-packages/livox_ros_driver2/_livox_ros_driver2_s.ep.rosidl_typesupport_fastrtps_c.c\n'}
[19.846205] (livox_sdk2) StdoutLine: {'line': b'[100%] Built target debug_point_cloud\n'}
[19.846480] (livox_ros_driver2) StdoutLine: {'line': b"Listing '/home/slam/r2_ws/lidar_ws/install/livox_ros_driver2/local/lib/python3.10/dist-packages/livox_ros_driver2'...\n"}
[19.846603] (livox_ros_driver2) StdoutLine: {'line': b"Compiling '/home/slam/r2_ws/lidar_ws/install/livox_ros_driver2/local/lib/python3.10/dist-packages/livox_ros_driver2/__init__.py'...\n"}
[19.846644] (livox_ros_driver2) StdoutLine: {'line': b"Listing '/home/slam/r2_ws/lidar_ws/install/livox_ros_driver2/local/lib/python3.10/dist-packages/livox_ros_driver2/msg'...\n"}
[19.846676] (livox_ros_driver2) StdoutLine: {'line': b"Compiling '/home/slam/r2_ws/lidar_ws/install/livox_ros_driver2/local/lib/python3.10/dist-packages/livox_ros_driver2/msg/__init__.py'...\n"}
[19.846708] (livox_ros_driver2) StdoutLine: {'line': b"Compiling '/home/slam/r2_ws/lidar_ws/install/livox_ros_driver2/local/lib/python3.10/dist-packages/livox_ros_driver2/msg/_custom_msg.py'...\n"}
[19.846738] (livox_ros_driver2) StdoutLine: {'line': b"Compiling '/home/slam/r2_ws/lidar_ws/install/livox_ros_driver2/local/lib/python3.10/dist-packages/livox_ros_driver2/msg/_custom_point.py'...\n"}
[19.852221] (-) TimerEvent: {}
[19.855380] (livox_ros_driver2) StdoutLine: {'line': b'-- Installing: /home/slam/r2_ws/lidar_ws/install/livox_ros_driver2/local/lib/python3.10/dist-packages/livox_ros_driver2/livox_ros_driver2_s__rosidl_typesupport_fastrtps_c.cpython-310-x86_64-linux-gnu.so\n'}
[19.855643] (livox_ros_driver2) StdoutLine: {'line': b'-- Set runtime path of "/home/slam/r2_ws/lidar_ws/install/livox_ros_driver2/local/lib/python3.10/dist-packages/livox_ros_driver2/livox_ros_driver2_s__rosidl_typesupport_fastrtps_c.cpython-310-x86_64-linux-gnu.so" to ""\n'}
[19.855694] (livox_ros_driver2) StdoutLine: {'line': b'-- Installing: /home/slam/r2_ws/lidar_ws/install/livox_ros_driver2/local/lib/python3.10/dist-packages/livox_ros_driver2/livox_ros_driver2_s__rosidl_typesupport_introspection_c.cpython-310-x86_64-linux-gnu.so\n'}
[19.860298] (livox_sdk2) StdoutLine: {'line': b'[100%] Built target lidar_cmd_observer\n'}
[19.860871] (livox_ros_driver2) StdoutLine: {'line': b'-- Set runtime path of "/home/slam/r2_ws/lidar_ws/install/livox_ros_driver2/local/lib/python3.10/dist-packages/livox_ros_driver2/livox_ros_driver2_s__rosidl_typesupport_introspection_c.cpython-310-x86_64-linux-gnu.so" to ""\n'}
[19.861012] (livox_ros_driver2) StdoutLine: {'line': b'-- Installing: /home/slam/r2_ws/lidar_ws/install/livox_ros_driver2/local/lib/python3.10/dist-packages/livox_ros_driver2/livox_ros_driver2_s__rosidl_typesupport_c.cpython-310-x86_64-linux-gnu.so\n'}
[19.861064] (livox_ros_driver2) StdoutLine: {'line': b'-- Set runtime path of "/home/slam/r2_ws/lidar_ws/install/livox_ros_driver2/local/lib/python3.10/dist-packages/livox_ros_driver2/livox_ros_driver2_s__rosidl_typesupport_c.cpython-310-x86_64-linux-gnu.so" to ""\n'}
[19.861108] (livox_ros_driver2) StdoutLine: {'line': b'-- Installing: /home/slam/r2_ws/lidar_ws/install/livox_ros_driver2/lib/liblivox_interfaces2__rosidl_generator_py.so\n'}
[19.861150] (livox_ros_driver2) StdoutLine: {'line': b'-- Set runtime path of "/home/slam/r2_ws/lidar_ws/install/livox_ros_driver2/lib/liblivox_interfaces2__rosidl_generator_py.so" to ""\n'}
[19.861191] (livox_ros_driver2) StdoutLine: {'line': b'-- Installing: /home/slam/r2_ws/lidar_ws/install/livox_ros_driver2/share/livox_ros_driver2/rust\n'}
[19.861230] (livox_ros_driver2) StdoutLine: {'line': b'-- Installing: /home/slam/r2_ws/lidar_ws/install/livox_ros_driver2/share/livox_ros_driver2/rust/src\n'}
[19.861266] (livox_ros_driver2) StdoutLine: {'line': b'-- Installing: /home/slam/r2_ws/lidar_ws/install/livox_ros_driver2/share/livox_ros_driver2/rust/src/msg.rs\n'}
[19.861303] (livox_ros_driver2) StdoutLine: {'line': b'-- Installing: /home/slam/r2_ws/lidar_ws/install/livox_ros_driver2/share/livox_ros_driver2/rust/src/msg\n'}
[19.861338] (livox_ros_driver2) StdoutLine: {'line': b'-- Installing: /home/slam/r2_ws/lidar_ws/install/livox_ros_driver2/share/livox_ros_driver2/rust/src/msg/rmw.rs\n'}
[19.861374] (livox_ros_driver2) StdoutLine: {'line': b'-- Installing: /home/slam/r2_ws/lidar_ws/install/livox_ros_driver2/share/livox_ros_driver2/rust/src/lib.rs\n'}
[19.861409] (livox_ros_driver2) StdoutLine: {'line': b'-- Installing: /home/slam/r2_ws/lidar_ws/install/livox_ros_driver2/share/livox_ros_driver2/rust/build.rs\n'}
[19.861446] (livox_ros_driver2) StdoutLine: {'line': b'-- Installing: /home/slam/r2_ws/lidar_ws/install/livox_ros_driver2/share/livox_ros_driver2/rust/Cargo.toml\n'}
[19.861483] (livox_ros_driver2) StdoutLine: {'line': b'-- Installing: /home/slam/r2_ws/lidar_ws/install/livox_ros_driver2/share/livox_ros_driver2/msg/CustomPoint.idl\n'}
[19.861517] (livox_ros_driver2) StdoutLine: {'line': b'-- Installing: /home/slam/r2_ws/lidar_ws/install/livox_ros_driver2/share/livox_ros_driver2/msg/CustomMsg.idl\n'}
[19.861554] (livox_ros_driver2) StdoutLine: {'line': b'-- Installing: /home/slam/r2_ws/lidar_ws/install/livox_ros_driver2/share/livox_ros_driver2/msg/CustomPoint.msg\n'}
[19.861595] (livox_ros_driver2) StdoutLine: {'line': b'-- Installing: /home/slam/r2_ws/lidar_ws/install/livox_ros_driver2/share/livox_ros_driver2/msg/CustomMsg.msg\n'}
[19.861636] (livox_ros_driver2) StdoutLine: {'line': b'-- Installing: /home/slam/r2_ws/lidar_ws/install/livox_ros_driver2/lib/livox_ros_driver2/livox_ros_driver2_node\n'}
[19.865731] (livox_ros_driver2) StdoutLine: {'line': b'-- Set runtime path of "/home/slam/r2_ws/lidar_ws/install/livox_ros_driver2/lib/livox_ros_driver2/livox_ros_driver2_node" to ""\n'}
[19.865969] (livox_ros_driver2) StdoutLine: {'line': b'-- Installing: /home/slam/r2_ws/lidar_ws/install/livox_ros_driver2/lib/liblivox_ros_driver2.so\n'}
[19.866074] (livox_ros_driver2) StdoutLine: {'line': b'-- Set runtime path of "/home/slam/r2_ws/lidar_ws/install/livox_ros_driver2/lib/liblivox_ros_driver2.so" to ""\n'}
[19.866250] (livox_ros_driver2) StdoutLine: {'line': b'-- Installing: /home/slam/r2_ws/lidar_ws/install/livox_ros_driver2/share/livox_ros_driver2/config\n'}
[19.866470] (livox_ros_driver2) StdoutLine: {'line': b'-- Installing: /home/slam/r2_ws/lidar_ws/install/livox_ros_driver2/share/livox_ros_driver2/config/mixed_HAP_MID360_config.json\n'}
[19.866794] (livox_ros_driver2) StdoutLine: {'line': b'-- Installing: /home/slam/r2_ws/lidar_ws/install/livox_ros_driver2/share/livox_ros_driver2/config/MID360_config.json\n'}
[19.866975] (livox_ros_driver2) StdoutLine: {'line': b'-- Installing: /home/slam/r2_ws/lidar_ws/install/livox_ros_driver2/share/livox_ros_driver2/config/display_point_cloud_ROS1.rviz\n'}
[19.867380] (livox_ros_driver2) StdoutLine: {'line': b'-- Installing: /home/slam/r2_ws/lidar_ws/install/livox_ros_driver2/share/livox_ros_driver2/config/AVIA2_config.json\n'}
[19.867669] (livox_ros_driver2) StdoutLine: {'line': b'-- Installing: /home/slam/r2_ws/lidar_ws/install/livox_ros_driver2/share/livox_ros_driver2/config/HAP_config.json\n'}
[19.867929] (livox_ros_driver2) StdoutLine: {'line': b'-- Installing: /home/slam/r2_ws/lidar_ws/install/livox_ros_driver2/share/livox_ros_driver2/config/MID360s_config.json\n'}
[19.868071] (livox_ros_driver2) StdoutLine: {'line': b'-- Installing: /home/slam/r2_ws/lidar_ws/install/livox_ros_driver2/share/livox_ros_driver2/config/display_point_cloud_ROS2.rviz\n'}
[19.868251] (livox_ros_driver2) StdoutLine: {'line': b'-- Installing: /home/slam/r2_ws/lidar_ws/install/livox_ros_driver2/share/livox_ros_driver2/launch_ROS2\n'}
[19.868500] (livox_ros_driver2) StdoutLine: {'line': b'-- Installing: /home/slam/r2_ws/lidar_ws/install/livox_ros_driver2/share/livox_ros_driver2/launch_ROS2/rviz_MID360s_launch.py\n'}
[19.868548] (livox_ros_driver2) StdoutLine: {'line': b'-- Installing: /home/slam/r2_ws/lidar_ws/install/livox_ros_driver2/share/livox_ros_driver2/launch_ROS2/rviz_MID360_launch.py\n'}
[19.868655] (livox_ros_driver2) StdoutLine: {'line': b'-- Installing: /home/slam/r2_ws/lidar_ws/install/livox_ros_driver2/share/livox_ros_driver2/launch_ROS2/rviz_HAP_launch.py\n'}
[19.868706] (livox_ros_driver2) StdoutLine: {'line': b'-- Installing: /home/slam/r2_ws/lidar_ws/install/livox_ros_driver2/share/livox_ros_driver2/launch_ROS2/msg_HAP_launch.py\n'}
[19.868806] (livox_ros_driver2) StdoutLine: {'line': b'-- Installing: /home/slam/r2_ws/lidar_ws/install/livox_ros_driver2/share/livox_ros_driver2/launch_ROS2/msg_MID360_launch.py\n'}
[19.868933] (livox_ros_driver2) StdoutLine: {'line': b'-- Installing: /home/slam/r2_ws/lidar_ws/install/livox_ros_driver2/share/livox_ros_driver2/launch_ROS2/rviz_mixed.py\n'}
[19.869046] (livox_ros_driver2) StdoutLine: {'line': b'-- Installing: /home/slam/r2_ws/lidar_ws/install/livox_ros_driver2/share/livox_ros_driver2/launch_ROS2/msg_AVIA2_launch.py\n'}
[19.869147] (livox_ros_driver2) StdoutLine: {'line': b'-- Installing: /home/slam/r2_ws/lidar_ws/install/livox_ros_driver2/share/livox_ros_driver2/launch_ROS2/msg_MID360s_launch.py\n'}
[19.869245] (livox_ros_driver2) StdoutLine: {'line': b'-- Installing: /home/slam/r2_ws/lidar_ws/install/livox_ros_driver2/share/livox_ros_driver2/launch_ROS2/rviz_AVIA2_launch.py\n'}
[19.869424] (livox_ros_driver2) StdoutLine: {'line': b'-- Installing: /home/slam/r2_ws/lidar_ws/install/livox_ros_driver2/share/ament_index/resource_index/package_run_dependencies/livox_ros_driver2\n'}
[19.869597] (livox_ros_driver2) StdoutLine: {'line': b'-- Installing: /home/slam/r2_ws/lidar_ws/install/livox_ros_driver2/share/ament_index/resource_index/parent_prefix_path/livox_ros_driver2\n'}
[19.869746] (livox_ros_driver2) StdoutLine: {'line': b'-- Installing: /home/slam/r2_ws/lidar_ws/install/livox_ros_driver2/share/livox_ros_driver2/environment/ament_prefix_path.sh\n'}
[19.869887] (livox_ros_driver2) StdoutLine: {'line': b'-- Installing: /home/slam/r2_ws/lidar_ws/install/livox_ros_driver2/share/livox_ros_driver2/environment/ament_prefix_path.dsv\n'}
[19.870046] (livox_ros_driver2) StdoutLine: {'line': b'-- Installing: /home/slam/r2_ws/lidar_ws/install/livox_ros_driver2/share/livox_ros_driver2/environment/path.sh\n'}
[19.870180] (livox_ros_driver2) StdoutLine: {'line': b'-- Installing: /home/slam/r2_ws/lidar_ws/install/livox_ros_driver2/share/livox_ros_driver2/environment/path.dsv\n'}
[19.870318] (livox_ros_driver2) StdoutLine: {'line': b'-- Installing: /home/slam/r2_ws/lidar_ws/install/livox_ros_driver2/share/livox_ros_driver2/local_setup.bash\n'}
[19.870456] (livox_ros_driver2) StdoutLine: {'line': b'-- Installing: /home/slam/r2_ws/lidar_ws/install/livox_ros_driver2/share/livox_ros_driver2/local_setup.sh\n'}
[19.870591] (livox_ros_driver2) StdoutLine: {'line': b'-- Installing: /home/slam/r2_ws/lidar_ws/install/livox_ros_driver2/share/livox_ros_driver2/local_setup.zsh\n'}
[19.870728] (livox_ros_driver2) StdoutLine: {'line': b'-- Installing: /home/slam/r2_ws/lidar_ws/install/livox_ros_driver2/share/livox_ros_driver2/local_setup.dsv\n'}
[19.870858] (livox_ros_driver2) StdoutLine: {'line': b'-- Installing: /home/slam/r2_ws/lidar_ws/install/livox_ros_driver2/share/livox_ros_driver2/package.dsv\n'}
[19.871048] (livox_ros_driver2) StdoutLine: {'line': b'-- Installing: /home/slam/r2_ws/lidar_ws/install/livox_ros_driver2/share/ament_index/resource_index/packages/livox_ros_driver2\n'}
[19.871208] (livox_ros_driver2) StdoutLine: {'line': b'-- Installing: /home/slam/r2_ws/lidar_ws/install/livox_ros_driver2/share/ament_index/resource_index/rclcpp_components/livox_ros_driver2\n'}
[19.871389] (livox_ros_driver2) StdoutLine: {'line': b'-- Installing: /home/slam/r2_ws/lidar_ws/install/livox_ros_driver2/share/livox_ros_driver2/cmake/export_livox_interfaces2__rosidl_generator_cExport.cmake\n'}
[19.871544] (livox_ros_driver2) StdoutLine: {'line': b'-- Installing: /home/slam/r2_ws/lidar_ws/install/livox_ros_driver2/share/livox_ros_driver2/cmake/export_livox_interfaces2__rosidl_generator_cExport-noconfig.cmake\n'}
[19.871693] (livox_ros_driver2) StdoutLine: {'line': b'-- Installing: /home/slam/r2_ws/lidar_ws/install/livox_ros_driver2/share/livox_ros_driver2/cmake/export_livox_interfaces2__rosidl_typesupport_fastrtps_cExport.cmake\n'}
[19.871845] (livox_ros_driver2) StdoutLine: {'line': b'-- Installing: /home/slam/r2_ws/lidar_ws/install/livox_ros_driver2/share/livox_ros_driver2/cmake/export_livox_interfaces2__rosidl_typesupport_fastrtps_cExport-noconfig.cmake\n'}
[19.872025] (livox_ros_driver2) StdoutLine: {'line': b'-- Installing: /home/slam/r2_ws/lidar_ws/install/livox_ros_driver2/share/livox_ros_driver2/cmake/livox_interfaces2__rosidl_typesupport_introspection_cExport.cmake\n'}
[19.872172] (livox_ros_driver2) StdoutLine: {'line': b'-- Installing: /home/slam/r2_ws/lidar_ws/install/livox_ros_driver2/share/livox_ros_driver2/cmake/livox_interfaces2__rosidl_typesupport_introspection_cExport-noconfig.cmake\n'}
[19.872320] (livox_ros_driver2) StdoutLine: {'line': b'-- Installing: /home/slam/r2_ws/lidar_ws/install/livox_ros_driver2/share/livox_ros_driver2/cmake/livox_interfaces2__rosidl_typesupport_cExport.cmake\n'}
[19.872468] (livox_ros_driver2) StdoutLine: {'line': b'-- Installing: /home/slam/r2_ws/lidar_ws/install/livox_ros_driver2/share/livox_ros_driver2/cmake/livox_interfaces2__rosidl_typesupport_cExport-noconfig.cmake\n'}
[19.872620] (livox_ros_driver2) StdoutLine: {'line': b'-- Installing: /home/slam/r2_ws/lidar_ws/install/livox_ros_driver2/share/livox_ros_driver2/cmake/export_livox_interfaces2__rosidl_generator_cppExport.cmake\n'}
[19.872768] (livox_ros_driver2) StdoutLine: {'line': b'-- Installing: /home/slam/r2_ws/lidar_ws/install/livox_ros_driver2/share/livox_ros_driver2/cmake/export_livox_interfaces2__rosidl_typesupport_fastrtps_cppExport.cmake\n'}
[19.872911] (livox_ros_driver2) StdoutLine: {'line': b'-- Installing: /home/slam/r2_ws/lidar_ws/install/livox_ros_driver2/share/livox_ros_driver2/cmake/export_livox_interfaces2__rosidl_typesupport_fastrtps_cppExport-noconfig.cmake\n'}
[19.873067] (livox_ros_driver2) StdoutLine: {'line': b'-- Installing: /home/slam/r2_ws/lidar_ws/install/livox_ros_driver2/share/livox_ros_driver2/cmake/livox_interfaces2__rosidl_typesupport_introspection_cppExport.cmake\n'}
[19.873212] (livox_ros_driver2) StdoutLine: {'line': b'-- Installing: /home/slam/r2_ws/lidar_ws/install/livox_ros_driver2/share/livox_ros_driver2/cmake/livox_interfaces2__rosidl_typesupport_introspection_cppExport-noconfig.cmake\n'}
[19.873355] (livox_ros_driver2) StdoutLine: {'line': b'-- Installing: /home/slam/r2_ws/lidar_ws/install/livox_ros_driver2/share/livox_ros_driver2/cmake/livox_interfaces2__rosidl_typesupport_cppExport.cmake\n'}
[19.873498] (livox_ros_driver2) StdoutLine: {'line': b'-- Installing: /home/slam/r2_ws/lidar_ws/install/livox_ros_driver2/share/livox_ros_driver2/cmake/livox_interfaces2__rosidl_typesupport_cppExport-noconfig.cmake\n'}
[19.873643] (livox_ros_driver2) StdoutLine: {'line': b'-- Installing: /home/slam/r2_ws/lidar_ws/install/livox_ros_driver2/share/livox_ros_driver2/cmake/export_livox_interfaces2__rosidl_generator_pyExport.cmake\n'}
[19.873785] (livox_ros_driver2) StdoutLine: {'line': b'-- Installing: /home/slam/r2_ws/lidar_ws/install/livox_ros_driver2/share/livox_ros_driver2/cmake/export_livox_interfaces2__rosidl_generator_pyExport-noconfig.cmake\n'}
[19.873923] (livox_ros_driver2) StdoutLine: {'line': b'-- Installing: /home/slam/r2_ws/lidar_ws/install/livox_ros_driver2/share/livox_ros_driver2/cmake/rosidl_cmake-extras.cmake\n'}
[19.874081] (livox_ros_driver2) StdoutLine: {'line': b'-- Installing: /home/slam/r2_ws/lidar_ws/install/livox_ros_driver2/share/livox_ros_driver2/cmake/ament_cmake_export_dependencies-extras.cmake\n'}
[19.874223] (livox_ros_driver2) StdoutLine: {'line': b'-- Installing: /home/slam/r2_ws/lidar_ws/install/livox_ros_driver2/share/livox_ros_driver2/cmake/ament_cmake_export_include_directories-extras.cmake\n'}
[19.874363] (livox_ros_driver2) StdoutLine: {'line': b'-- Installing: /home/slam/r2_ws/lidar_ws/install/livox_ros_driver2/share/livox_ros_driver2/cmake/ament_cmake_export_libraries-extras.cmake\n'}
[19.874505] (livox_ros_driver2) StdoutLine: {'line': b'-- Installing: /home/slam/r2_ws/lidar_ws/install/livox_ros_driver2/share/livox_ros_driver2/cmake/ament_cmake_export_targets-extras.cmake\n'}
[19.874638] (livox_ros_driver2) StdoutLine: {'line': b'-- Installing: /home/slam/r2_ws/lidar_ws/install/livox_ros_driver2/share/livox_ros_driver2/cmake/rosidl_cmake_export_typesupport_targets-extras.cmake\n'}
[19.874768] (livox_ros_driver2) StdoutLine: {'line': b'-- Installing: /home/slam/r2_ws/lidar_ws/install/livox_ros_driver2/share/livox_ros_driver2/cmake/rosidl_cmake_export_typesupport_libraries-extras.cmake\n'}
[19.874932] (livox_ros_driver2) StdoutLine: {'line': b'-- Installing: /home/slam/r2_ws/lidar_ws/install/livox_ros_driver2/share/livox_ros_driver2/cmake/rosidl_cmake_aggregate_target-extras.cmake\n'}
[19.875079] (livox_ros_driver2) StdoutLine: {'line': b'-- Installing: /home/slam/r2_ws/lidar_ws/install/livox_ros_driver2/share/livox_ros_driver2/cmake/livox_ros_driver2Config.cmake\n'}
[19.875204] (livox_ros_driver2) StdoutLine: {'line': b'-- Installing: /home/slam/r2_ws/lidar_ws/install/livox_ros_driver2/share/livox_ros_driver2/cmake/livox_ros_driver2Config-version.cmake\n'}
[19.875342] (livox_ros_driver2) StdoutLine: {'line': b'-- Installing: /home/slam/r2_ws/lidar_ws/install/livox_ros_driver2/share/livox_ros_driver2/package.xml\n'}
[19.881126] (livox_ros_driver2) CommandEnded: {'returncode': 0}
[19.891045] (livox_ros_driver2) JobEnded: {'identifier': 'livox_ros_driver2', 'rc': 0}
[19.891976] (super_lio) JobStarted: {'identifier': 'super_lio'}
[19.932603] (super_lio) JobProgress: {'identifier': 'super_lio', 'progress': 'cmake'}
[19.932683] (super_lio) Command: {'cmd': ['/usr/bin/cmake', '/home/slam/r2_ws/lidar_ws/src/Super-LIO/src/super_lio', '-DROS_EDITION=ROS2', '-DDISTRO_ROS=humble', '-DCMAKE_INSTALL_PREFIX=/home/slam/r2_ws/lidar_ws/install/super_lio'], 'cwd': '/home/slam/r2_ws/lidar_ws/build/super_lio', 'env': OrderedDict([('LESSOPEN', '| /usr/bin/lesspipe %s'), ('LANGUAGE', 'zh_CN:en'), ('USER', 'slam'), ('SSH_CLIENT', '10.88.122.74 36234 22'), ('LC_TIME', 'en_US.UTF-8'), ('XDG_SESSION_TYPE', 'tty'), ('SHLVL', '2'), ('LIBGL_ALWAYS_SOFTWARE', '1'), ('LD_LIBRARY_PATH', '/home/slam/r2_ws/lidar_ws/install/livox_ros_driver2/lib:/home/slam/r2_ws/lidar_ws/install/basic/lib:/home/slam/r2_ws/lidar_ws/install/super_lio/lib:/home/slam/r2_ws/lidar_ws/install/livox_sdk2/lib:/opt/ros/humble/opt/rviz_ogre_vendor/lib:/opt/ros/humble/lib/x86_64-linux-gnu:/opt/ros/humble/lib'), ('MOTD_SHOWN', 'pam'), ('HOME', '/home/slam'), ('OLDPWD', '/home/slam/r2_ws/lidar_ws/src/livox_ros_driver2'), ('SSH_TTY', '/dev/pts/0'), ('ROS_PYTHON_VERSION', '3'), ('LC_MONETARY', 'en_US.UTF-8'), ('DBUS_SESSION_BUS_ADDRESS', 'unix:path=/run/user/1000/bus'), ('COLCON_PREFIX_PATH', '/home/slam/r2_ws/lidar_ws/install'), ('ROS_DISTRO', 'humble'), ('LOGNAME', 'slam'), ('_', '/home/slam/.local/bin/colcon'), ('ROS_VERSION', 'ROS2'), ('XDG_SESSION_CLASS', 'user'), ('TERM', 'xterm-256color'), ('XDG_SESSION_ID', '4'), ('ROS_LOCALHOST_ONLY', '0'), ('PATH', '/home/slam/.local/bin:/opt/ros/humble/bin:/usr/local/sbin:/usr/local/bin:/usr/sbin:/usr/bin:/sbin:/bin:/usr/games:/usr/local/games:/snap/bin'), ('PAPERSIZE', 'letter'), ('LC_ADDRESS', 'en_US.UTF-8'), ('XDG_RUNTIME_DIR', '/run/user/1000'), ('DISPLAY', 'localhost:10.0'), ('LANG', 'zh_CN.UTF-8'), ('LC_TELEPHONE', 'en_US.UTF-8'), ('LS_COLORS', 'rs=0:di=01;34:ln=01;36:mh=00:pi=40;33:so=01;35:do=01;35:bd=40;33;01:cd=40;33;01:or=40;31;01:mi=00:su=37;41:sg=30;43:ca=30;41:tw=30;42:ow=34;42:st=37;44:ex=01;32:*.tar=01;31:*.tgz=01;31:*.arc=01;31:*.arj=01;31:*.taz=01;31:*.lha=01;31:*.lz4=01;31:*.lzh=01;31:*.lzma=01;31:*.tlz=01;31:*.txz=01;31:*.tzo=01;31:*.t7z=01;31:*.zip=01;31:*.z=01;31:*.dz=01;31:*.gz=01;31:*.lrz=01;31:*.lz=01;31:*.lzo=01;31:*.xz=01;31:*.zst=01;31:*.tzst=01;31:*.bz2=01;31:*.bz=01;31:*.tbz=01;31:*.tbz2=01;31:*.tz=01;31:*.deb=01;31:*.rpm=01;31:*.jar=01;31:*.war=01;31:*.ear=01;31:*.sar=01;31:*.rar=01;31:*.alz=01;31:*.ace=01;31:*.zoo=01;31:*.cpio=01;31:*.7z=01;31:*.rz=01;31:*.cab=01;31:*.wim=01;31:*.swm=01;31:*.dwm=01;31:*.esd=01;31:*.jpg=01;35:*.jpeg=01;35:*.mjpg=01;35:*.mjpeg=01;35:*.gif=01;35:*.bmp=01;35:*.pbm=01;35:*.pgm=01;35:*.ppm=01;35:*.tga=01;35:*.xbm=01;35:*.xpm=01;35:*.tif=01;35:*.tiff=01;35:*.png=01;35:*.svg=01;35:*.svgz=01;35:*.mng=01;35:*.pcx=01;35:*.mov=01;35:*.mpg=01;35:*.mpeg=01;35:*.m2v=01;35:*.mkv=01;35:*.webm=01;35:*.webp=01;35:*.ogm=01;35:*.mp4=01;35:*.m4v=01;35:*.mp4v=01;35:*.vob=01;35:*.qt=01;35:*.nuv=01;35:*.wmv=01;35:*.asf=01;35:*.rm=01;35:*.rmvb=01;35:*.flc=01;35:*.avi=01;35:*.fli=01;35:*.flv=01;35:*.gl=01;35:*.dl=01;35:*.xcf=01;35:*.xwd=01;35:*.yuv=01;35:*.cgm=01;35:*.emf=01;35:*.ogv=01;35:*.ogx=01;35:*.aac=00;36:*.au=00;36:*.flac=00;36:*.m4a=00;36:*.mid=00;36:*.midi=00;36:*.mka=00;36:*.mp3=00;36:*.mpc=00;36:*.ogg=00;36:*.ra=00;36:*.wav=00;36:*.oga=00;36:*.opus=00;36:*.spx=00;36:*.xspf=00;36:'), ('AMENT_PREFIX_PATH', '/home/slam/r2_ws/lidar_ws/install/super_lio:/home/slam/r2_ws/lidar_ws/install/livox_ros_driver2:/home/slam/r2_ws/lidar_ws/install/basic:/opt/ros/humble'), ('SHELL', '/bin/bash'), ('LC_NAME', 'en_US.UTF-8'), ('LESSCLOSE', '/usr/bin/lesspipe %s %s'), ('LC_MEASUREMENT', 'en_US.UTF-8'), ('LC_IDENTIFICATION', 'en_US.UTF-8'), ('PWD', '/home/slam/r2_ws/lidar_ws/build/super_lio'), ('QT_QPA_PLATFORM', 'xcb'), ('LC_ALL', 'en_US.UTF-8'), ('SSH_CONNECTION', '10.88.122.74 36234 10.88.122.14 22'), ('XDG_DATA_DIRS', '/usr/share/gnome:/usr/local/share:/usr/share:/var/lib/snapd/desktop'), ('PYTHONPATH', '/home/slam/r2_ws/lidar_ws/install/super_lio/local/lib/python3.10/dist-packages:/home/slam/r2_ws/lidar_ws/install/livox_ros_driver2/local/lib/python3.10/dist-packages:/opt/ros/humble/lib/python3.10/site-packages:/opt/ros/humble/local/lib/python3.10/dist-packages'), ('LC_NUMERIC', 'en_US.UTF-8'), ('LC_PAPER', 'en_US.UTF-8'), ('COLCON', '1'), ('CMAKE_PREFIX_PATH', '/home/slam/r2_ws/lidar_ws/install/livox_ros_driver2:/home/slam/r2_ws/lidar_ws/install/basic:/home/slam/r2_ws/lidar_ws/install/super_lio:/opt/ros/humble')]), 'shell': False}
[19.952361] (-) TimerEvent: {}
[20.002368] (super_lio) StdoutLine: {'line': b'-- The CXX compiler identification is GNU 11.4.0\n'}
[20.003118] (livox_sdk2) StdoutLine: {'line': b'[100%] Built target livox_lidar_quick_start\n'}
[20.027078] (livox_sdk2) StdoutLine: {'line': b'[100%] Built target livox_lidar_ip_set\n'}
[20.043102] (super_lio) StdoutLine: {'line': b'-- The C compiler identification is GNU 11.4.0\n'}
[20.049711] (super_lio) StdoutLine: {'line': b'-- Detecting CXX compiler ABI info\n'}
[20.052466] (-) TimerEvent: {}
[20.086152] (livox_sdk2) StdoutLine: {'line': b'[100%] Built target logger\n'}
[20.138672] (super_lio) StdoutLine: {'line': b'-- Detecting CXX compiler ABI info - done\n'}
[20.147481] (super_lio) StdoutLine: {'line': b'-- Check for working CXX compiler: /usr/bin/c++ - skipped\n'}
[20.147810] (super_lio) StdoutLine: {'line': b'-- Detecting CXX compile features\n'}
[20.148008] (super_lio) StdoutLine: {'line': b'-- Detecting CXX compile features - done\n'}
[20.150572] (super_lio) StdoutLine: {'line': b'-- Detecting C compiler ABI info\n'}
[20.152571] (-) TimerEvent: {}
[20.219639] (livox_sdk2) StdoutLine: {'line': b'[100%] Built target multi_lidars_upgrade\n'}
[20.230020] (super_lio) StdoutLine: {'line': b'-- Detecting C compiler ABI info - done\n'}
[20.235176] (super_lio) StdoutLine: {'line': b'-- Check for working C compiler: /usr/bin/cc - skipped\n'}
[20.235342] (super_lio) StdoutLine: {'line': b'-- Detecting C compile features\n'}
[20.235574] (super_lio) StdoutLine: {'line': b'-- Detecting C compile features - done\n'}
[20.237169] (super_lio) StdoutLine: {'line': b'-- Found ament_cmake: 1.3.14 (/opt/ros/humble/share/ament_cmake/cmake)\n'}
[20.252739] (-) TimerEvent: {}
[20.289703] (livox_sdk2) StdoutLine: {'line': b'[100%] Built target livox_lidar_sdk_shared\n'}
[20.352864] (-) TimerEvent: {}
[20.353147] (super_lio) StdoutLine: {'line': b'-- Found Python3: /usr/bin/python3 (found version "3.10.12") found components: Interpreter \n'}
[20.353647] (livox_sdk2) StdoutLine: {'line': b'[100%] Built target livox_lidar_rmc_time_sync\n'}
[20.379531] (livox_sdk2) StdoutLine: {'line': b'[100%] Built target livox_lidar_info_get\n'}
[20.387751] (livox_sdk2) CommandEnded: {'returncode': 0}
[20.388834] (livox_sdk2) JobProgress: {'identifier': 'livox_sdk2', 'progress': 'install'}
[20.388891] (livox_sdk2) Command: {'cmd': ['/usr/bin/cmake', '--install', '/home/slam/r2_ws/lidar_ws/build/livox_sdk2'], 'cwd': '/home/slam/r2_ws/lidar_ws/build/livox_sdk2', 'env': OrderedDict([('LESSOPEN', '| /usr/bin/lesspipe %s'), ('LANGUAGE', 'zh_CN:en'), ('USER', 'slam'), ('SSH_CLIENT', '10.88.122.74 36234 22'), ('LC_TIME', 'en_US.UTF-8'), ('XDG_SESSION_TYPE', 'tty'), ('SHLVL', '2'), ('LIBGL_ALWAYS_SOFTWARE', '1'), ('LD_LIBRARY_PATH', '/home/slam/r2_ws/lidar_ws/install/super_lio/lib:/home/slam/r2_ws/lidar_ws/install/livox_sdk2/lib:/home/slam/r2_ws/lidar_ws/install/livox_ros_driver2/lib:/home/slam/r2_ws/lidar_ws/install/basic/lib:/opt/ros/humble/opt/rviz_ogre_vendor/lib:/opt/ros/humble/lib/x86_64-linux-gnu:/opt/ros/humble/lib'), ('MOTD_SHOWN', 'pam'), ('HOME', '/home/slam'), ('OLDPWD', '/home/slam/r2_ws/lidar_ws/src/livox_ros_driver2'), ('SSH_TTY', '/dev/pts/0'), ('ROS_PYTHON_VERSION', '3'), ('LC_MONETARY', 'en_US.UTF-8'), ('DBUS_SESSION_BUS_ADDRESS', 'unix:path=/run/user/1000/bus'), ('COLCON_PREFIX_PATH', '/home/slam/r2_ws/lidar_ws/install'), ('ROS_DISTRO', 'humble'), ('LOGNAME', 'slam'), ('_', '/home/slam/.local/bin/colcon'), ('ROS_VERSION', 'ROS2'), ('XDG_SESSION_CLASS', 'user'), ('TERM', 'xterm-256color'), ('XDG_SESSION_ID', '4'), ('ROS_LOCALHOST_ONLY', '0'), ('PATH', '/home/slam/.local/bin:/opt/ros/humble/bin:/usr/local/sbin:/usr/local/bin:/usr/sbin:/usr/bin:/sbin:/bin:/usr/games:/usr/local/games:/snap/bin'), ('PAPERSIZE', 'letter'), ('LC_ADDRESS', 'en_US.UTF-8'), ('XDG_RUNTIME_DIR', '/run/user/1000'), ('DISPLAY', 'localhost:10.0'), ('LANG', 'zh_CN.UTF-8'), ('LC_TELEPHONE', 'en_US.UTF-8'), ('LS_COLORS', 'rs=0:di=01;34:ln=01;36:mh=00:pi=40;33:so=01;35:do=01;35:bd=40;33;01:cd=40;33;01:or=40;31;01:mi=00:su=37;41:sg=30;43:ca=30;41:tw=30;42:ow=34;42:st=37;44:ex=01;32:*.tar=01;31:*.tgz=01;31:*.arc=01;31:*.arj=01;31:*.taz=01;31:*.lha=01;31:*.lz4=01;31:*.lzh=01;31:*.lzma=01;31:*.tlz=01;31:*.txz=01;31:*.tzo=01;31:*.t7z=01;31:*.zip=01;31:*.z=01;31:*.dz=01;31:*.gz=01;31:*.lrz=01;31:*.lz=01;31:*.lzo=01;31:*.xz=01;31:*.zst=01;31:*.tzst=01;31:*.bz2=01;31:*.bz=01;31:*.tbz=01;31:*.tbz2=01;31:*.tz=01;31:*.deb=01;31:*.rpm=01;31:*.jar=01;31:*.war=01;31:*.ear=01;31:*.sar=01;31:*.rar=01;31:*.alz=01;31:*.ace=01;31:*.zoo=01;31:*.cpio=01;31:*.7z=01;31:*.rz=01;31:*.cab=01;31:*.wim=01;31:*.swm=01;31:*.dwm=01;31:*.esd=01;31:*.jpg=01;35:*.jpeg=01;35:*.mjpg=01;35:*.mjpeg=01;35:*.gif=01;35:*.bmp=01;35:*.pbm=01;35:*.pgm=01;35:*.ppm=01;35:*.tga=01;35:*.xbm=01;35:*.xpm=01;35:*.tif=01;35:*.tiff=01;35:*.png=01;35:*.svg=01;35:*.svgz=01;35:*.mng=01;35:*.pcx=01;35:*.mov=01;35:*.mpg=01;35:*.mpeg=01;35:*.m2v=01;35:*.mkv=01;35:*.webm=01;35:*.webp=01;35:*.ogm=01;35:*.mp4=01;35:*.m4v=01;35:*.mp4v=01;35:*.vob=01;35:*.qt=01;35:*.nuv=01;35:*.wmv=01;35:*.asf=01;35:*.rm=01;35:*.rmvb=01;35:*.flc=01;35:*.avi=01;35:*.fli=01;35:*.flv=01;35:*.gl=01;35:*.dl=01;35:*.xcf=01;35:*.xwd=01;35:*.yuv=01;35:*.cgm=01;35:*.emf=01;35:*.ogv=01;35:*.ogx=01;35:*.aac=00;36:*.au=00;36:*.flac=00;36:*.m4a=00;36:*.mid=00;36:*.midi=00;36:*.mka=00;36:*.mp3=00;36:*.mpc=00;36:*.ogg=00;36:*.ra=00;36:*.wav=00;36:*.oga=00;36:*.opus=00;36:*.spx=00;36:*.xspf=00;36:'), ('AMENT_PREFIX_PATH', '/home/slam/r2_ws/lidar_ws/install/super_lio:/home/slam/r2_ws/lidar_ws/install/livox_ros_driver2:/home/slam/r2_ws/lidar_ws/install/basic:/opt/ros/humble'), ('SHELL', '/bin/bash'), ('LC_NAME', 'en_US.UTF-8'), ('LESSCLOSE', '/usr/bin/lesspipe %s %s'), ('LC_MEASUREMENT', 'en_US.UTF-8'), ('LC_IDENTIFICATION', 'en_US.UTF-8'), ('PWD', '/home/slam/r2_ws/lidar_ws/build/livox_sdk2'), ('QT_QPA_PLATFORM', 'xcb'), ('LC_ALL', 'en_US.UTF-8'), ('SSH_CONNECTION', '10.88.122.74 36234 10.88.122.14 22'), ('XDG_DATA_DIRS', '/usr/share/gnome:/usr/local/share:/usr/share:/var/lib/snapd/desktop'), ('PYTHONPATH', '/home/slam/r2_ws/lidar_ws/install/super_lio/local/lib/python3.10/dist-packages:/home/slam/r2_ws/lidar_ws/install/livox_ros_driver2/local/lib/python3.10/dist-packages:/opt/ros/humble/lib/python3.10/site-packages:/opt/ros/humble/local/lib/python3.10/dist-packages'), ('LC_NUMERIC', 'en_US.UTF-8'), ('LC_PAPER', 'en_US.UTF-8'), ('COLCON', '1'), ('CMAKE_PREFIX_PATH', '/home/slam/r2_ws/lidar_ws/install/super_lio:/home/slam/r2_ws/lidar_ws/install/livox_ros_driver2:/home/slam/r2_ws/lidar_ws/install/basic')]), 'shell': False}
[20.394755] (livox_sdk2) StdoutLine: {'line': b'-- Install configuration: ""\n'}
[20.394868] (livox_sdk2) StdoutLine: {'line': b'-- Installing: /home/slam/r2_ws/lidar_ws/install/livox_sdk2/lib/liblivox_lidar_sdk_static.a\n'}
[20.408774] (livox_sdk2) StdoutLine: {'line': b'-- Installing: /home/slam/r2_ws/lidar_ws/install/livox_sdk2/include/livox_lidar_def.h\n'}
[20.408891] (livox_sdk2) StdoutLine: {'line': b'-- Installing: /home/slam/r2_ws/lidar_ws/install/livox_sdk2/include/livox_lidar_api.h\n'}
[20.408944] (livox_sdk2) StdoutLine: {'line': b'-- Installing: /home/slam/r2_ws/lidar_ws/install/livox_sdk2/include/livox_lidar_cfg.h\n'}
[20.408978] (livox_sdk2) StdoutLine: {'line': b'-- Installing: /home/slam/r2_ws/lidar_ws/install/livox_sdk2/lib/liblivox_lidar_sdk_shared.so\n'}
[20.411185] (super_lio) StdoutLine: {'line': b'-- Found rosidl_default_generators: 1.2.1 (/opt/ros/humble/share/rosidl_default_generators/cmake)\n'}
[20.412934] (livox_sdk2) CommandEnded: {'returncode': 0}
[20.413731] (super_lio) StdoutLine: {'line': b'-- Using all available rosidl_typesupport_c: rosidl_typesupport_fastrtps_c;rosidl_typesupport_introspection_c\n'}
[20.416666] (livox_sdk2) JobEnded: {'identifier': 'livox_sdk2', 'rc': 0}
[20.417461] (super_lio) StdoutLine: {'line': b'-- Found rosidl_adapter: 3.1.9 (/opt/ros/humble/share/rosidl_adapter/cmake)\n'}
[20.441630] (super_lio) StdoutLine: {'line': b'-- Using all available rosidl_typesupport_cpp: rosidl_typesupport_fastrtps_cpp;rosidl_typesupport_introspection_cpp\n'}
[20.453017] (-) TimerEvent: {}
[20.464507] (super_lio) StdoutLine: {'line': b'-- Found rclcpp: 16.0.21 (/opt/ros/humble/share/rclcpp/cmake)\n'}
[20.495160] (super_lio) StdoutLine: {'line': b'-- Found rmw_implementation_cmake: 6.1.4 (/opt/ros/humble/share/rmw_implementation_cmake/cmake)\n'}
[20.496663] (super_lio) StdoutLine: {'line': b'-- Found rmw_fastrtps_cpp: 6.2.10 (/opt/ros/humble/share/rmw_fastrtps_cpp/cmake)\n'}
[20.553165] (-) TimerEvent: {}
[20.568371] (super_lio) StdoutLine: {'line': b'-- Found OpenSSL: /usr/lib/x86_64-linux-gnu/libcrypto.so (found version "3.0.2")  \n'}
[20.598806] (super_lio) StdoutLine: {'line': b'-- Found FastRTPS: /opt/ros/humble/include  \n'}
[20.634033] (super_lio) StdoutLine: {'line': b"-- Using RMW implementation 'rmw_fastrtps_cpp' as default\n"}
[20.638894] (super_lio) StdoutLine: {'line': b'-- Looking for pthread.h\n'}
[20.653259] (-) TimerEvent: {}
[20.704738] (super_lio) StdoutLine: {'line': b'-- Looking for pthread.h - found\n'}
[20.704894] (super_lio) StdoutLine: {'line': b'-- Performing Test CMAKE_HAVE_LIBC_PTHREAD\n'}
[20.753380] (-) TimerEvent: {}
[20.779158] (super_lio) StdoutLine: {'line': b'-- Performing Test CMAKE_HAVE_LIBC_PTHREAD - Success\n'}
[20.780480] (super_lio) StdoutLine: {'line': b'-- Found Threads: TRUE  \n'}
[20.821885] (super_lio) StdoutLine: {'line': b'-- Found geometry_msgs: 4.9.2 (/opt/ros/humble/share/geometry_msgs/cmake)\n'}
[20.830462] (super_lio) StdoutLine: {'line': b'-- Found sensor_msgs: 4.9.2 (/opt/ros/humble/share/sensor_msgs/cmake)\n'}
[20.842850] (super_lio) StdoutLine: {'line': b'-- Found visualization_msgs: 4.9.2 (/opt/ros/humble/share/visualization_msgs/cmake)\n'}
[20.853476] (-) TimerEvent: {}
[20.858382] (super_lio) StdoutLine: {'line': b'-- Found nav_msgs: 4.9.2 (/opt/ros/humble/share/nav_msgs/cmake)\n'}
[20.870761] (super_lio) StdoutLine: {'line': b'-- Found pcl_ros: 2.4.5 (/opt/ros/humble/share/pcl_ros/cmake)\n'}
[20.899702] (super_lio) StdoutLine: {'line': b"-- Checking for module 'eigen3'\n"}
[20.910553] (super_lio) StdoutLine: {'line': b'--   Found eigen3, version 3.4.0\n'}
[20.952445] (super_lio) StdoutLine: {'line': b'-- Found Eigen: /usr/include/eigen3 (Required is at least version "3.1") \n'}
[20.952678] (super_lio) StdoutLine: {'line': b'-- Eigen found (include: /usr/include/eigen3, version: 3.4.0)\n'}
[20.953579] (-) TimerEvent: {}
[20.985019] (super_lio) StdoutLine: {'line': b"-- Checking for module 'flann'\n"}
[20.995626] (super_lio) StdoutLine: {'line': b'--   Found flann, version 1.9.1\n'}
[21.044593] (super_lio) StdoutLine: {'line': b'-- Found FLANN: /usr/lib/x86_64-linux-gnu/libflann_cpp.so  \n'}
[21.044814] (super_lio) StdoutLine: {'line': b'-- FLANN found (include: /usr/include, lib: /usr/lib/x86_64-linux-gnu/libflann_cpp.so)\n'}
[21.053694] (-) TimerEvent: {}
[21.153966] (-) TimerEvent: {}
[21.254305] (-) TimerEvent: {}
[21.354610] (-) TimerEvent: {}
[21.454976] (-) TimerEvent: {}
[21.555346] (-) TimerEvent: {}
[21.655781] (-) TimerEvent: {}
[21.756141] (-) TimerEvent: {}
[21.856501] (-) TimerEvent: {}
[21.956926] (-) TimerEvent: {}
[22.011357] (super_lio) StdoutLine: {'line': b"-- Checking for module 'libusb-1.0'\n"}
[22.027509] (super_lio) StdoutLine: {'line': b'--   Found libusb-1.0, version 1.0.25\n'}
[22.057064] (-) TimerEvent: {}
[22.072798] (super_lio) StdoutLine: {'line': b'-- Found libusb: /usr/lib/x86_64-linux-gnu/libusb-1.0.so  \n'}
[22.074211] (super_lio) StdoutLine: {'line': b'-- OpenNI found (version: 1.5.4.0, include: /usr/include/ni, lib: /usr/lib/libOpenNI.so;libusb::libusb)\n'}
[22.149345] (super_lio) StdoutLine: {'line': b'-- OpenNI2 found (version: 2.2.0.33, include: /usr/include/openni2, lib: /usr/lib/x86_64-linux-gnu/libOpenNI2.so;libusb::libusb)\n'}
[22.157129] (-) TimerEvent: {}
[22.257352] (-) TimerEvent: {}
[22.266806] (super_lio) StdoutLine: {'line': b'-- Eigen found (include: /usr/include/eigen3, version: 3.4.0)\n'}
[22.272718] (super_lio) StdoutLine: {'line': b'-- OpenNI found (version: 1.5.4.0, include: /usr/include/ni, lib: /usr/lib/libOpenNI.so;libusb::libusb)\n'}
[22.279186] (super_lio) StdoutLine: {'line': b'-- OpenNI2 found (version: 2.2.0.33, include: /usr/include/openni2, lib: /usr/lib/x86_64-linux-gnu/libOpenNI2.so;libusb::libusb)\n'}
[22.357465] (-) TimerEvent: {}
[22.388449] (super_lio) StdoutLine: {'line': b'-- Found Qhull version 8.0.2\n'}
[22.457590] (-) TimerEvent: {}
[22.492563] (super_lio) StdoutLine: {'line': b'-- OpenNI found (version: 1.5.4.0, include: /usr/include/ni, lib: /usr/lib/libOpenNI.so;libusb::libusb)\n'}
[22.557795] (-) TimerEvent: {}
[22.593403] (super_lio) StdoutLine: {'line': b'-- Found PCL_COMMON: /usr/lib/x86_64-linux-gnu/libpcl_common.so  \n'}
[22.594044] (super_lio) StdoutLine: {'line': b'-- Found PCL_KDTREE: /usr/lib/x86_64-linux-gnu/libpcl_kdtree.so  \n'}
[22.594621] (super_lio) StdoutLine: {'line': b'-- Found PCL_OCTREE: /usr/lib/x86_64-linux-gnu/libpcl_octree.so  \n'}
[22.595061] (super_lio) StdoutLine: {'line': b'-- Found PCL_SEARCH: /usr/lib/x86_64-linux-gnu/libpcl_search.so  \n'}
[22.595742] (super_lio) StdoutLine: {'line': b'-- Found PCL_SAMPLE_CONSENSUS: /usr/lib/x86_64-linux-gnu/libpcl_sample_consensus.so  \n'}
[22.596351] (super_lio) StdoutLine: {'line': b'-- Found PCL_FILTERS: /usr/lib/x86_64-linux-gnu/libpcl_filters.so  \n'}
[22.596511] (super_lio) StdoutLine: {'line': b'-- Found PCL_2D: /usr/include/pcl-1.12  \n'}
[22.596745] (super_lio) StdoutLine: {'line': b'-- Found PCL_GEOMETRY: /usr/include/pcl-1.12  \n'}
[22.597437] (super_lio) StdoutLine: {'line': b'-- Found PCL_IO: /usr/lib/x86_64-linux-gnu/libpcl_io.so  \n'}
[22.598035] (super_lio) StdoutLine: {'line': b'-- Found PCL_FEATURES: /usr/lib/x86_64-linux-gnu/libpcl_features.so  \n'}
[22.598735] (super_lio) StdoutLine: {'line': b'-- Found PCL_ML: /usr/lib/x86_64-linux-gnu/libpcl_ml.so  \n'}
[22.599337] (super_lio) StdoutLine: {'line': b'-- Found PCL_SEGMENTATION: /usr/lib/x86_64-linux-gnu/libpcl_segmentation.so  \n'}
[22.600005] (super_lio) StdoutLine: {'line': b'-- Found PCL_VISUALIZATION: /usr/lib/x86_64-linux-gnu/libpcl_visualization.so  \n'}
[22.600719] (super_lio) StdoutLine: {'line': b'-- Found PCL_SURFACE: /usr/lib/x86_64-linux-gnu/libpcl_surface.so  \n'}
[22.601246] (super_lio) StdoutLine: {'line': b'-- Found PCL_REGISTRATION: /usr/lib/x86_64-linux-gnu/libpcl_registration.so  \n'}
[22.601937] (super_lio) StdoutLine: {'line': b'-- Found PCL_KEYPOINTS: /usr/lib/x86_64-linux-gnu/libpcl_keypoints.so  \n'}
[22.602580] (super_lio) StdoutLine: {'line': b'-- Found PCL_TRACKING: /usr/lib/x86_64-linux-gnu/libpcl_tracking.so  \n'}
[22.603096] (super_lio) StdoutLine: {'line': b'-- Found PCL_RECOGNITION: /usr/lib/x86_64-linux-gnu/libpcl_recognition.so  \n'}
[22.603890] (super_lio) StdoutLine: {'line': b'-- Found PCL_STEREO: /usr/lib/x86_64-linux-gnu/libpcl_stereo.so  \n'}
[22.604469] (super_lio) StdoutLine: {'line': b'-- Found PCL_APPS: /usr/lib/x86_64-linux-gnu/libpcl_apps.so  \n'}
[22.604983] (super_lio) StdoutLine: {'line': b'-- Found PCL_IN_HAND_SCANNER: /usr/include/pcl-1.12  \n'}
[22.605147] (super_lio) StdoutLine: {'line': b'-- Found PCL_MODELER: /usr/include/pcl-1.12  \n'}
[22.605388] (super_lio) StdoutLine: {'line': b'-- Found PCL_POINT_CLOUD_EDITOR: /usr/include/pcl-1.12  \n'}
[22.606039] (super_lio) StdoutLine: {'line': b'-- Found PCL_OUTOFCORE: /usr/lib/x86_64-linux-gnu/libpcl_outofcore.so  \n'}
[22.606595] (super_lio) StdoutLine: {'line': b'-- Found PCL_PEOPLE: /usr/lib/x86_64-linux-gnu/libpcl_people.so  \n'}
[22.629161] (super_lio) StdoutLine: {'line': b'-- Found eigen3_cmake_module: 0.1.1 (/opt/ros/humble/share/eigen3_cmake_module/cmake)\n'}
[22.630127] (super_lio) StdoutLine: {'line': b'-- Found Eigen3: TRUE (found version "3.4.0") \n'}
[22.630188] (super_lio) StdoutLine: {'line': b'-- Ensuring Eigen3 include directory is part of orocos-kdl CMake target\n'}
[22.657910] (-) TimerEvent: {}
[22.698181] (super_lio) StdoutLine: {'line': b'-- Found livox_ros_driver2: 1.0.0 (/home/slam/r2_ws/lidar_ws/install/livox_ros_driver2/share/livox_ros_driver2/cmake)\n'}
[22.719390] (super_lio) StdoutLine: {'line': b'-- Found basic: 2.0.0 (/home/slam/r2_ws/lidar_ws/install/basic/share/basic/cmake)\n'}
[22.758034] (-) TimerEvent: {}
[22.858354] (-) TimerEvent: {}
[22.946190] (super_lio) StdoutLine: {'line': b'-- Found ament_cmake_ros: 0.10.1 (/opt/ros/humble/share/ament_cmake_ros/cmake)\n'}
[22.958420] (-) TimerEvent: {}
[23.058690] (-) TimerEvent: {}
[23.144999] (super_lio) StdoutLine: {'line': b'-- Using all available rosidl_typesupport_c: rosidl_typesupport_fastrtps_c;rosidl_typesupport_introspection_c\n'}
[23.158865] (-) TimerEvent: {}
[23.259050] (-) TimerEvent: {}
[23.359260] (-) TimerEvent: {}
[23.395765] (super_lio) StdoutLine: {'line': b'-- Using all available rosidl_typesupport_cpp: rosidl_typesupport_fastrtps_cpp;rosidl_typesupport_introspection_cpp\n'}
[23.414031] (super_lio) StdoutLine: {'line': b'-- Found PythonInterp: /usr/bin/python3 (found suitable version "3.10.12", minimum required is "3.6") \n'}
[23.414961] (super_lio) StdoutLine: {'line': b'-- Found python_cmake_module: 0.10.0 (/opt/ros/humble/share/python_cmake_module/cmake)\n'}
[23.446283] (super_lio) StdoutLine: {'line': b'-- Found PythonLibs: /usr/lib/x86_64-linux-gnu/libpython3.10.so (found suitable version "3.10.12", minimum required is "3.5") \n'}
[23.446783] (super_lio) StdoutLine: {'line': b'-- Using PYTHON_EXECUTABLE: /usr/bin/python3\n'}
[23.446931] (super_lio) StdoutLine: {'line': b'-- Using PYTHON_INCLUDE_DIRS: /usr/include/python3.10\n'}
[23.446996] (super_lio) StdoutLine: {'line': b'-- Using PYTHON_LIBRARIES: /usr/lib/x86_64-linux-gnu/libpython3.10.so\n'}
[23.459372] (-) TimerEvent: {}
[23.468972] (super_lio) StdoutLine: {'line': b'-- Found PythonExtra: .so  \n'}
[23.559553] (-) TimerEvent: {}
[23.587893] (super_lio) StdoutLine: {'line': b'-- Configuring done\n'}
[23.659741] (-) TimerEvent: {}
[23.664523] (super_lio) StdoutLine: {'line': b'-- Generating done\n'}
[23.666476] (super_lio) StderrLine: {'line': b'\x1b[33mCMake Warning:\n'}
[23.666568] (super_lio) StderrLine: {'line': b'  Manually-specified variables were not used by the project:\n'}
[23.666605] (super_lio) StderrLine: {'line': b'\n'}
[23.666634] (super_lio) StderrLine: {'line': b'    DISTRO_ROS\n'}
[23.666661] (super_lio) StderrLine: {'line': b'    ROS_EDITION\n'}
[23.666688] (super_lio) StderrLine: {'line': b'\n'}
[23.666717] (super_lio) StderrLine: {'line': b'\x1b[0m\n'}
[23.684670] (super_lio) StdoutLine: {'line': b'-- Build files have been written to: /home/slam/r2_ws/lidar_ws/build/super_lio\n'}
[23.698793] (super_lio) CommandEnded: {'returncode': 0}
[23.699116] (super_lio) JobProgress: {'identifier': 'super_lio', 'progress': 'build'}
[23.699549] (super_lio) Command: {'cmd': ['/usr/bin/cmake', '--build', '/home/slam/r2_ws/lidar_ws/build/super_lio', '--', '-j10', '-l10'], 'cwd': '/home/slam/r2_ws/lidar_ws/build/super_lio', 'env': OrderedDict([('LESSOPEN', '| /usr/bin/lesspipe %s'), ('LANGUAGE', 'zh_CN:en'), ('USER', 'slam'), ('SSH_CLIENT', '10.88.122.74 36234 22'), ('LC_TIME', 'en_US.UTF-8'), ('XDG_SESSION_TYPE', 'tty'), ('SHLVL', '2'), ('LIBGL_ALWAYS_SOFTWARE', '1'), ('LD_LIBRARY_PATH', '/home/slam/r2_ws/lidar_ws/install/livox_ros_driver2/lib:/home/slam/r2_ws/lidar_ws/install/basic/lib:/home/slam/r2_ws/lidar_ws/install/super_lio/lib:/home/slam/r2_ws/lidar_ws/install/livox_sdk2/lib:/opt/ros/humble/opt/rviz_ogre_vendor/lib:/opt/ros/humble/lib/x86_64-linux-gnu:/opt/ros/humble/lib'), ('MOTD_SHOWN', 'pam'), ('HOME', '/home/slam'), ('OLDPWD', '/home/slam/r2_ws/lidar_ws/src/livox_ros_driver2'), ('SSH_TTY', '/dev/pts/0'), ('ROS_PYTHON_VERSION', '3'), ('LC_MONETARY', 'en_US.UTF-8'), ('DBUS_SESSION_BUS_ADDRESS', 'unix:path=/run/user/1000/bus'), ('COLCON_PREFIX_PATH', '/home/slam/r2_ws/lidar_ws/install'), ('ROS_DISTRO', 'humble'), ('LOGNAME', 'slam'), ('_', '/home/slam/.local/bin/colcon'), ('ROS_VERSION', 'ROS2'), ('XDG_SESSION_CLASS', 'user'), ('TERM', 'xterm-256color'), ('XDG_SESSION_ID', '4'), ('ROS_LOCALHOST_ONLY', '0'), ('PATH', '/home/slam/.local/bin:/opt/ros/humble/bin:/usr/local/sbin:/usr/local/bin:/usr/sbin:/usr/bin:/sbin:/bin:/usr/games:/usr/local/games:/snap/bin'), ('PAPERSIZE', 'letter'), ('LC_ADDRESS', 'en_US.UTF-8'), ('XDG_RUNTIME_DIR', '/run/user/1000'), ('DISPLAY', 'localhost:10.0'), ('LANG', 'zh_CN.UTF-8'), ('LC_TELEPHONE', 'en_US.UTF-8'), ('LS_COLORS', 'rs=0:di=01;34:ln=01;36:mh=00:pi=40;33:so=01;35:do=01;35:bd=40;33;01:cd=40;33;01:or=40;31;01:mi=00:su=37;41:sg=30;43:ca=30;41:tw=30;42:ow=34;42:st=37;44:ex=01;32:*.tar=01;31:*.tgz=01;31:*.arc=01;31:*.arj=01;31:*.taz=01;31:*.lha=01;31:*.lz4=01;31:*.lzh=01;31:*.lzma=01;31:*.tlz=01;31:*.txz=01;31:*.tzo=01;31:*.t7z=01;31:*.zip=01;31:*.z=01;31:*.dz=01;31:*.gz=01;31:*.lrz=01;31:*.lz=01;31:*.lzo=01;31:*.xz=01;31:*.zst=01;31:*.tzst=01;31:*.bz2=01;31:*.bz=01;31:*.tbz=01;31:*.tbz2=01;31:*.tz=01;31:*.deb=01;31:*.rpm=01;31:*.jar=01;31:*.war=01;31:*.ear=01;31:*.sar=01;31:*.rar=01;31:*.alz=01;31:*.ace=01;31:*.zoo=01;31:*.cpio=01;31:*.7z=01;31:*.rz=01;31:*.cab=01;31:*.wim=01;31:*.swm=01;31:*.dwm=01;31:*.esd=01;31:*.jpg=01;35:*.jpeg=01;35:*.mjpg=01;35:*.mjpeg=01;35:*.gif=01;35:*.bmp=01;35:*.pbm=01;35:*.pgm=01;35:*.ppm=01;35:*.tga=01;35:*.xbm=01;35:*.xpm=01;35:*.tif=01;35:*.tiff=01;35:*.png=01;35:*.svg=01;35:*.svgz=01;35:*.mng=01;35:*.pcx=01;35:*.mov=01;35:*.mpg=01;35:*.mpeg=01;35:*.m2v=01;35:*.mkv=01;35:*.webm=01;35:*.webp=01;35:*.ogm=01;35:*.mp4=01;35:*.m4v=01;35:*.mp4v=01;35:*.vob=01;35:*.qt=01;35:*.nuv=01;35:*.wmv=01;35:*.asf=01;35:*.rm=01;35:*.rmvb=01;35:*.flc=01;35:*.avi=01;35:*.fli=01;35:*.flv=01;35:*.gl=01;35:*.dl=01;35:*.xcf=01;35:*.xwd=01;35:*.yuv=01;35:*.cgm=01;35:*.emf=01;35:*.ogv=01;35:*.ogx=01;35:*.aac=00;36:*.au=00;36:*.flac=00;36:*.m4a=00;36:*.mid=00;36:*.midi=00;36:*.mka=00;36:*.mp3=00;36:*.mpc=00;36:*.ogg=00;36:*.ra=00;36:*.wav=00;36:*.oga=00;36:*.opus=00;36:*.spx=00;36:*.xspf=00;36:'), ('AMENT_PREFIX_PATH', '/home/slam/r2_ws/lidar_ws/install/super_lio:/home/slam/r2_ws/lidar_ws/install/livox_ros_driver2:/home/slam/r2_ws/lidar_ws/install/basic:/opt/ros/humble'), ('SHELL', '/bin/bash'), ('LC_NAME', 'en_US.UTF-8'), ('LESSCLOSE', '/usr/bin/lesspipe %s %s'), ('LC_MEASUREMENT', 'en_US.UTF-8'), ('LC_IDENTIFICATION', 'en_US.UTF-8'), ('PWD', '/home/slam/r2_ws/lidar_ws/build/super_lio'), ('QT_QPA_PLATFORM', 'xcb'), ('LC_ALL', 'en_US.UTF-8'), ('SSH_CONNECTION', '10.88.122.74 36234 10.88.122.14 22'), ('XDG_DATA_DIRS', '/usr/share/gnome:/usr/local/share:/usr/share:/var/lib/snapd/desktop'), ('PYTHONPATH', '/home/slam/r2_ws/lidar_ws/install/super_lio/local/lib/python3.10/dist-packages:/home/slam/r2_ws/lidar_ws/install/livox_ros_driver2/local/lib/python3.10/dist-packages:/opt/ros/humble/lib/python3.10/site-packages:/opt/ros/humble/local/lib/python3.10/dist-packages'), ('LC_NUMERIC', 'en_US.UTF-8'), ('LC_PAPER', 'en_US.UTF-8'), ('COLCON', '1'), ('CMAKE_PREFIX_PATH', '/home/slam/r2_ws/lidar_ws/install/livox_ros_driver2:/home/slam/r2_ws/lidar_ws/install/basic:/home/slam/r2_ws/lidar_ws/install/super_lio:/opt/ros/humble')]), 'shell': False}
[23.739888] (super_lio) StdoutLine: {'line': b'[  2%] \x1b[34m\x1b[1mGenerating C code for ROS interfaces\x1b[0m\n'}
[23.750132] (super_lio) StdoutLine: {'line': b'[  4%] \x1b[34m\x1b[1mGenerating C++ code for ROS interfaces\x1b[0m\n'}
[23.750510] (super_lio) StdoutLine: {'line': b'[  4%] Built target ament_cmake_python_copy_super_lio\n'}
[23.752597] (super_lio) StdoutLine: {'line': b'[  6%] \x1b[34m\x1b[1mGenerating Rust code for ROS interfaces\x1b[0m\n'}
[23.759913] (-) TimerEvent: {}
[23.860112] (-) TimerEvent: {}
[23.887828] (super_lio) StdoutLine: {'line': b'running egg_info\n'}
[23.888367] (super_lio) StdoutLine: {'line': b'creating super_lio.egg-info\n'}
[23.888629] (super_lio) StdoutLine: {'line': b'writing super_lio.egg-info/PKG-INFO\n'}
[23.888710] (super_lio) StdoutLine: {'line': b'writing dependency_links to super_lio.egg-info/dependency_links.txt\n'}
[23.888746] (super_lio) StdoutLine: {'line': b'writing top-level names to super_lio.egg-info/top_level.txt\n'}
[23.888778] (super_lio) StdoutLine: {'line': b"writing manifest file 'super_lio.egg-info/SOURCES.txt'\n"}
[23.889891] (super_lio) StdoutLine: {'line': b"reading manifest file 'super_lio.egg-info/SOURCES.txt'\n"}
[23.890223] (super_lio) StdoutLine: {'line': b"writing manifest file 'super_lio.egg-info/SOURCES.txt'\n"}
[23.909442] (super_lio) StdoutLine: {'line': b'[  6%] Built target ament_cmake_python_build_super_lio_egg\n'}
[23.926073] (super_lio) StdoutLine: {'line': b'[  6%] Built target super_lio__rs\n'}
[23.951710] (super_lio) StdoutLine: {'line': b'[  8%] \x1b[32mBuilding C object CMakeFiles/super_lio__rosidl_generator_c.dir/rosidl_generator_c/super_lio/msg/detail/cloud_pose2__functions.c.o\x1b[0m\n'}
[23.952700] (super_lio) StdoutLine: {'line': b'[  8%] Built target super_lio__cpp\n'}
[23.953855] (super_lio) StdoutLine: {'line': b'[ 10%] \x1b[32mBuilding C object CMakeFiles/super_lio__rosidl_generator_c.dir/rosidl_generator_c/super_lio/msg/detail/cloud_pose__functions.c.o\x1b[0m\n'}
[23.960070] (super_lio) StdoutLine: {'line': b'[ 12%] \x1b[34m\x1b[1mGenerating C++ type support dispatch for ROS interfaces\x1b[0m\n'}
[23.960272] (-) TimerEvent: {}
[23.962005] (super_lio) StdoutLine: {'line': b'[ 14%] \x1b[34m\x1b[1mGenerating C++ introspection for ROS interfaces\x1b[0m\n'}
[23.963102] (super_lio) StdoutLine: {'line': b'[ 16%] \x1b[34m\x1b[1mGenerating C++ type support for eProsima Fast-RTPS\x1b[0m\n'}
[24.025811] (super_lio) StdoutLine: {'line': b'[ 18%] \x1b[32m\x1b[1mLinking C shared library libsuper_lio__rosidl_generator_c.so\x1b[0m\n'}
[24.055634] (super_lio) StdoutLine: {'line': b'[ 18%] Built target super_lio__rosidl_generator_c\n'}
[24.060359] (-) TimerEvent: {}
[24.066833] (super_lio) StdoutLine: {'line': b'[ 20%] \x1b[34m\x1b[1mGenerating C type support dispatch for ROS interfaces\x1b[0m\n'}
[24.067146] (super_lio) StdoutLine: {'line': b'[ 24%] \x1b[34m\x1b[1mGenerating C type support for eProsima Fast-RTPS\x1b[0m\n'}
[24.067200] (super_lio) StdoutLine: {'line': b'[ 24%] \x1b[34m\x1b[1mGenerating C introspection for ROS interfaces\x1b[0m\n'}
[24.143635] (super_lio) StdoutLine: {'line': b'[ 26%] \x1b[32mBuilding CXX object CMakeFiles/super_lio__rosidl_typesupport_cpp.dir/rosidl_typesupport_cpp/super_lio/msg/cloud_pose2__type_support.cpp.o\x1b[0m\n'}
[24.144724] (super_lio) StdoutLine: {'line': b'[ 28%] \x1b[32mBuilding CXX object CMakeFiles/super_lio__rosidl_typesupport_cpp.dir/rosidl_typesupport_cpp/super_lio/msg/cloud_pose__type_support.cpp.o\x1b[0m\n'}
[24.160464] (-) TimerEvent: {}
[24.163536] (super_lio) StdoutLine: {'line': b'[ 32%] \x1b[32mBuilding CXX object CMakeFiles/super_lio__rosidl_typesupport_introspection_cpp.dir/rosidl_typesupport_introspection_cpp/super_lio/msg/detail/cloud_pose2__type_support.cpp.o\x1b[0m\n'}
[24.163933] (super_lio) StdoutLine: {'line': b'[ 32%] \x1b[32mBuilding CXX object CMakeFiles/super_lio__rosidl_typesupport_introspection_cpp.dir/rosidl_typesupport_introspection_cpp/super_lio/msg/detail/cloud_pose__type_support.cpp.o\x1b[0m\n'}
[24.170966] (super_lio) StdoutLine: {'line': b'[ 34%] \x1b[32mBuilding CXX object CMakeFiles/super_lio__rosidl_typesupport_fastrtps_cpp.dir/rosidl_typesupport_fastrtps_cpp/super_lio/msg/detail/dds_fastrtps/cloud_pose2__type_support.cpp.o\x1b[0m\n'}
[24.173415] (super_lio) StdoutLine: {'line': b'[ 36%] \x1b[32mBuilding CXX object CMakeFiles/super_lio__rosidl_typesupport_fastrtps_cpp.dir/rosidl_typesupport_fastrtps_cpp/super_lio/msg/detail/dds_fastrtps/cloud_pose__type_support.cpp.o\x1b[0m\n'}
[24.260952] (-) TimerEvent: {}
[24.267670] (super_lio) StdoutLine: {'line': b'[ 38%] \x1b[32mBuilding CXX object CMakeFiles/super_lio__rosidl_typesupport_c.dir/rosidl_typesupport_c/super_lio/msg/cloud_pose2__type_support.cpp.o\x1b[0m\n'}
[24.271927] (super_lio) StdoutLine: {'line': b'[ 40%] \x1b[32mBuilding CXX object CMakeFiles/super_lio__rosidl_typesupport_c.dir/rosidl_typesupport_c/super_lio/msg/cloud_pose__type_support.cpp.o\x1b[0m\n'}
[24.297112] (super_lio) StdoutLine: {'line': b'[ 42%] \x1b[32mBuilding CXX object CMakeFiles/super_lio__rosidl_typesupport_fastrtps_c.dir/rosidl_typesupport_fastrtps_c/super_lio/msg/detail/cloud_pose__type_support_c.cpp.o\x1b[0m\n'}
[24.302610] (super_lio) StdoutLine: {'line': b'[ 46%] \x1b[32m\x1b[1mLinking CXX shared library libsuper_lio__rosidl_typesupport_c.so\x1b[0m\n'}
[24.302981] (super_lio) StdoutLine: {'line': b'[ 46%] \x1b[32mBuilding C object CMakeFiles/super_lio__rosidl_typesupport_introspection_c.dir/rosidl_typesupport_introspection_c/super_lio/msg/detail/cloud_pose__type_support.c.o\x1b[0m\n'}
[24.303303] (super_lio) StdoutLine: {'line': b'[ 48%] \x1b[32mBuilding CXX object CMakeFiles/super_lio__rosidl_typesupport_fastrtps_c.dir/rosidl_typesupport_fastrtps_c/super_lio/msg/detail/cloud_pose2__type_support_c.cpp.o\x1b[0m\n'}
[24.337337] (super_lio) StdoutLine: {'line': b'[ 50%] \x1b[32mBuilding C object CMakeFiles/super_lio__rosidl_typesupport_introspection_c.dir/rosidl_typesupport_introspection_c/super_lio/msg/detail/cloud_pose2__type_support.c.o\x1b[0m\n'}
[24.361057] (-) TimerEvent: {}
[24.374289] (super_lio) StdoutLine: {'line': b'[ 52%] \x1b[32m\x1b[1mLinking CXX shared library libsuper_lio__rosidl_typesupport_cpp.so\x1b[0m\n'}
[24.394456] (super_lio) StdoutLine: {'line': b'[ 54%] \x1b[32m\x1b[1mLinking C shared library libsuper_lio__rosidl_typesupport_introspection_c.so\x1b[0m\n'}
[24.400669] (super_lio) StdoutLine: {'line': b'[ 54%] Built target super_lio__rosidl_typesupport_c\n'}
[24.428010] (super_lio) StdoutLine: {'line': b'[ 54%] Built target super_lio__rosidl_typesupport_introspection_c\n'}
[24.461250] (-) TimerEvent: {}
[24.463352] (super_lio) StdoutLine: {'line': b'[ 54%] Built target super_lio__rosidl_typesupport_cpp\n'}
[24.482823] (super_lio) StdoutLine: {'line': b'[ 58%] \x1b[32mBuilding CXX object CMakeFiles/lio.dir/src/lio/super_lio.cpp.o\x1b[0m\n'}
[24.483003] (super_lio) StdoutLine: {'line': b'[ 58%] \x1b[32mBuilding CXX object CMakeFiles/lio.dir/src/lio/ESKF.cpp.o\x1b[0m\n'}
[24.484704] (super_lio) StdoutLine: {'line': b'[ 60%] \x1b[32mBuilding CXX object CMakeFiles/lio.dir/src/lio/params.cpp.o\x1b[0m\n'}
[24.485364] (super_lio) StdoutLine: {'line': b'[ 64%] \x1b[32mBuilding CXX object CMakeFiles/lio.dir/src/lio/super_lio_reloc.cpp.o\x1b[0m\n'}
[24.485522] (super_lio) StdoutLine: {'line': b'[ 62%] \x1b[32mBuilding CXX object CMakeFiles/lio.dir/src/ros/ROSWrapper.cpp.o\x1b[0m\n'}
[24.546228] (super_lio) StdoutLine: {'line': b'[ 66%] \x1b[32m\x1b[1mLinking CXX shared library libsuper_lio__rosidl_typesupport_fastrtps_c.so\x1b[0m\n'}
[24.561384] (-) TimerEvent: {}
[24.576208] (super_lio) StdoutLine: {'line': b'[ 68%] \x1b[32m\x1b[1mLinking CXX shared library libsuper_lio__rosidl_typesupport_introspection_cpp.so\x1b[0m\n'}
[24.597647] (super_lio) StdoutLine: {'line': b'[ 70%] \x1b[32m\x1b[1mLinking CXX shared library libsuper_lio__rosidl_typesupport_fastrtps_cpp.so\x1b[0m\n'}
[24.661582] (-) TimerEvent: {}
[24.686578] (super_lio) StdoutLine: {'line': b'[ 70%] Built target super_lio__rosidl_typesupport_fastrtps_c\n'}
[24.732386] (super_lio) StdoutLine: {'line': b'[ 70%] Built target super_lio__rosidl_typesupport_introspection_cpp\n'}
[24.753512] (super_lio) StdoutLine: {'line': b'[ 70%] Built target super_lio__rosidl_typesupport_fastrtps_cpp\n'}
[24.761698] (-) TimerEvent: {}
[24.775159] (super_lio) StdoutLine: {'line': b'[ 70%] Built target super_lio\n'}
[24.794465] (super_lio) StdoutLine: {'line': b'[ 72%] \x1b[34m\x1b[1mGenerating Python code for ROS interfaces\x1b[0m\n'}
[24.861859] (-) TimerEvent: {}
[24.962267] (-) TimerEvent: {}
[25.062638] (-) TimerEvent: {}
[25.095460] (super_lio) StdoutLine: {'line': b'[ 72%] Built target super_lio__py\n'}
[25.116849] (super_lio) StdoutLine: {'line': b'[ 74%] \x1b[32mBuilding C object CMakeFiles/super_lio__rosidl_generator_py.dir/rosidl_generator_py/super_lio/msg/_cloud_pose_s.c.o\x1b[0m\n'}
[25.117212] (super_lio) StdoutLine: {'line': b'[ 76%] \x1b[32mBuilding C object CMakeFiles/super_lio__rosidl_generator_py.dir/rosidl_generator_py/super_lio/msg/_cloud_pose2_s.c.o\x1b[0m\n'}
[25.162809] (-) TimerEvent: {}
[25.263184] (-) TimerEvent: {}
[25.271068] (super_lio) StdoutLine: {'line': b'[ 78%] \x1b[32m\x1b[1mLinking C shared library rosidl_generator_py/super_lio/libsuper_lio__rosidl_generator_py.so\x1b[0m\n'}
[25.313632] (super_lio) StdoutLine: {'line': b'[ 78%] Built target super_lio__rosidl_generator_py\n'}
[25.333107] (super_lio) StdoutLine: {'line': b'[ 80%] \x1b[32mBuilding C object CMakeFiles/super_lio__rosidl_typesupport_introspection_c__pyext.dir/rosidl_generator_py/super_lio/_super_lio_s.ep.rosidl_typesupport_introspection_c.c.o\x1b[0m\n'}
[25.335519] (super_lio) StdoutLine: {'line': b'[ 84%] \x1b[32mBuilding C object CMakeFiles/super_lio__rosidl_typesupport_fastrtps_c__pyext.dir/rosidl_generator_py/super_lio/_super_lio_s.ep.rosidl_typesupport_fastrtps_c.c.o\x1b[0m\n'}
[25.335879] (super_lio) StdoutLine: {'line': b'[ 84%] \x1b[32mBuilding C object CMakeFiles/super_lio__rosidl_typesupport_c__pyext.dir/rosidl_generator_py/super_lio/_super_lio_s.ep.rosidl_typesupport_c.c.o\x1b[0m\n'}
[25.363353] (-) TimerEvent: {}
[25.427912] (super_lio) StdoutLine: {'line': b'[ 86%] \x1b[32m\x1b[1mLinking C shared library rosidl_generator_py/super_lio/super_lio_s__rosidl_typesupport_introspection_c.cpython-310-x86_64-linux-gnu.so\x1b[0m\n'}
[25.463487] (-) TimerEvent: {}
[25.467407] (super_lio) StdoutLine: {'line': b'[ 88%] \x1b[32m\x1b[1mLinking C shared library rosidl_generator_py/super_lio/super_lio_s__rosidl_typesupport_fastrtps_c.cpython-310-x86_64-linux-gnu.so\x1b[0m\n'}
[25.472497] (super_lio) StdoutLine: {'line': b'[ 88%] Built target super_lio__rosidl_typesupport_introspection_c__pyext\n'}
[25.496318] (super_lio) StdoutLine: {'line': b'[ 90%] \x1b[32m\x1b[1mLinking C shared library rosidl_generator_py/super_lio/super_lio_s__rosidl_typesupport_c.cpython-310-x86_64-linux-gnu.so\x1b[0m\n'}
[25.505902] (super_lio) StdoutLine: {'line': b'[ 90%] Built target super_lio__rosidl_typesupport_fastrtps_c__pyext\n'}
[25.535152] (super_lio) StdoutLine: {'line': b'[ 90%] Built target super_lio__rosidl_typesupport_c__pyext\n'}
[25.563576] (-) TimerEvent: {}
[25.663899] (-) TimerEvent: {}
[25.764300] (-) TimerEvent: {}
[25.864706] (-) TimerEvent: {}
[25.965055] (-) TimerEvent: {}
[26.065474] (-) TimerEvent: {}
[26.165862] (-) TimerEvent: {}
[26.266197] (-) TimerEvent: {}
[26.366511] (-) TimerEvent: {}
[26.466902] (-) TimerEvent: {}
[26.567294] (-) TimerEvent: {}
[26.667625] (-) TimerEvent: {}
[26.767959] (-) TimerEvent: {}
[26.868276] (-) TimerEvent: {}
[26.968625] (-) TimerEvent: {}
[27.068984] (-) TimerEvent: {}
[27.169332] (-) TimerEvent: {}
[27.269641] (-) TimerEvent: {}
[27.369953] (-) TimerEvent: {}
[27.470306] (-) TimerEvent: {}
[27.570690] (-) TimerEvent: {}
[27.671024] (-) TimerEvent: {}
[27.771392] (-) TimerEvent: {}
[27.871722] (-) TimerEvent: {}
[27.972082] (-) TimerEvent: {}
[28.072490] (-) TimerEvent: {}
[28.172859] (-) TimerEvent: {}
[28.273191] (-) TimerEvent: {}
[28.373536] (-) TimerEvent: {}
[28.473900] (-) TimerEvent: {}
[28.574247] (-) TimerEvent: {}
[28.674591] (-) TimerEvent: {}
[28.774946] (-) TimerEvent: {}
[28.875301] (-) TimerEvent: {}
[28.975645] (-) TimerEvent: {}
[29.075961] (-) TimerEvent: {}
[29.176325] (-) TimerEvent: {}
[29.276661] (-) TimerEvent: {}
[29.376979] (-) TimerEvent: {}
[29.477282] (-) TimerEvent: {}
[29.577567] (-) TimerEvent: {}
[29.677929] (-) TimerEvent: {}
[29.778403] (-) TimerEvent: {}
[29.878866] (-) TimerEvent: {}
[29.979232] (-) TimerEvent: {}
[30.079658] (-) TimerEvent: {}
[30.180059] (-) TimerEvent: {}
[30.280415] (-) TimerEvent: {}
[30.380805] (-) TimerEvent: {}
[30.481124] (-) TimerEvent: {}
[30.581465] (-) TimerEvent: {}
[30.681893] (-) TimerEvent: {}
[30.782207] (-) TimerEvent: {}
[30.882592] (-) TimerEvent: {}
[30.982992] (-) TimerEvent: {}
[31.083332] (-) TimerEvent: {}
[31.183776] (-) TimerEvent: {}
[31.284071] (-) TimerEvent: {}
[31.384481] (-) TimerEvent: {}
[31.484868] (-) TimerEvent: {}
[31.585256] (-) TimerEvent: {}
[31.685636] (-) TimerEvent: {}
[31.786017] (-) TimerEvent: {}
[31.886323] (-) TimerEvent: {}
[31.986732] (-) TimerEvent: {}
[32.087047] (-) TimerEvent: {}
[32.187352] (-) TimerEvent: {}
[32.287743] (-) TimerEvent: {}
[32.388041] (-) TimerEvent: {}
[32.488303] (-) TimerEvent: {}
[32.588697] (-) TimerEvent: {}
[32.689037] (-) TimerEvent: {}
[32.789327] (-) TimerEvent: {}
[32.889684] (-) TimerEvent: {}
[32.990043] (-) TimerEvent: {}
[33.090347] (-) TimerEvent: {}
[33.190731] (-) TimerEvent: {}
[33.291050] (-) TimerEvent: {}
[33.391361] (-) TimerEvent: {}
[33.491779] (-) TimerEvent: {}
[33.592093] (-) TimerEvent: {}
[33.692408] (-) TimerEvent: {}
[33.792790] (-) TimerEvent: {}
[33.893087] (-) TimerEvent: {}
[33.993417] (-) TimerEvent: {}
[34.093793] (-) TimerEvent: {}
[34.194091] (-) TimerEvent: {}
[34.294423] (-) TimerEvent: {}
[34.394819] (-) TimerEvent: {}
[34.495129] (-) TimerEvent: {}
[34.595530] (-) TimerEvent: {}
[34.695954] (-) TimerEvent: {}
[34.796290] (-) TimerEvent: {}
[34.896691] (-) TimerEvent: {}
[34.997059] (-) TimerEvent: {}
[35.097428] (-) TimerEvent: {}
[35.197830] (-) TimerEvent: {}
[35.298139] (-) TimerEvent: {}
[35.398480] (-) TimerEvent: {}
[35.498934] (-) TimerEvent: {}
[35.599244] (-) TimerEvent: {}
[35.699639] (-) TimerEvent: {}
[35.800040] (-) TimerEvent: {}
[35.900368] (-) TimerEvent: {}
[36.000749] (-) TimerEvent: {}
[36.101049] (-) TimerEvent: {}
[36.201415] (-) TimerEvent: {}
[36.301716] (-) TimerEvent: {}
[36.402107] (-) TimerEvent: {}
[36.502443] (-) TimerEvent: {}
[36.602831] (-) TimerEvent: {}
[36.703112] (-) TimerEvent: {}
[36.803434] (-) TimerEvent: {}
[36.903818] (-) TimerEvent: {}
[37.004112] (-) TimerEvent: {}
[37.104431] (-) TimerEvent: {}
[37.204821] (-) TimerEvent: {}
[37.305116] (-) TimerEvent: {}
[37.405438] (-) TimerEvent: {}
[37.505814] (-) TimerEvent: {}
[37.606092] (-) TimerEvent: {}
[37.706405] (-) TimerEvent: {}
[37.806801] (-) TimerEvent: {}
[37.907103] (-) TimerEvent: {}
[38.007412] (-) TimerEvent: {}
[38.107786] (-) TimerEvent: {}
[38.208090] (-) TimerEvent: {}
[38.308419] (-) TimerEvent: {}
[38.408825] (-) TimerEvent: {}
[38.509121] (-) TimerEvent: {}
[38.609454] (-) TimerEvent: {}
[38.709835] (-) TimerEvent: {}
[38.810101] (-) TimerEvent: {}
[38.910396] (-) TimerEvent: {}
[39.010757] (-) TimerEvent: {}
[39.111064] (-) TimerEvent: {}
[39.211402] (-) TimerEvent: {}
[39.311799] (-) TimerEvent: {}
[39.412159] (-) TimerEvent: {}
[39.512527] (-) TimerEvent: {}
[39.612957] (-) TimerEvent: {}
[39.714959] (-) TimerEvent: {}
[39.815369] (-) TimerEvent: {}
[39.915772] (-) TimerEvent: {}
[40.016116] (-) TimerEvent: {}
[40.116478] (-) TimerEvent: {}
[40.216918] (-) TimerEvent: {}
[40.317341] (-) TimerEvent: {}
[40.417680] (-) TimerEvent: {}
[40.517999] (-) TimerEvent: {}
[40.618369] (-) TimerEvent: {}
[40.718791] (-) TimerEvent: {}
[40.819147] (-) TimerEvent: {}
[40.919490] (-) TimerEvent: {}
[41.019825] (-) TimerEvent: {}
[41.120151] (-) TimerEvent: {}
[41.220505] (-) TimerEvent: {}
[41.320910] (-) TimerEvent: {}
[41.421219] (-) TimerEvent: {}
[41.521539] (-) TimerEvent: {}
[41.621861] (-) TimerEvent: {}
[41.722177] (-) TimerEvent: {}
[41.822686] (-) TimerEvent: {}
[41.923121] (-) TimerEvent: {}
[42.023460] (-) TimerEvent: {}
[42.123814] (-) TimerEvent: {}
[42.224375] (-) TimerEvent: {}
[42.324764] (-) TimerEvent: {}
[42.425169] (-) TimerEvent: {}
[42.525563] (-) TimerEvent: {}
[42.625956] (-) TimerEvent: {}
[42.726286] (-) TimerEvent: {}
[42.826756] (-) TimerEvent: {}
[42.927445] (-) TimerEvent: {}
[43.028000] (-) TimerEvent: {}
[43.128369] (-) TimerEvent: {}
[43.228829] (-) TimerEvent: {}
[43.329339] (-) TimerEvent: {}
[43.429721] (-) TimerEvent: {}
[43.530182] (-) TimerEvent: {}
[43.630579] (-) TimerEvent: {}
[43.730938] (-) TimerEvent: {}
[43.831234] (-) TimerEvent: {}
[43.931568] (-) TimerEvent: {}
[44.031906] (-) TimerEvent: {}
[44.132458] (-) TimerEvent: {}
[44.232836] (-) TimerEvent: {}
[44.333211] (-) TimerEvent: {}
[44.433564] (-) TimerEvent: {}
[44.533913] (-) TimerEvent: {}
[44.634166] (-) TimerEvent: {}
[44.734525] (-) TimerEvent: {}
[44.834875] (-) TimerEvent: {}
[44.935191] (-) TimerEvent: {}
[45.035602] (-) TimerEvent: {}
[45.135873] (-) TimerEvent: {}
[45.236123] (-) TimerEvent: {}
[45.336426] (-) TimerEvent: {}
[45.436796] (-) TimerEvent: {}
[45.537200] (-) TimerEvent: {}
[45.637857] (-) TimerEvent: {}
[45.738190] (-) TimerEvent: {}
[45.838573] (-) TimerEvent: {}
[45.939061] (-) TimerEvent: {}
[46.039434] (-) TimerEvent: {}
[46.140012] (-) TimerEvent: {}
[46.240451] (-) TimerEvent: {}
[46.340937] (-) TimerEvent: {}
[46.441400] (-) TimerEvent: {}
[46.541914] (-) TimerEvent: {}
[46.642898] (-) TimerEvent: {}
[46.743282] (-) TimerEvent: {}
[46.843732] (-) TimerEvent: {}
[46.944144] (-) TimerEvent: {}
[47.044527] (-) TimerEvent: {}
[47.144794] (-) TimerEvent: {}
[47.245154] (-) TimerEvent: {}
[47.345436] (-) TimerEvent: {}
[47.445787] (-) TimerEvent: {}
[47.546170] (-) TimerEvent: {}
[47.646540] (-) TimerEvent: {}
[47.746935] (-) TimerEvent: {}
[47.847341] (-) TimerEvent: {}
[47.947712] (-) TimerEvent: {}
[48.048116] (-) TimerEvent: {}
[48.148519] (-) TimerEvent: {}
[48.248896] (-) TimerEvent: {}
[48.349157] (-) TimerEvent: {}
[48.449412] (-) TimerEvent: {}
[48.549702] (-) TimerEvent: {}
[48.650084] (-) TimerEvent: {}
[48.750366] (-) TimerEvent: {}
[48.850681] (-) TimerEvent: {}
[48.951028] (-) TimerEvent: {}
[49.051372] (-) TimerEvent: {}
[49.151745] (-) TimerEvent: {}
[49.252206] (-) TimerEvent: {}
[49.352555] (-) TimerEvent: {}
[49.452933] (-) TimerEvent: {}
[49.553286] (-) TimerEvent: {}
[49.653558] (-) TimerEvent: {}
[49.753899] (-) TimerEvent: {}
[49.854248] (-) TimerEvent: {}
[49.954619] (-) TimerEvent: {}
[50.054956] (-) TimerEvent: {}
[50.155303] (-) TimerEvent: {}
[50.255656] (-) TimerEvent: {}
[50.356020] (-) TimerEvent: {}
[50.422244] (<colcon_parallel_executor.executor.parallel.ParallelExecutorExtension object at 0x765578250a90>) ParallelStatus: {'processing': ('super_lio',)}
[50.456299] (-) TimerEvent: {}
[50.556686] (-) TimerEvent: {}
[50.657033] (-) TimerEvent: {}
[50.757372] (-) TimerEvent: {}
[50.857725] (-) TimerEvent: {}
[50.958070] (-) TimerEvent: {}
[51.029325] (super_lio) StdoutLine: {'line': b'[ 92%] \x1b[32m\x1b[1mLinking CXX shared library liblio.so\x1b[0m\n'}
[51.058281] (-) TimerEvent: {}
[51.158633] (-) TimerEvent: {}
[51.259039] (-) TimerEvent: {}
[51.359401] (-) TimerEvent: {}
[51.459773] (-) TimerEvent: {}
[51.560031] (-) TimerEvent: {}
[51.660317] (-) TimerEvent: {}
[51.760691] (-) TimerEvent: {}
[51.861045] (-) TimerEvent: {}
[51.961425] (-) TimerEvent: {}
[52.061820] (-) TimerEvent: {}
[52.162477] (-) TimerEvent: {}
[52.264990] (-) TimerEvent: {}
[52.365624] (-) TimerEvent: {}
[52.466203] (-) TimerEvent: {}
[52.566905] (-) TimerEvent: {}
[52.667397] (-) TimerEvent: {}
[52.767956] (-) TimerEvent: {}
[52.868491] (-) TimerEvent: {}
[52.971238] (-) TimerEvent: {}
[53.071726] (-) TimerEvent: {}
[53.172220] (-) TimerEvent: {}
[53.272695] (-) TimerEvent: {}
[53.373172] (-) TimerEvent: {}
[53.473656] (-) TimerEvent: {}
[53.574165] (-) TimerEvent: {}
[53.675959] (-) TimerEvent: {}
[53.776448] (-) TimerEvent: {}
[53.876938] (-) TimerEvent: {}
[53.977455] (-) TimerEvent: {}
[54.078006] (-) TimerEvent: {}
[54.178566] (-) TimerEvent: {}
[54.279115] (-) TimerEvent: {}
[54.379454] (-) TimerEvent: {}
[54.479773] (-) TimerEvent: {}
[54.580066] (-) TimerEvent: {}
[54.680407] (-) TimerEvent: {}
[54.780776] (-) TimerEvent: {}
[54.881064] (-) TimerEvent: {}
[54.981466] (-) TimerEvent: {}
[55.081790] (-) TimerEvent: {}
[55.182132] (-) TimerEvent: {}
[55.233804] (super_lio) StdoutLine: {'line': b'[ 92%] Built target lio\n'}
[55.254983] (super_lio) StdoutLine: {'line': b'[ 94%] \x1b[32mBuilding CXX object CMakeFiles/relocation_node.dir/src/apps/relocation_node.cpp.o\x1b[0m\n'}
[55.256474] (super_lio) StdoutLine: {'line': b'[ 96%] \x1b[32mBuilding CXX object CMakeFiles/super_lio_node.dir/src/apps/super_lio_node.cpp.o\x1b[0m\n'}
[55.282306] (-) TimerEvent: {}
[55.382666] (-) TimerEvent: {}
[55.483085] (-) TimerEvent: {}
[55.583442] (-) TimerEvent: {}
[55.683787] (-) TimerEvent: {}
[55.784172] (-) TimerEvent: {}
[55.884466] (-) TimerEvent: {}
[55.984814] (-) TimerEvent: {}
[56.085172] (-) TimerEvent: {}
[56.185479] (-) TimerEvent: {}
[56.285831] (-) TimerEvent: {}
[56.386203] (-) TimerEvent: {}
[56.486555] (-) TimerEvent: {}
[56.586917] (-) TimerEvent: {}
[56.687282] (-) TimerEvent: {}
[56.787630] (-) TimerEvent: {}
[56.887984] (-) TimerEvent: {}
[56.988363] (-) TimerEvent: {}
[57.088721] (-) TimerEvent: {}
[57.189078] (-) TimerEvent: {}
[57.289448] (-) TimerEvent: {}
[57.389806] (-) TimerEvent: {}
[57.490072] (-) TimerEvent: {}
[57.590350] (-) TimerEvent: {}
[57.690653] (-) TimerEvent: {}
[57.791024] (-) TimerEvent: {}
[57.891409] (-) TimerEvent: {}
[57.991778] (-) TimerEvent: {}
[58.092036] (-) TimerEvent: {}
[58.192291] (-) TimerEvent: {}
[58.292642] (-) TimerEvent: {}
[58.393027] (-) TimerEvent: {}
[58.493294] (-) TimerEvent: {}
[58.593687] (-) TimerEvent: {}
[58.694062] (-) TimerEvent: {}
[58.794442] (-) TimerEvent: {}
[58.894797] (-) TimerEvent: {}
[58.995158] (-) TimerEvent: {}
[59.095508] (-) TimerEvent: {}
[59.195871] (-) TimerEvent: {}
[59.296242] (-) TimerEvent: {}
[59.396627] (-) TimerEvent: {}
[59.496994] (-) TimerEvent: {}
[59.597255] (-) TimerEvent: {}
[59.697623] (-) TimerEvent: {}
[59.797982] (-) TimerEvent: {}
[59.898356] (-) TimerEvent: {}
[59.998739] (-) TimerEvent: {}
[60.099105] (-) TimerEvent: {}
[60.199466] (-) TimerEvent: {}
[60.299831] (-) TimerEvent: {}
[60.400229] (-) TimerEvent: {}
[60.500614] (-) TimerEvent: {}
[60.601008] (-) TimerEvent: {}
[60.701408] (-) TimerEvent: {}
[60.801772] (-) TimerEvent: {}
[60.902147] (-) TimerEvent: {}
[61.002524] (-) TimerEvent: {}
[61.102897] (-) TimerEvent: {}
[61.203275] (-) TimerEvent: {}
[61.303648] (-) TimerEvent: {}
[61.404054] (-) TimerEvent: {}
[61.504448] (-) TimerEvent: {}
[61.604812] (-) TimerEvent: {}
[61.644876] (super_lio) StdoutLine: {'line': b'[ 98%] \x1b[32m\x1b[1mLinking CXX executable super_lio_node\x1b[0m\n'}
[61.693624] (super_lio) StdoutLine: {'line': b'[100%] \x1b[32m\x1b[1mLinking CXX executable relocation_node\x1b[0m\n'}
[61.704940] (-) TimerEvent: {}
[61.805205] (-) TimerEvent: {}
[61.905513] (-) TimerEvent: {}
[62.005818] (-) TimerEvent: {}
[62.106258] (-) TimerEvent: {}
[62.206590] (-) TimerEvent: {}
[62.306942] (-) TimerEvent: {}
[62.407311] (-) TimerEvent: {}
[62.507706] (-) TimerEvent: {}
[62.518952] (super_lio) StdoutLine: {'line': b'[100%] Built target super_lio_node\n'}
[62.604448] (super_lio) StdoutLine: {'line': b'[100%] Built target relocation_node\n'}
[62.607898] (-) TimerEvent: {}
[62.612828] (super_lio) CommandEnded: {'returncode': 0}
[62.614416] (super_lio) JobProgress: {'identifier': 'super_lio', 'progress': 'install'}
[62.614475] (super_lio) Command: {'cmd': ['/usr/bin/cmake', '--install', '/home/slam/r2_ws/lidar_ws/build/super_lio'], 'cwd': '/home/slam/r2_ws/lidar_ws/build/super_lio', 'env': OrderedDict([('LESSOPEN', '| /usr/bin/lesspipe %s'), ('LANGUAGE', 'zh_CN:en'), ('USER', 'slam'), ('SSH_CLIENT', '10.88.122.74 36234 22'), ('LC_TIME', 'en_US.UTF-8'), ('XDG_SESSION_TYPE', 'tty'), ('SHLVL', '2'), ('LIBGL_ALWAYS_SOFTWARE', '1'), ('LD_LIBRARY_PATH', '/home/slam/r2_ws/lidar_ws/install/livox_ros_driver2/lib:/home/slam/r2_ws/lidar_ws/install/basic/lib:/home/slam/r2_ws/lidar_ws/install/super_lio/lib:/home/slam/r2_ws/lidar_ws/install/livox_sdk2/lib:/opt/ros/humble/opt/rviz_ogre_vendor/lib:/opt/ros/humble/lib/x86_64-linux-gnu:/opt/ros/humble/lib'), ('MOTD_SHOWN', 'pam'), ('HOME', '/home/slam'), ('OLDPWD', '/home/slam/r2_ws/lidar_ws/src/livox_ros_driver2'), ('SSH_TTY', '/dev/pts/0'), ('ROS_PYTHON_VERSION', '3'), ('LC_MONETARY', 'en_US.UTF-8'), ('DBUS_SESSION_BUS_ADDRESS', 'unix:path=/run/user/1000/bus'), ('COLCON_PREFIX_PATH', '/home/slam/r2_ws/lidar_ws/install'), ('ROS_DISTRO', 'humble'), ('LOGNAME', 'slam'), ('_', '/home/slam/.local/bin/colcon'), ('ROS_VERSION', 'ROS2'), ('XDG_SESSION_CLASS', 'user'), ('TERM', 'xterm-256color'), ('XDG_SESSION_ID', '4'), ('ROS_LOCALHOST_ONLY', '0'), ('PATH', '/home/slam/.local/bin:/opt/ros/humble/bin:/usr/local/sbin:/usr/local/bin:/usr/sbin:/usr/bin:/sbin:/bin:/usr/games:/usr/local/games:/snap/bin'), ('PAPERSIZE', 'letter'), ('LC_ADDRESS', 'en_US.UTF-8'), ('XDG_RUNTIME_DIR', '/run/user/1000'), ('DISPLAY', 'localhost:10.0'), ('LANG', 'zh_CN.UTF-8'), ('LC_TELEPHONE', 'en_US.UTF-8'), ('LS_COLORS', 'rs=0:di=01;34:ln=01;36:mh=00:pi=40;33:so=01;35:do=01;35:bd=40;33;01:cd=40;33;01:or=40;31;01:mi=00:su=37;41:sg=30;43:ca=30;41:tw=30;42:ow=34;42:st=37;44:ex=01;32:*.tar=01;31:*.tgz=01;31:*.arc=01;31:*.arj=01;31:*.taz=01;31:*.lha=01;31:*.lz4=01;31:*.lzh=01;31:*.lzma=01;31:*.tlz=01;31:*.txz=01;31:*.tzo=01;31:*.t7z=01;31:*.zip=01;31:*.z=01;31:*.dz=01;31:*.gz=01;31:*.lrz=01;31:*.lz=01;31:*.lzo=01;31:*.xz=01;31:*.zst=01;31:*.tzst=01;31:*.bz2=01;31:*.bz=01;31:*.tbz=01;31:*.tbz2=01;31:*.tz=01;31:*.deb=01;31:*.rpm=01;31:*.jar=01;31:*.war=01;31:*.ear=01;31:*.sar=01;31:*.rar=01;31:*.alz=01;31:*.ace=01;31:*.zoo=01;31:*.cpio=01;31:*.7z=01;31:*.rz=01;31:*.cab=01;31:*.wim=01;31:*.swm=01;31:*.dwm=01;31:*.esd=01;31:*.jpg=01;35:*.jpeg=01;35:*.mjpg=01;35:*.mjpeg=01;35:*.gif=01;35:*.bmp=01;35:*.pbm=01;35:*.pgm=01;35:*.ppm=01;35:*.tga=01;35:*.xbm=01;35:*.xpm=01;35:*.tif=01;35:*.tiff=01;35:*.png=01;35:*.svg=01;35:*.svgz=01;35:*.mng=01;35:*.pcx=01;35:*.mov=01;35:*.mpg=01;35:*.mpeg=01;35:*.m2v=01;35:*.mkv=01;35:*.webm=01;35:*.webp=01;35:*.ogm=01;35:*.mp4=01;35:*.m4v=01;35:*.mp4v=01;35:*.vob=01;35:*.qt=01;35:*.nuv=01;35:*.wmv=01;35:*.asf=01;35:*.rm=01;35:*.rmvb=01;35:*.flc=01;35:*.avi=01;35:*.fli=01;35:*.flv=01;35:*.gl=01;35:*.dl=01;35:*.xcf=01;35:*.xwd=01;35:*.yuv=01;35:*.cgm=01;35:*.emf=01;35:*.ogv=01;35:*.ogx=01;35:*.aac=00;36:*.au=00;36:*.flac=00;36:*.m4a=00;36:*.mid=00;36:*.midi=00;36:*.mka=00;36:*.mp3=00;36:*.mpc=00;36:*.ogg=00;36:*.ra=00;36:*.wav=00;36:*.oga=00;36:*.opus=00;36:*.spx=00;36:*.xspf=00;36:'), ('AMENT_PREFIX_PATH', '/home/slam/r2_ws/lidar_ws/install/super_lio:/home/slam/r2_ws/lidar_ws/install/livox_ros_driver2:/home/slam/r2_ws/lidar_ws/install/basic:/opt/ros/humble'), ('SHELL', '/bin/bash'), ('LC_NAME', 'en_US.UTF-8'), ('LESSCLOSE', '/usr/bin/lesspipe %s %s'), ('LC_MEASUREMENT', 'en_US.UTF-8'), ('LC_IDENTIFICATION', 'en_US.UTF-8'), ('PWD', '/home/slam/r2_ws/lidar_ws/build/super_lio'), ('QT_QPA_PLATFORM', 'xcb'), ('LC_ALL', 'en_US.UTF-8'), ('SSH_CONNECTION', '10.88.122.74 36234 10.88.122.14 22'), ('XDG_DATA_DIRS', '/usr/share/gnome:/usr/local/share:/usr/share:/var/lib/snapd/desktop'), ('PYTHONPATH', '/home/slam/r2_ws/lidar_ws/install/super_lio/local/lib/python3.10/dist-packages:/home/slam/r2_ws/lidar_ws/install/livox_ros_driver2/local/lib/python3.10/dist-packages:/opt/ros/humble/lib/python3.10/site-packages:/opt/ros/humble/local/lib/python3.10/dist-packages'), ('LC_NUMERIC', 'en_US.UTF-8'), ('LC_PAPER', 'en_US.UTF-8'), ('COLCON', '1'), ('CMAKE_PREFIX_PATH', '/home/slam/r2_ws/lidar_ws/install/livox_ros_driver2:/home/slam/r2_ws/lidar_ws/install/basic:/home/slam/r2_ws/lidar_ws/install/super_lio:/opt/ros/humble')]), 'shell': False}
[62.621210] (super_lio) StdoutLine: {'line': b'-- Install configuration: "Release"\n'}
[62.621358] (super_lio) StdoutLine: {'line': b'-- Installing: /home/slam/r2_ws/lidar_ws/install/super_lio/share/ament_index/resource_index/rosidl_interfaces/super_lio\n'}
[62.621400] (super_lio) StdoutLine: {'line': b'-- Installing: /home/slam/r2_ws/lidar_ws/install/super_lio/include/super_lio/super_lio\n'}
[62.621445] (super_lio) StdoutLine: {'line': b'-- Installing: /home/slam/r2_ws/lidar_ws/install/super_lio/include/super_lio/super_lio/msg\n'}
[62.621478] (super_lio) StdoutLine: {'line': b'-- Installing: /home/slam/r2_ws/lidar_ws/install/super_lio/include/super_lio/super_lio/msg/cloud_pose.h\n'}
[62.621511] (super_lio) StdoutLine: {'line': b'-- Installing: /home/slam/r2_ws/lidar_ws/install/super_lio/include/super_lio/super_lio/msg/cloud_pose2.h\n'}
[62.621544] (super_lio) StdoutLine: {'line': b'-- Installing: /home/slam/r2_ws/lidar_ws/install/super_lio/include/super_lio/super_lio/msg/detail\n'}
[62.621595] (super_lio) StdoutLine: {'line': b'-- Installing: /home/slam/r2_ws/lidar_ws/install/super_lio/include/super_lio/super_lio/msg/detail/cloud_pose2__type_support.h\n'}
[62.621636] (super_lio) StdoutLine: {'line': b'-- Installing: /home/slam/r2_ws/lidar_ws/install/super_lio/include/super_lio/super_lio/msg/detail/cloud_pose__type_support.h\n'}
[62.621678] (super_lio) StdoutLine: {'line': b'-- Installing: /home/slam/r2_ws/lidar_ws/install/super_lio/include/super_lio/super_lio/msg/detail/cloud_pose2__functions.h\n'}
[62.621718] (super_lio) StdoutLine: {'line': b'-- Installing: /home/slam/r2_ws/lidar_ws/install/super_lio/include/super_lio/super_lio/msg/detail/cloud_pose__functions.c\n'}
[62.621751] (super_lio) StdoutLine: {'line': b'-- Installing: /home/slam/r2_ws/lidar_ws/install/super_lio/include/super_lio/super_lio/msg/detail/cloud_pose__functions.h\n'}
[62.621781] (super_lio) StdoutLine: {'line': b'-- Installing: /home/slam/r2_ws/lidar_ws/install/super_lio/include/super_lio/super_lio/msg/detail/cloud_pose2__functions.c\n'}
[62.621815] (super_lio) StdoutLine: {'line': b'-- Installing: /home/slam/r2_ws/lidar_ws/install/super_lio/include/super_lio/super_lio/msg/detail/cloud_pose2__struct.h\n'}
[62.621859] (super_lio) StdoutLine: {'line': b'-- Installing: /home/slam/r2_ws/lidar_ws/install/super_lio/include/super_lio/super_lio/msg/detail/cloud_pose__struct.h\n'}
[62.621894] (super_lio) StdoutLine: {'line': b'-- Installing: /home/slam/r2_ws/lidar_ws/install/super_lio/include/super_lio/super_lio/msg/rosidl_generator_c__visibility_control.h\n'}
[62.621925] (super_lio) StdoutLine: {'line': b'-- Installing: /home/slam/r2_ws/lidar_ws/install/super_lio/share/super_lio/environment/library_path.sh\n'}
[62.621981] (super_lio) StdoutLine: {'line': b'-- Installing: /home/slam/r2_ws/lidar_ws/install/super_lio/share/super_lio/environment/library_path.dsv\n'}
[62.622041] (super_lio) StdoutLine: {'line': b'-- Installing: /home/slam/r2_ws/lidar_ws/install/super_lio/lib/libsuper_lio__rosidl_generator_c.so\n'}
[62.622154] (super_lio) StdoutLine: {'line': b'-- Set runtime path of "/home/slam/r2_ws/lidar_ws/install/super_lio/lib/libsuper_lio__rosidl_generator_c.so" to ""\n'}
[62.622202] (super_lio) StdoutLine: {'line': b'-- Up-to-date: /home/slam/r2_ws/lidar_ws/install/super_lio/include/super_lio/super_lio\n'}
[62.622245] (super_lio) StdoutLine: {'line': b'-- Up-to-date: /home/slam/r2_ws/lidar_ws/install/super_lio/include/super_lio/super_lio/msg\n'}
[62.622279] (super_lio) StdoutLine: {'line': b'-- Up-to-date: /home/slam/r2_ws/lidar_ws/install/super_lio/include/super_lio/super_lio/msg/detail\n'}
[62.622325] (super_lio) StdoutLine: {'line': b'-- Installing: /home/slam/r2_ws/lidar_ws/install/super_lio/include/super_lio/super_lio/msg/detail/cloud_pose__rosidl_typesupport_fastrtps_c.h\n'}
[62.622355] (super_lio) StdoutLine: {'line': b'-- Installing: /home/slam/r2_ws/lidar_ws/install/super_lio/include/super_lio/super_lio/msg/detail/cloud_pose2__rosidl_typesupport_fastrtps_c.h\n'}
[62.622384] (super_lio) StdoutLine: {'line': b'-- Installing: /home/slam/r2_ws/lidar_ws/install/super_lio/include/super_lio/super_lio/msg/rosidl_typesupport_fastrtps_c__visibility_control.h\n'}
[62.622414] (super_lio) StdoutLine: {'line': b'-- Installing: /home/slam/r2_ws/lidar_ws/install/super_lio/lib/libsuper_lio__rosidl_typesupport_fastrtps_c.so\n'}
[62.622453] (super_lio) StdoutLine: {'line': b'-- Set runtime path of "/home/slam/r2_ws/lidar_ws/install/super_lio/lib/libsuper_lio__rosidl_typesupport_fastrtps_c.so" to ""\n'}
[62.622498] (super_lio) StdoutLine: {'line': b'-- Up-to-date: /home/slam/r2_ws/lidar_ws/install/super_lio/include/super_lio/super_lio\n'}
[62.622531] (super_lio) StdoutLine: {'line': b'-- Up-to-date: /home/slam/r2_ws/lidar_ws/install/super_lio/include/super_lio/super_lio/msg\n'}
[62.622562] (super_lio) StdoutLine: {'line': b'-- Up-to-date: /home/slam/r2_ws/lidar_ws/install/super_lio/include/super_lio/super_lio/msg/detail\n'}
[62.622603] (super_lio) StdoutLine: {'line': b'-- Installing: /home/slam/r2_ws/lidar_ws/install/super_lio/include/super_lio/super_lio/msg/detail/cloud_pose__type_support.c\n'}
[62.622655] (super_lio) StdoutLine: {'line': b'-- Installing: /home/slam/r2_ws/lidar_ws/install/super_lio/include/super_lio/super_lio/msg/detail/cloud_pose2__type_support.c\n'}
[62.622688] (super_lio) StdoutLine: {'line': b'-- Installing: /home/slam/r2_ws/lidar_ws/install/super_lio/include/super_lio/super_lio/msg/detail/cloud_pose__rosidl_typesupport_introspection_c.h\n'}
[62.622719] (super_lio) StdoutLine: {'line': b'-- Installing: /home/slam/r2_ws/lidar_ws/install/super_lio/include/super_lio/super_lio/msg/detail/cloud_pose2__rosidl_typesupport_introspection_c.h\n'}
[62.622765] (super_lio) StdoutLine: {'line': b'-- Installing: /home/slam/r2_ws/lidar_ws/install/super_lio/include/super_lio/super_lio/msg/rosidl_typesupport_introspection_c__visibility_control.h\n'}
[62.622810] (super_lio) StdoutLine: {'line': b'-- Installing: /home/slam/r2_ws/lidar_ws/install/super_lio/lib/libsuper_lio__rosidl_typesupport_introspection_c.so\n'}
[62.622864] (super_lio) StdoutLine: {'line': b'-- Set runtime path of "/home/slam/r2_ws/lidar_ws/install/super_lio/lib/libsuper_lio__rosidl_typesupport_introspection_c.so" to ""\n'}
[62.622906] (super_lio) StdoutLine: {'line': b'-- Installing: /home/slam/r2_ws/lidar_ws/install/super_lio/lib/libsuper_lio__rosidl_typesupport_c.so\n'}
[62.623012] (super_lio) StdoutLine: {'line': b'-- Set runtime path of "/home/slam/r2_ws/lidar_ws/install/super_lio/lib/libsuper_lio__rosidl_typesupport_c.so" to ""\n'}
[62.623061] (super_lio) StdoutLine: {'line': b'-- Up-to-date: /home/slam/r2_ws/lidar_ws/install/super_lio/include/super_lio/super_lio\n'}
[62.623112] (super_lio) StdoutLine: {'line': b'-- Up-to-date: /home/slam/r2_ws/lidar_ws/install/super_lio/include/super_lio/super_lio/msg\n'}
[62.623143] (super_lio) StdoutLine: {'line': b'-- Installing: /home/slam/r2_ws/lidar_ws/install/super_lio/include/super_lio/super_lio/msg/cloud_pose.hpp\n'}
[62.623185] (super_lio) StdoutLine: {'line': b'-- Up-to-date: /home/slam/r2_ws/lidar_ws/install/super_lio/include/super_lio/super_lio/msg/detail\n'}
[62.623234] (super_lio) StdoutLine: {'line': b'-- Installing: /home/slam/r2_ws/lidar_ws/install/super_lio/include/super_lio/super_lio/msg/detail/cloud_pose2__builder.hpp\n'}
[62.623268] (super_lio) StdoutLine: {'line': b'-- Installing: /home/slam/r2_ws/lidar_ws/install/super_lio/include/super_lio/super_lio/msg/detail/cloud_pose2__struct.hpp\n'}
[62.623299] (super_lio) StdoutLine: {'line': b'-- Installing: /home/slam/r2_ws/lidar_ws/install/super_lio/include/super_lio/super_lio/msg/detail/cloud_pose__builder.hpp\n'}
[62.623338] (super_lio) StdoutLine: {'line': b'-- Installing: /home/slam/r2_ws/lidar_ws/install/super_lio/include/super_lio/super_lio/msg/detail/cloud_pose2__traits.hpp\n'}
[62.623386] (super_lio) StdoutLine: {'line': b'-- Installing: /home/slam/r2_ws/lidar_ws/install/super_lio/include/super_lio/super_lio/msg/detail/cloud_pose2__type_support.hpp\n'}
[62.623417] (super_lio) StdoutLine: {'line': b'-- Installing: /home/slam/r2_ws/lidar_ws/install/super_lio/include/super_lio/super_lio/msg/detail/cloud_pose__struct.hpp\n'}
[62.623459] (super_lio) StdoutLine: {'line': b'-- Installing: /home/slam/r2_ws/lidar_ws/install/super_lio/include/super_lio/super_lio/msg/detail/cloud_pose__type_support.hpp\n'}
[62.623487] (super_lio) StdoutLine: {'line': b'-- Installing: /home/slam/r2_ws/lidar_ws/install/super_lio/include/super_lio/super_lio/msg/detail/cloud_pose__traits.hpp\n'}
[62.623517] (super_lio) StdoutLine: {'line': b'-- Installing: /home/slam/r2_ws/lidar_ws/install/super_lio/include/super_lio/super_lio/msg/cloud_pose2.hpp\n'}
[62.623558] (super_lio) StdoutLine: {'line': b'-- Installing: /home/slam/r2_ws/lidar_ws/install/super_lio/include/super_lio/super_lio/msg/rosidl_generator_cpp__visibility_control.hpp\n'}
[62.623613] (super_lio) StdoutLine: {'line': b'-- Up-to-date: /home/slam/r2_ws/lidar_ws/install/super_lio/include/super_lio/super_lio\n'}
[62.623646] (super_lio) StdoutLine: {'line': b'-- Up-to-date: /home/slam/r2_ws/lidar_ws/install/super_lio/include/super_lio/super_lio/msg\n'}
[62.623676] (super_lio) StdoutLine: {'line': b'-- Installing: /home/slam/r2_ws/lidar_ws/install/super_lio/include/super_lio/super_lio/msg/rosidl_typesupport_fastrtps_cpp__visibility_control.h\n'}
[62.623705] (super_lio) StdoutLine: {'line': b'-- Up-to-date: /home/slam/r2_ws/lidar_ws/install/super_lio/include/super_lio/super_lio/msg/detail\n'}
[62.623745] (super_lio) StdoutLine: {'line': b'-- Installing: /home/slam/r2_ws/lidar_ws/install/super_lio/include/super_lio/super_lio/msg/detail/cloud_pose__rosidl_typesupport_fastrtps_cpp.hpp\n'}
[62.623792] (super_lio) StdoutLine: {'line': b'-- Installing: /home/slam/r2_ws/lidar_ws/install/super_lio/include/super_lio/super_lio/msg/detail/cloud_pose2__rosidl_typesupport_fastrtps_cpp.hpp\n'}
[62.623822] (super_lio) StdoutLine: {'line': b'-- Installing: /home/slam/r2_ws/lidar_ws/install/super_lio/include/super_lio/super_lio/msg/detail/dds_fastrtps\n'}
[62.623850] (super_lio) StdoutLine: {'line': b'-- Installing: /home/slam/r2_ws/lidar_ws/install/super_lio/lib/libsuper_lio__rosidl_typesupport_fastrtps_cpp.so\n'}
[62.623916] (super_lio) StdoutLine: {'line': b'-- Set runtime path of "/home/slam/r2_ws/lidar_ws/install/super_lio/lib/libsuper_lio__rosidl_typesupport_fastrtps_cpp.so" to ""\n'}
[62.623967] (super_lio) StdoutLine: {'line': b'-- Up-to-date: /home/slam/r2_ws/lidar_ws/install/super_lio/include/super_lio/super_lio\n'}
[62.624000] (super_lio) StdoutLine: {'line': b'-- Up-to-date: /home/slam/r2_ws/lidar_ws/install/super_lio/include/super_lio/super_lio/msg\n'}
[62.624040] (super_lio) StdoutLine: {'line': b'-- Up-to-date: /home/slam/r2_ws/lidar_ws/install/super_lio/include/super_lio/super_lio/msg/detail\n'}
[62.624087] (super_lio) StdoutLine: {'line': b'-- Installing: /home/slam/r2_ws/lidar_ws/install/super_lio/include/super_lio/super_lio/msg/detail/cloud_pose2__type_support.cpp\n'}
[62.624117] (super_lio) StdoutLine: {'line': b'-- Installing: /home/slam/r2_ws/lidar_ws/install/super_lio/include/super_lio/super_lio/msg/detail/cloud_pose2__rosidl_typesupport_introspection_cpp.hpp\n'}
[62.624151] (super_lio) StdoutLine: {'line': b'-- Installing: /home/slam/r2_ws/lidar_ws/install/super_lio/include/super_lio/super_lio/msg/detail/cloud_pose__rosidl_typesupport_introspection_cpp.hpp\n'}
[62.624192] (super_lio) StdoutLine: {'line': b'-- Installing: /home/slam/r2_ws/lidar_ws/install/super_lio/include/super_lio/super_lio/msg/detail/cloud_pose__type_support.cpp\n'}
[62.624234] (super_lio) StdoutLine: {'line': b'-- Installing: /home/slam/r2_ws/lidar_ws/install/super_lio/lib/libsuper_lio__rosidl_typesupport_introspection_cpp.so\n'}
[62.624346] (super_lio) StdoutLine: {'line': b'-- Set runtime path of "/home/slam/r2_ws/lidar_ws/install/super_lio/lib/libsuper_lio__rosidl_typesupport_introspection_cpp.so" to ""\n'}
[62.624385] (super_lio) StdoutLine: {'line': b'-- Installing: /home/slam/r2_ws/lidar_ws/install/super_lio/lib/libsuper_lio__rosidl_typesupport_cpp.so\n'}
[62.624559] (super_lio) StdoutLine: {'line': b'-- Set runtime path of "/home/slam/r2_ws/lidar_ws/install/super_lio/lib/libsuper_lio__rosidl_typesupport_cpp.so" to ""\n'}
[62.624600] (super_lio) StdoutLine: {'line': b'-- Installing: /home/slam/r2_ws/lidar_ws/install/super_lio/share/super_lio/environment/pythonpath.sh\n'}
[62.624644] (super_lio) StdoutLine: {'line': b'-- Installing: /home/slam/r2_ws/lidar_ws/install/super_lio/share/super_lio/environment/pythonpath.dsv\n'}
[62.624673] (super_lio) StdoutLine: {'line': b'-- Installing: /home/slam/r2_ws/lidar_ws/install/super_lio/local/lib/python3.10/dist-packages/super_lio-2.0.0-py3.10.egg-info\n'}
[62.624710] (super_lio) StdoutLine: {'line': b'-- Installing: /home/slam/r2_ws/lidar_ws/install/super_lio/local/lib/python3.10/dist-packages/super_lio-2.0.0-py3.10.egg-info/PKG-INFO\n'}
[62.624751] (super_lio) StdoutLine: {'line': b'-- Installing: /home/slam/r2_ws/lidar_ws/install/super_lio/local/lib/python3.10/dist-packages/super_lio-2.0.0-py3.10.egg-info/dependency_links.txt\n'}
[62.624789] (super_lio) StdoutLine: {'line': b'-- Installing: /home/slam/r2_ws/lidar_ws/install/super_lio/local/lib/python3.10/dist-packages/super_lio-2.0.0-py3.10.egg-info/SOURCES.txt\n'}
[62.624830] (super_lio) StdoutLine: {'line': b'-- Installing: /home/slam/r2_ws/lidar_ws/install/super_lio/local/lib/python3.10/dist-packages/super_lio-2.0.0-py3.10.egg-info/top_level.txt\n'}
[62.624870] (super_lio) StdoutLine: {'line': b'-- Installing: /home/slam/r2_ws/lidar_ws/install/super_lio/local/lib/python3.10/dist-packages/super_lio\n'}
[62.624941] (super_lio) StdoutLine: {'line': b'-- Installing: /home/slam/r2_ws/lidar_ws/install/super_lio/local/lib/python3.10/dist-packages/super_lio/libsuper_lio__rosidl_generator_py.so\n'}
[62.625002] (super_lio) StdoutLine: {'line': b'-- Installing: /home/slam/r2_ws/lidar_ws/install/super_lio/local/lib/python3.10/dist-packages/super_lio/__init__.py\n'}
[62.625044] (super_lio) StdoutLine: {'line': b'-- Installing: /home/slam/r2_ws/lidar_ws/install/super_lio/local/lib/python3.10/dist-packages/super_lio/super_lio_s__rosidl_typesupport_c.cpython-310-x86_64-linux-gnu.so\n'}
[62.625097] (super_lio) StdoutLine: {'line': b'-- Installing: /home/slam/r2_ws/lidar_ws/install/super_lio/local/lib/python3.10/dist-packages/super_lio/_super_lio_s.ep.rosidl_typesupport_introspection_c.c\n'}
[62.625138] (super_lio) StdoutLine: {'line': b'-- Installing: /home/slam/r2_ws/lidar_ws/install/super_lio/local/lib/python3.10/dist-packages/super_lio/_super_lio_s.ep.rosidl_typesupport_fastrtps_c.c\n'}
[62.625179] (super_lio) StdoutLine: {'line': b'-- Installing: /home/slam/r2_ws/lidar_ws/install/super_lio/local/lib/python3.10/dist-packages/super_lio/msg\n'}
[62.625220] (super_lio) StdoutLine: {'line': b'-- Installing: /home/slam/r2_ws/lidar_ws/install/super_lio/local/lib/python3.10/dist-packages/super_lio/msg/_cloud_pose_s.c\n'}
[62.625264] (super_lio) StdoutLine: {'line': b'-- Installing: /home/slam/r2_ws/lidar_ws/install/super_lio/local/lib/python3.10/dist-packages/super_lio/msg/__init__.py\n'}
[62.625304] (super_lio) StdoutLine: {'line': b'-- Installing: /home/slam/r2_ws/lidar_ws/install/super_lio/local/lib/python3.10/dist-packages/super_lio/msg/_cloud_pose2_s.c\n'}
[62.625342] (super_lio) StdoutLine: {'line': b'-- Installing: /home/slam/r2_ws/lidar_ws/install/super_lio/local/lib/python3.10/dist-packages/super_lio/msg/_cloud_pose2.py\n'}
[62.625380] (super_lio) StdoutLine: {'line': b'-- Installing: /home/slam/r2_ws/lidar_ws/install/super_lio/local/lib/python3.10/dist-packages/super_lio/msg/_cloud_pose.py\n'}
[62.625417] (super_lio) StdoutLine: {'line': b'-- Installing: /home/slam/r2_ws/lidar_ws/install/super_lio/local/lib/python3.10/dist-packages/super_lio/super_lio_s__rosidl_typesupport_fastrtps_c.cpython-310-x86_64-linux-gnu.so\n'}
[62.625456] (super_lio) StdoutLine: {'line': b'-- Installing: /home/slam/r2_ws/lidar_ws/install/super_lio/local/lib/python3.10/dist-packages/super_lio/super_lio_s__rosidl_typesupport_introspection_c.cpython-310-x86_64-linux-gnu.so\n'}
[62.625502] (super_lio) StdoutLine: {'line': b'-- Installing: /home/slam/r2_ws/lidar_ws/install/super_lio/local/lib/python3.10/dist-packages/super_lio/_super_lio_s.ep.rosidl_typesupport_c.c\n'}
[62.648789] (super_lio) StdoutLine: {'line': b"Listing '/home/slam/r2_ws/lidar_ws/install/super_lio/local/lib/python3.10/dist-packages/super_lio'...\n"}
[62.648900] (super_lio) StdoutLine: {'line': b"Compiling '/home/slam/r2_ws/lidar_ws/install/super_lio/local/lib/python3.10/dist-packages/super_lio/__init__.py'...\n"}
[62.648949] (super_lio) StdoutLine: {'line': b"Listing '/home/slam/r2_ws/lidar_ws/install/super_lio/local/lib/python3.10/dist-packages/super_lio/msg'...\n"}
[62.648987] (super_lio) StdoutLine: {'line': b"Compiling '/home/slam/r2_ws/lidar_ws/install/super_lio/local/lib/python3.10/dist-packages/super_lio/msg/__init__.py'...\n"}
[62.649024] (super_lio) StdoutLine: {'line': b"Compiling '/home/slam/r2_ws/lidar_ws/install/super_lio/local/lib/python3.10/dist-packages/super_lio/msg/_cloud_pose.py'...\n"}
[62.649059] (super_lio) StdoutLine: {'line': b"Compiling '/home/slam/r2_ws/lidar_ws/install/super_lio/local/lib/python3.10/dist-packages/super_lio/msg/_cloud_pose2.py'...\n"}
[62.652020] (super_lio) StdoutLine: {'line': b'-- Installing: /home/slam/r2_ws/lidar_ws/install/super_lio/local/lib/python3.10/dist-packages/super_lio/super_lio_s__rosidl_typesupport_fastrtps_c.cpython-310-x86_64-linux-gnu.so\n'}
[62.652144] (super_lio) StdoutLine: {'line': b'-- Set runtime path of "/home/slam/r2_ws/lidar_ws/install/super_lio/local/lib/python3.10/dist-packages/super_lio/super_lio_s__rosidl_typesupport_fastrtps_c.cpython-310-x86_64-linux-gnu.so" to ""\n'}
[62.652296] (super_lio) StdoutLine: {'line': b'-- Installing: /home/slam/r2_ws/lidar_ws/install/super_lio/local/lib/python3.10/dist-packages/super_lio/super_lio_s__rosidl_typesupport_introspection_c.cpython-310-x86_64-linux-gnu.so\n'}
[62.652468] (super_lio) StdoutLine: {'line': b'-- Set runtime path of "/home/slam/r2_ws/lidar_ws/install/super_lio/local/lib/python3.10/dist-packages/super_lio/super_lio_s__rosidl_typesupport_introspection_c.cpython-310-x86_64-linux-gnu.so" to ""\n'}
[62.652509] (super_lio) StdoutLine: {'line': b'-- Installing: /home/slam/r2_ws/lidar_ws/install/super_lio/local/lib/python3.10/dist-packages/super_lio/super_lio_s__rosidl_typesupport_c.cpython-310-x86_64-linux-gnu.so\n'}
[62.652579] (super_lio) StdoutLine: {'line': b'-- Set runtime path of "/home/slam/r2_ws/lidar_ws/install/super_lio/local/lib/python3.10/dist-packages/super_lio/super_lio_s__rosidl_typesupport_c.cpython-310-x86_64-linux-gnu.so" to ""\n'}
[62.652618] (super_lio) StdoutLine: {'line': b'-- Installing: /home/slam/r2_ws/lidar_ws/install/super_lio/lib/libsuper_lio__rosidl_generator_py.so\n'}
[62.652725] (super_lio) StdoutLine: {'line': b'-- Set runtime path of "/home/slam/r2_ws/lidar_ws/install/super_lio/lib/libsuper_lio__rosidl_generator_py.so" to ""\n'}
[62.652831] (super_lio) StdoutLine: {'line': b'-- Installing: /home/slam/r2_ws/lidar_ws/install/super_lio/share/super_lio/rust\n'}
[62.652898] (super_lio) StdoutLine: {'line': b'-- Installing: /home/slam/r2_ws/lidar_ws/install/super_lio/share/super_lio/rust/src\n'}
[62.652933] (super_lio) StdoutLine: {'line': b'-- Installing: /home/slam/r2_ws/lidar_ws/install/super_lio/share/super_lio/rust/src/msg.rs\n'}
[62.652960] (super_lio) StdoutLine: {'line': b'-- Installing: /home/slam/r2_ws/lidar_ws/install/super_lio/share/super_lio/rust/src/msg\n'}
[62.653015] (super_lio) StdoutLine: {'line': b'-- Installing: /home/slam/r2_ws/lidar_ws/install/super_lio/share/super_lio/rust/src/msg/rmw.rs\n'}
[62.653114] (super_lio) StdoutLine: {'line': b'-- Installing: /home/slam/r2_ws/lidar_ws/install/super_lio/share/super_lio/rust/src/lib.rs\n'}
[62.653145] (super_lio) StdoutLine: {'line': b'-- Installing: /home/slam/r2_ws/lidar_ws/install/super_lio/share/super_lio/rust/build.rs\n'}
[62.653174] (super_lio) StdoutLine: {'line': b'-- Installing: /home/slam/r2_ws/lidar_ws/install/super_lio/share/super_lio/rust/Cargo.toml\n'}
[62.653224] (super_lio) StdoutLine: {'line': b'-- Installing: /home/slam/r2_ws/lidar_ws/install/super_lio/share/super_lio/msg/CloudPose.idl\n'}
[62.653277] (super_lio) StdoutLine: {'line': b'-- Installing: /home/slam/r2_ws/lidar_ws/install/super_lio/share/super_lio/msg/CloudPose2.idl\n'}
[62.653306] (super_lio) StdoutLine: {'line': b'-- Installing: /home/slam/r2_ws/lidar_ws/install/super_lio/share/super_lio/msg/CloudPose.msg\n'}
[62.653355] (super_lio) StdoutLine: {'line': b'-- Installing: /home/slam/r2_ws/lidar_ws/install/super_lio/share/super_lio/msg/CloudPose2.msg\n'}
[62.653406] (super_lio) StdoutLine: {'line': b'-- Installing: /home/slam/r2_ws/lidar_ws/install/super_lio/lib/liblio.so\n'}
[62.655792] (super_lio) StdoutLine: {'line': b'-- Set runtime path of "/home/slam/r2_ws/lidar_ws/install/super_lio/lib/liblio.so" to ""\n'}
[62.655854] (super_lio) StdoutLine: {'line': b'-- Installing: /home/slam/r2_ws/lidar_ws/install/super_lio/lib/super_lio/super_lio_node\n'}
[62.655979] (super_lio) StdoutLine: {'line': b'-- Set runtime path of "/home/slam/r2_ws/lidar_ws/install/super_lio/lib/super_lio/super_lio_node" to ""\n'}
[62.656032] (super_lio) StdoutLine: {'line': b'-- Installing: /home/slam/r2_ws/lidar_ws/install/super_lio/lib/super_lio/relocation_node\n'}
[62.656215] (super_lio) StdoutLine: {'line': b'-- Set runtime path of "/home/slam/r2_ws/lidar_ws/install/super_lio/lib/super_lio/relocation_node" to ""\n'}
[62.656263] (super_lio) StdoutLine: {'line': b'-- Up-to-date: /home/slam/r2_ws/lidar_ws/install/super_lio/include/super_lio\n'}
[62.656308] (super_lio) StdoutLine: {'line': b'-- Installing: /home/slam/r2_ws/lidar_ws/install/super_lio/include/super_lio/lio\n'}
[62.656357] (super_lio) StdoutLine: {'line': b'-- Installing: /home/slam/r2_ws/lidar_ws/install/super_lio/include/super_lio/lio/params.h\n'}
[62.656405] (super_lio) StdoutLine: {'line': b'-- Installing: /home/slam/r2_ws/lidar_ws/install/super_lio/include/super_lio/lio/super_lio_reloc.h\n'}
[62.656435] (super_lio) StdoutLine: {'line': b'-- Installing: /home/slam/r2_ws/lidar_ws/install/super_lio/include/super_lio/lio/super_lio.h\n'}
[62.656483] (super_lio) StdoutLine: {'line': b'-- Installing: /home/slam/r2_ws/lidar_ws/install/super_lio/include/super_lio/lio/ESKF.h\n'}
[62.656543] (super_lio) StdoutLine: {'line': b'-- Installing: /home/slam/r2_ws/lidar_ws/install/super_lio/include/super_lio/ros\n'}
[62.656574] (super_lio) StdoutLine: {'line': b'-- Installing: /home/slam/r2_ws/lidar_ws/install/super_lio/include/super_lio/ros/ROSWrapper.h\n'}
[62.656603] (super_lio) StdoutLine: {'line': b'-- Installing: /home/slam/r2_ws/lidar_ws/install/super_lio/include/super_lio/common\n'}
[62.656652] (super_lio) StdoutLine: {'line': b'-- Installing: /home/slam/r2_ws/lidar_ws/install/super_lio/include/super_lio/common/ds.h\n'}
[62.656683] (super_lio) StdoutLine: {'line': b'-- Installing: /home/slam/r2_ws/lidar_ws/install/super_lio/include/super_lio/common/timer.h\n'}
[62.656732] (super_lio) StdoutLine: {'line': b'-- Installing: /home/slam/r2_ws/lidar_ws/install/super_lio/include/super_lio/OctVoxMap\n'}
[62.656762] (super_lio) StdoutLine: {'line': b'-- Installing: /home/slam/r2_ws/lidar_ws/install/super_lio/include/super_lio/OctVoxMap/VoxelGridFilter.h\n'}
[62.656789] (super_lio) StdoutLine: {'line': b'-- Installing: /home/slam/r2_ws/lidar_ws/install/super_lio/include/super_lio/OctVoxMap/HKNN_list60_gem.h\n'}
[62.656838] (super_lio) StdoutLine: {'line': b'-- Installing: /home/slam/r2_ws/lidar_ws/install/super_lio/include/super_lio/OctVoxMap/output\n'}
[62.656868] (super_lio) StdoutLine: {'line': b'-- Installing: /home/slam/r2_ws/lidar_ws/install/super_lio/include/super_lio/OctVoxMap/output/.gitignore\n'}
[62.656925] (super_lio) StdoutLine: {'line': b'-- Installing: /home/slam/r2_ws/lidar_ws/install/super_lio/include/super_lio/OctVoxMap/tsl\n'}
[62.656953] (super_lio) StdoutLine: {'line': b'-- Installing: /home/slam/r2_ws/lidar_ws/install/super_lio/include/super_lio/OctVoxMap/tsl/robin_set.h\n'}
[62.657104] (super_lio) StdoutLine: {'line': b'-- Installing: /home/slam/r2_ws/lidar_ws/install/super_lio/include/super_lio/OctVoxMap/tsl/robin_growth_policy.h\n'}
[62.657145] (super_lio) StdoutLine: {'line': b'-- Installing: /home/slam/r2_ws/lidar_ws/install/super_lio/include/super_lio/OctVoxMap/tsl/robin_hood.h\n'}
[62.657224] (super_lio) StdoutLine: {'line': b'-- Installing: /home/slam/r2_ws/lidar_ws/install/super_lio/include/super_lio/OctVoxMap/tsl/robin_map.h\n'}
[62.657278] (super_lio) StdoutLine: {'line': b'-- Installing: /home/slam/r2_ws/lidar_ws/install/super_lio/include/super_lio/OctVoxMap/tsl/robin_hash.h\n'}
[62.657337] (super_lio) StdoutLine: {'line': b'-- Installing: /home/slam/r2_ws/lidar_ws/install/super_lio/include/super_lio/OctVoxMap/OctVoxMap.hpp\n'}
[62.657381] (super_lio) StdoutLine: {'line': b'-- Up-to-date: /home/slam/r2_ws/lidar_ws/install/super_lio/include/super_lio\n'}
[62.657421] (super_lio) StdoutLine: {'line': b'-- Installing: /home/slam/r2_ws/lidar_ws/install/super_lio/include/super_lio/.gitkeep\n'}
[62.657463] (super_lio) StdoutLine: {'line': b'-- Installing: /home/slam/r2_ws/lidar_ws/install/super_lio/share/super_lio/launch\n'}
[62.657503] (super_lio) StdoutLine: {'line': b'-- Installing: /home/slam/r2_ws/lidar_ws/install/super_lio/share/super_lio/launch/MCD_ATH.py\n'}
[62.657617] (super_lio) StdoutLine: {'line': b'-- Installing: /home/slam/r2_ws/lidar_ws/install/super_lio/share/super_lio/launch/r3live.py\n'}
[62.657732] (super_lio) StdoutLine: {'line': b'-- Installing: /home/slam/r2_ws/lidar_ws/install/super_lio/share/super_lio/launch/hesai.py\n'}
[62.657870] (super_lio) StdoutLine: {'line': b'-- Installing: /home/slam/r2_ws/lidar_ws/install/super_lio/share/super_lio/launch/M2DGR.py\n'}
[62.657932] (super_lio) StdoutLine: {'line': b'-- Installing: /home/slam/r2_ws/lidar_ws/install/super_lio/share/super_lio/launch/NTU.py\n'}
[62.658051] (super_lio) StdoutLine: {'line': b'-- Installing: /home/slam/r2_ws/lidar_ws/install/super_lio/share/super_lio/launch/relocation.py\n'}
[62.658167] (super_lio) StdoutLine: {'line': b'-- Installing: /home/slam/r2_ws/lidar_ws/install/super_lio/share/super_lio/launch/Livox_mid360.py\n'}
[62.658233] (super_lio) StdoutLine: {'line': b'-- Installing: /home/slam/r2_ws/lidar_ws/install/super_lio/share/super_lio/launch/NCLT.py\n'}
[62.658314] (super_lio) StdoutLine: {'line': b'-- Installing: /home/slam/r2_ws/lidar_ws/install/super_lio/share/super_lio/config\n'}
[62.658354] (super_lio) StdoutLine: {'line': b'-- Installing: /home/slam/r2_ws/lidar_ws/install/super_lio/share/super_lio/config/MCD_ATH.yaml\n'}
[62.658462] (super_lio) StdoutLine: {'line': b'-- Installing: /home/slam/r2_ws/lidar_ws/install/super_lio/share/super_lio/config/NCLT.yaml\n'}
[62.658579] (super_lio) StdoutLine: {'line': b'-- Installing: /home/slam/r2_ws/lidar_ws/install/super_lio/share/super_lio/config/livox_360.yaml\n'}
[62.658709] (super_lio) StdoutLine: {'line': b'-- Installing: /home/slam/r2_ws/lidar_ws/install/super_lio/share/super_lio/config/hesai.yaml\n'}
[62.658825] (super_lio) StdoutLine: {'line': b'-- Installing: /home/slam/r2_ws/lidar_ws/install/super_lio/share/super_lio/config/NTU.yaml\n'}
[62.658955] (super_lio) StdoutLine: {'line': b'-- Installing: /home/slam/r2_ws/lidar_ws/install/super_lio/share/super_lio/config/r3live.yaml\n'}
[62.659073] (super_lio) StdoutLine: {'line': b'-- Installing: /home/slam/r2_ws/lidar_ws/install/super_lio/share/super_lio/config/relocation.yaml\n'}
[62.659189] (super_lio) StdoutLine: {'line': b'-- Installing: /home/slam/r2_ws/lidar_ws/install/super_lio/share/super_lio/config/M2DGR.yaml\n'}
[62.659316] (super_lio) StdoutLine: {'line': b'-- Installing: /home/slam/r2_ws/lidar_ws/install/super_lio/share/super_lio/rviz\n'}
[62.659357] (super_lio) StdoutLine: {'line': b'-- Installing: /home/slam/r2_ws/lidar_ws/install/super_lio/share/super_lio/rviz/lio.rviz\n'}
[62.659474] (super_lio) StdoutLine: {'line': b'-- Installing: /home/slam/r2_ws/lidar_ws/install/super_lio/share/super_lio/rviz/relocation.rviz\n'}
[62.659634] (super_lio) StdoutLine: {'line': b'-- Installing: /home/slam/r2_ws/lidar_ws/install/super_lio/share/ament_index/resource_index/package_run_dependencies/super_lio\n'}
[62.659702] (super_lio) StdoutLine: {'line': b'-- Installing: /home/slam/r2_ws/lidar_ws/install/super_lio/share/ament_index/resource_index/parent_prefix_path/super_lio\n'}
[62.659753] (super_lio) StdoutLine: {'line': b'-- Installing: /home/slam/r2_ws/lidar_ws/install/super_lio/share/super_lio/environment/ament_prefix_path.sh\n'}
[62.659810] (super_lio) StdoutLine: {'line': b'-- Installing: /home/slam/r2_ws/lidar_ws/install/super_lio/share/super_lio/environment/ament_prefix_path.dsv\n'}
[62.659856] (super_lio) StdoutLine: {'line': b'-- Installing: /home/slam/r2_ws/lidar_ws/install/super_lio/share/super_lio/environment/path.sh\n'}
[62.659903] (super_lio) StdoutLine: {'line': b'-- Installing: /home/slam/r2_ws/lidar_ws/install/super_lio/share/super_lio/environment/path.dsv\n'}
[62.659951] (super_lio) StdoutLine: {'line': b'-- Installing: /home/slam/r2_ws/lidar_ws/install/super_lio/share/super_lio/local_setup.bash\n'}
[62.660001] (super_lio) StdoutLine: {'line': b'-- Installing: /home/slam/r2_ws/lidar_ws/install/super_lio/share/super_lio/local_setup.sh\n'}
[62.660051] (super_lio) StdoutLine: {'line': b'-- Installing: /home/slam/r2_ws/lidar_ws/install/super_lio/share/super_lio/local_setup.zsh\n'}
[62.660103] (super_lio) StdoutLine: {'line': b'-- Installing: /home/slam/r2_ws/lidar_ws/install/super_lio/share/super_lio/local_setup.dsv\n'}
[62.660148] (super_lio) StdoutLine: {'line': b'-- Installing: /home/slam/r2_ws/lidar_ws/install/super_lio/share/super_lio/package.dsv\n'}
[62.660210] (super_lio) StdoutLine: {'line': b'-- Installing: /home/slam/r2_ws/lidar_ws/install/super_lio/share/ament_index/resource_index/packages/super_lio\n'}
[62.660279] (super_lio) StdoutLine: {'line': b'-- Installing: /home/slam/r2_ws/lidar_ws/install/super_lio/share/super_lio/cmake/export_super_lio__rosidl_generator_cExport.cmake\n'}
[62.660337] (super_lio) StdoutLine: {'line': b'-- Installing: /home/slam/r2_ws/lidar_ws/install/super_lio/share/super_lio/cmake/export_super_lio__rosidl_generator_cExport-release.cmake\n'}
[62.660395] (super_lio) StdoutLine: {'line': b'-- Installing: /home/slam/r2_ws/lidar_ws/install/super_lio/share/super_lio/cmake/export_super_lio__rosidl_typesupport_fastrtps_cExport.cmake\n'}
[62.660450] (super_lio) StdoutLine: {'line': b'-- Installing: /home/slam/r2_ws/lidar_ws/install/super_lio/share/super_lio/cmake/export_super_lio__rosidl_typesupport_fastrtps_cExport-release.cmake\n'}
[62.660505] (super_lio) StdoutLine: {'line': b'-- Installing: /home/slam/r2_ws/lidar_ws/install/super_lio/share/super_lio/cmake/super_lio__rosidl_typesupport_introspection_cExport.cmake\n'}
[62.660560] (super_lio) StdoutLine: {'line': b'-- Installing: /home/slam/r2_ws/lidar_ws/install/super_lio/share/super_lio/cmake/super_lio__rosidl_typesupport_introspection_cExport-release.cmake\n'}
[62.660615] (super_lio) StdoutLine: {'line': b'-- Installing: /home/slam/r2_ws/lidar_ws/install/super_lio/share/super_lio/cmake/super_lio__rosidl_typesupport_cExport.cmake\n'}
[62.660667] (super_lio) StdoutLine: {'line': b'-- Installing: /home/slam/r2_ws/lidar_ws/install/super_lio/share/super_lio/cmake/super_lio__rosidl_typesupport_cExport-release.cmake\n'}
[62.660721] (super_lio) StdoutLine: {'line': b'-- Installing: /home/slam/r2_ws/lidar_ws/install/super_lio/share/super_lio/cmake/export_super_lio__rosidl_generator_cppExport.cmake\n'}
[62.660776] (super_lio) StdoutLine: {'line': b'-- Installing: /home/slam/r2_ws/lidar_ws/install/super_lio/share/super_lio/cmake/export_super_lio__rosidl_typesupport_fastrtps_cppExport.cmake\n'}
[62.660826] (super_lio) StdoutLine: {'line': b'-- Installing: /home/slam/r2_ws/lidar_ws/install/super_lio/share/super_lio/cmake/export_super_lio__rosidl_typesupport_fastrtps_cppExport-release.cmake\n'}
[62.660893] (super_lio) StdoutLine: {'line': b'-- Installing: /home/slam/r2_ws/lidar_ws/install/super_lio/share/super_lio/cmake/super_lio__rosidl_typesupport_introspection_cppExport.cmake\n'}
[62.660944] (super_lio) StdoutLine: {'line': b'-- Installing: /home/slam/r2_ws/lidar_ws/install/super_lio/share/super_lio/cmake/super_lio__rosidl_typesupport_introspection_cppExport-release.cmake\n'}
[62.660998] (super_lio) StdoutLine: {'line': b'-- Installing: /home/slam/r2_ws/lidar_ws/install/super_lio/share/super_lio/cmake/super_lio__rosidl_typesupport_cppExport.cmake\n'}
[62.661047] (super_lio) StdoutLine: {'line': b'-- Installing: /home/slam/r2_ws/lidar_ws/install/super_lio/share/super_lio/cmake/super_lio__rosidl_typesupport_cppExport-release.cmake\n'}
[62.661103] (super_lio) StdoutLine: {'line': b'-- Installing: /home/slam/r2_ws/lidar_ws/install/super_lio/share/super_lio/cmake/export_super_lio__rosidl_generator_pyExport.cmake\n'}
[62.661155] (super_lio) StdoutLine: {'line': b'-- Installing: /home/slam/r2_ws/lidar_ws/install/super_lio/share/super_lio/cmake/export_super_lio__rosidl_generator_pyExport-release.cmake\n'}
[62.661205] (super_lio) StdoutLine: {'line': b'-- Installing: /home/slam/r2_ws/lidar_ws/install/super_lio/share/super_lio/cmake/rosidl_cmake-extras.cmake\n'}
[62.661253] (super_lio) StdoutLine: {'line': b'-- Installing: /home/slam/r2_ws/lidar_ws/install/super_lio/share/super_lio/cmake/ament_cmake_export_dependencies-extras.cmake\n'}
[62.661400] (super_lio) StdoutLine: {'line': b'-- Installing: /home/slam/r2_ws/lidar_ws/install/super_lio/share/super_lio/cmake/ament_cmake_export_include_directories-extras.cmake\n'}
[62.661449] (super_lio) StdoutLine: {'line': b'-- Installing: /home/slam/r2_ws/lidar_ws/install/super_lio/share/super_lio/cmake/ament_cmake_export_libraries-extras.cmake\n'}
[62.661501] (super_lio) StdoutLine: {'line': b'-- Installing: /home/slam/r2_ws/lidar_ws/install/super_lio/share/super_lio/cmake/ament_cmake_export_targets-extras.cmake\n'}
[62.661548] (super_lio) StdoutLine: {'line': b'-- Installing: /home/slam/r2_ws/lidar_ws/install/super_lio/share/super_lio/cmake/rosidl_cmake_export_typesupport_targets-extras.cmake\n'}
[62.661595] (super_lio) StdoutLine: {'line': b'-- Installing: /home/slam/r2_ws/lidar_ws/install/super_lio/share/super_lio/cmake/rosidl_cmake_export_typesupport_libraries-extras.cmake\n'}
[62.661642] (super_lio) StdoutLine: {'line': b'-- Installing: /home/slam/r2_ws/lidar_ws/install/super_lio/share/super_lio/cmake/rosidl_cmake_aggregate_target-extras.cmake\n'}
[62.661692] (super_lio) StdoutLine: {'line': b'-- Installing: /home/slam/r2_ws/lidar_ws/install/super_lio/share/super_lio/cmake/super_lioConfig.cmake\n'}
[62.661734] (super_lio) StdoutLine: {'line': b'-- Installing: /home/slam/r2_ws/lidar_ws/install/super_lio/share/super_lio/cmake/super_lioConfig-version.cmake\n'}
[62.661781] (super_lio) StdoutLine: {'line': b'-- Installing: /home/slam/r2_ws/lidar_ws/install/super_lio/share/super_lio/package.xml\n'}
[62.663260] (super_lio) CommandEnded: {'returncode': 0}
[62.673083] (super_lio) JobEnded: {'identifier': 'super_lio', 'rc': 0}
[62.673479] (-) EventReactorShutdown: {}
